{
    "subject_id": 1,
    "trial_id": 1,
    "eval_name": "global_flow_angle",
    "accuracy": 0.24876543209876542,
    "auroc": 0.5042522735355383,
    "n_train_samples": 3420,
    "n_test_samples": 3240,
    "classification_report": {
        "0": {
            "precision": 0.2360248447204969,
            "recall": 0.2345679012345679,
            "f1-score": 0.23529411764705882,
            "support": 810.0
        },
        "1": {
            "precision": 0.26642771804062126,
            "recall": 0.27530864197530863,
            "f1-score": 0.2707953855494839,
            "support": 810.0
        },
        "2": {
            "precision": 0.24646983311938384,
            "recall": 0.23703703703703705,
            "f1-score": 0.24166142227816237,
            "support": 810.0
        },
        "3": {
            "precision": 0.2454212454212454,
            "recall": 0.24814814814814815,
            "f1-score": 0.24677716390423574,
            "support": 810.0
        },
        "accuracy": 0.24876543209876542,
        "macro avg": {
            "precision": 0.24858591032543687,
            "recall": 0.24876543209876542,
            "f1-score": 0.2486320223447352,
            "support": 3240.0
        },
        "weighted avg": {
            "precision": 0.24858591032543687,
            "recall": 0.24876543209876542,
            "f1-score": 0.2486320223447352,
            "support": 3240.0
        }
    },
    "n_classes": 4,
    "auroc_per_class": {
        "class_0": 0.48507112736879543,
        "class_1": 0.5262312655591119,
        "class_2": 0.4995902555504751,
        "class_3": 0.5061164456637708
    }
}