{
    "subject_id": 6,
    "trial_id": 0,
    "eval_name": "word_part_speech",
    "k_folds": 5,
    "mean_accuracy": 0.2599250551819722,
    "std_accuracy": 0.020856961116036386,
    "fold_results": [
        {
            "fold": 1,
            "accuracy": 0.2809917355371901,
            "auroc": 0.5238857237742952,
            "n_train_samples": 1932,
            "n_test_samples": 484,
            "classification_report": {
                "0": {
                    "precision": 0.3125,
                    "recall": 0.23972602739726026,
                    "f1-score": 0.2713178294573643,
                    "support": 146.0
                },
                "1": {
                    "precision": 0.26,
                    "recall": 0.34210526315789475,
                    "f1-score": 0.29545454545454547,
                    "support": 114.0
                },
                "2": {
                    "precision": 0.20353982300884957,
                    "recall": 0.23469387755102042,
                    "f1-score": 0.21800947867298578,
                    "support": 98.0
                },
                "3": {
                    "precision": 0.3577981651376147,
                    "recall": 0.30952380952380953,
                    "f1-score": 0.33191489361702126,
                    "support": 126.0
                },
                "accuracy": 0.2809917355371901,
                "macro avg": {
                    "precision": 0.28345949703661605,
                    "recall": 0.2815122444074962,
                    "f1-score": 0.27917418680047923,
                    "support": 484.0
                },
                "weighted avg": {
                    "precision": 0.2898646104591048,
                    "recall": 0.2809917355371901,
                    "f1-score": 0.2819843528683692,
                    "support": 484.0
                }
            },
            "auroc_per_class": {
                "class_0": 0.517285401637351,
                "class_1": 0.5216808914177335,
                "class_2": 0.47493919847731836,
                "class_3": 0.5816374035647779
            }
        },
        {
            "fold": 2,
            "accuracy": 0.2401656314699793,
            "auroc": 0.5019711558593924,
            "n_train_samples": 1933,
            "n_test_samples": 483,
            "classification_report": {
                "0": {
                    "precision": 0.2773109243697479,
                    "recall": 0.28448275862068967,
                    "f1-score": 0.28085106382978725,
                    "support": 116.0
                },
                "1": {
                    "precision": 0.21641791044776118,
                    "recall": 0.23015873015873015,
                    "f1-score": 0.2230769230769231,
                    "support": 126.0
                },
                "2": {
                    "precision": 0.25862068965517243,
                    "recall": 0.24793388429752067,
                    "f1-score": 0.25316455696202533,
                    "support": 121.0
                },
                "3": {
                    "precision": 0.21052631578947367,
                    "recall": 0.2,
                    "f1-score": 0.20512820512820512,
                    "support": 120.0
                },
                "accuracy": 0.2401656314699793,
                "macro avg": {
                    "precision": 0.24071896006553878,
                    "recall": 0.2406438432692351,
                    "f1-score": 0.2405551872492352,
                    "support": 483.0
                },
                "weighted avg": {
                    "precision": 0.2401511082532534,
                    "recall": 0.2401656314699793,
                    "f1-score": 0.24003045904707518,
                    "support": 483.0
                }
            },
            "auroc_per_class": {
                "class_0": 0.5387108897867142,
                "class_1": 0.45976168245075805,
                "class_2": 0.5331035112551938,
                "class_3": 0.4763085399449035
            }
        },
        {
            "fold": 3,
            "accuracy": 0.2587991718426501,
            "auroc": 0.5014710703343856,
            "n_train_samples": 1933,
            "n_test_samples": 483,
            "classification_report": {
                "0": {
                    "precision": 0.17886178861788618,
                    "recall": 0.2,
                    "f1-score": 0.1888412017167382,
                    "support": 110.0
                },
                "1": {
                    "precision": 0.2719298245614035,
                    "recall": 0.248,
                    "f1-score": 0.2594142259414226,
                    "support": 125.0
                },
                "2": {
                    "precision": 0.3046875,
                    "recall": 0.312,
                    "f1-score": 0.308300395256917,
                    "support": 125.0
                },
                "3": {
                    "precision": 0.2796610169491525,
                    "recall": 0.2682926829268293,
                    "f1-score": 0.27385892116182575,
                    "support": 123.0
                },
                "accuracy": 0.2587991718426501,
                "macro avg": {
                    "precision": 0.25878503253211055,
                    "recall": 0.2570731707317073,
                    "f1-score": 0.2576036860192259,
                    "support": 483.0
                },
                "weighted avg": {
                    "precision": 0.2611806778527716,
                    "recall": 0.2587991718426501,
                    "f1-score": 0.25967185743589694,
                    "support": 483.0
                }
            },
            "auroc_per_class": {
                "class_0": 0.5057762612722398,
                "class_1": 0.4938212290502793,
                "class_2": 0.5151508379888268,
                "class_3": 0.49113595302619695
            }
        },
        {
            "fold": 4,
            "accuracy": 0.2857142857142857,
            "auroc": 0.5233418814933883,
            "n_train_samples": 1933,
            "n_test_samples": 483,
            "classification_report": {
                "0": {
                    "precision": 0.2949640287769784,
                    "recall": 0.35964912280701755,
                    "f1-score": 0.3241106719367589,
                    "support": 114.0
                },
                "1": {
                    "precision": 0.2564102564102564,
                    "recall": 0.25,
                    "f1-score": 0.25316455696202533,
                    "support": 120.0
                },
                "2": {
                    "precision": 0.312,
                    "recall": 0.30952380952380953,
                    "f1-score": 0.3107569721115538,
                    "support": 126.0
                },
                "3": {
                    "precision": 0.27450980392156865,
                    "recall": 0.22764227642276422,
                    "f1-score": 0.24888888888888888,
                    "support": 123.0
                },
                "accuracy": 0.2857142857142857,
                "macro avg": {
                    "precision": 0.2844710222772009,
                    "recall": 0.2867038021883978,
                    "f1-score": 0.28423027247480676,
                    "support": 483.0
                },
                "weighted avg": {
                    "precision": 0.28462077832745186,
                    "recall": 0.2857142857142857,
                    "f1-score": 0.28384487630563704,
                    "support": 483.0
                }
            },
            "auroc_per_class": {
                "class_0": 0.5517044644130652,
                "class_1": 0.5074380165289256,
                "class_2": 0.537770663821084,
                "class_3": 0.4964543812104788
            }
        },
        {
            "fold": 5,