{
    "subject_id": 7,
    "trial_id": 1,
    "eval_name": "delta_volume",
    "k_folds": 5,
    "mean_accuracy": 0.6788203003443994,
    "std_accuracy": 0.017389696099184143,
    "fold_results": [
        {
            "fold": 1,
            "accuracy": 0.6839565741857659,
            "auroc": 0.7390602081441643,
            "n_train_samples": 3312,
            "n_test_samples": 829,
            "classification_report": {
                "0": {
                    "precision": 0.6982097186700768,
                    "recall": 0.6546762589928058,
                    "f1-score": 0.6757425742574258,
                    "support": 417.0
                },
                "1": {
                    "precision": 0.6712328767123288,
                    "recall": 0.7135922330097088,
                    "f1-score": 0.691764705882353,
                    "support": 412.0
                },
                "accuracy": 0.6839565741857659,
                "macro avg": {
                    "precision": 0.6847212976912027,
                    "recall": 0.6841342460012573,
                    "f1-score": 0.6837536400698894,
                    "support": 829.0
                },
                "weighted avg": {
                    "precision": 0.684802651255611,
                    "recall": 0.6839565741857659,
                    "f1-score": 0.683705322423252,
                    "support": 829.0
                }
            }
        },
        {
            "fold": 2,
            "accuracy": 0.677536231884058,
            "auroc": 0.717958980951268,
            "n_train_samples": 3313,
            "n_test_samples": 828,
            "classification_report": {
                "0": {
                    "precision": 0.6834733893557423,
                    "recall": 0.6130653266331658,
                    "f1-score": 0.6463576158940397,
                    "support": 398.0
                },
                "1": {
                    "precision": 0.673036093418259,
                    "recall": 0.7372093023255814,
                    "f1-score": 0.7036625971143174,
                    "support": 430.0
                },
                "accuracy": 0.677536231884058,
                "macro avg": {
                    "precision": 0.6782547413870006,
                    "recall": 0.6751373144793735,
                    "f1-score": 0.6750101065041786,
                    "support": 828.0
                },
                "weighted avg": {
                    "precision": 0.6780530545089817,
                    "recall": 0.677536231884058,
                    "f1-score": 0.6761174491364544,
                    "support": 828.0
                }
            }
        },
        {
            "fold": 3,
            "accuracy": 0.7041062801932367,
            "auroc": 0.7418221503732192,
            "n_train_samples": 3313,
            "n_test_samples": 828,
            "classification_report": {
                "0": {
                    "precision": 0.7125603864734299,
                    "recall": 0.7007125890736342,
                    "f1-score": 0.7065868263473054,
                    "support": 421.0
                },
                "1": {
                    "precision": 0.6956521739130435,
                    "recall": 0.7076167076167076,
                    "f1-score": 0.7015834348355664,
                    "support": 407.0
                },
                "accuracy": 0.7041062801932367,
                "macro avg": {
                    "precision": 0.7041062801932367,
                    "recall": 0.7041646483451709,
                    "f1-score": 0.704085130591436,
                    "support": 828.0
                },
                "weighted avg": {
                    "precision": 0.7042492240192302,
                    "recall": 0.7041062801932367,
                    "f1-score": 0.7041274297950376,
                    "support": 828.0
                }
            }
        },
        {
            "fold": 4,
            "accuracy": 0.6497584541062802,
            "auroc": 0.6958590534979423,
            "n_train_samples": 3313,
            "n_test_samples": 828,
            "classification_report": {
                "0": {
                    "precision": 0.713855421686747,
                    "recall": 0.5486111111111112,
                    "f1-score": 0.6204188481675392,
                    "support": 432.0
                },
                "1": {
                    "precision": 0.6068548387096774,
                    "recall": 0.76010101010101,
                    "f1-score": 0.6748878923766816,
                    "support": 396.0
                },
                "accuracy": 0.6497584541062802,
                "macro avg": {
                    "precision": 0.6603551301982122,
                    "recall": 0.6543560606060606,
                    "f1-score": 0.6476533702721103,
                    "support": 828.0
                },
                "weighted avg": {
                    "precision": 0.6626812298281485,
                    "recall": 0.6497584541062802,
                    "f1-score": 0.6464692606153898,
                    "support": 828.0
                }
            }
        },
        {
            "fold": 5,
            "accuracy": 0.678743961352657,
            "auroc": 0.7212932418625019,
            "n_train_samples": 3313,
            "n_test_samples": 828,
            "classification_report": {
                "0": {
                    "precision": 0.6788511749347258,
                    "recall": 0.6451612903225806,
                    "f1-score": 0.6615776081424937,
                    "support": 403.0
                },
                "1": {
                    "precision": 0.6786516853932584,
                    "recall": 0.7105882352941176,
                    "f1-score": 0.6942528735632184,
                    "support": 425.0
                },
                "accuracy": 0.678743961352657,
                "macro avg": {
                    "precision": 0.6787514301639921,
                    "recall": 0.6778747628083491,
                    "f1-score": 0.677915240852856,
                    "support": 828.0
                },
                "weighted avg": {
                    "precision": 0.6787487799406151,
                    "recall": 0.678743961352657,
                    "f1-score": 0.678349332543228,
                    "support": 828.0
                }
            }
        }
    ],
    "n_classes": 2
}