{
    "subject_id": 2,
    "trial_id": 2,
    "eval_name": "pitch",
    "k_folds": 5,
    "mean_accuracy": 0.500902836222169,
    "std_accuracy": 0.01912999544839598,
    "fold_results": [
        {
            "fold": 1,
            "accuracy": 0.4641943734015345,
            "auroc": 0.47581328594860584,
            "n_train_samples": 3125,
            "n_test_samples": 782,
            "classification_report": {
                "0": {
                    "precision": 0.36476426799007444,
                    "recall": 0.47419354838709676,
                    "f1-score": 0.4123422159887798,
                    "support": 310.0
                },
                "1": {
                    "precision": 0.5699208443271768,
                    "recall": 0.4576271186440678,
                    "f1-score": 0.5076380728554641,
                    "support": 472.0
                },
                "accuracy": 0.4641943734015345,
                "macro avg": {
                    "precision": 0.46734255615862563,
                    "recall": 0.4659103335155823,
                    "f1-score": 0.45999014442212194,
                    "support": 782.0
                },
                "weighted avg": {
                    "precision": 0.48859278976899045,
                    "recall": 0.4641943734015345,
                    "f1-score": 0.4698609428955254,
                    "support": 782.0
                }
            }
        },
        {
            "fold": 2,
            "accuracy": 0.510230179028133,
            "auroc": 0.5079842306467028,
            "n_train_samples": 3125,
            "n_test_samples": 782,
            "classification_report": {
                "0": {
                    "precision": 0.5576519916142557,
                    "recall": 0.6073059360730594,
                    "f1-score": 0.5814207650273224,
                    "support": 438.0
                },
                "1": {
                    "precision": 0.4360655737704918,
                    "recall": 0.3866279069767442,
                    "f1-score": 0.4098613251155624,
                    "support": 344.0
                },
                "accuracy": 0.510230179028133,
                "macro avg": {
                    "precision": 0.49685878269237377,
                    "recall": 0.4969669215249018,
                    "f1-score": 0.4956410450714424,
                    "support": 782.0
                },
                "weighted avg": {
                    "precision": 0.504166406271219,
                    "recall": 0.510230179028133,
                    "f1-score": 0.5059521623039906,
                    "support": 782.0
                }
            }
        },
        {
            "fold": 3,
            "accuracy": 0.5198463508322664,
            "auroc": 0.4980171757228773,
            "n_train_samples": 3126,
            "n_test_samples": 781,
            "classification_report": {
                "0": {
                    "precision": 0.5025125628140703,
                    "recall": 0.5305039787798409,
                    "f1-score": 0.5161290322580645,
                    "support": 377.0
                },
                "1": {
                    "precision": 0.5378590078328982,
                    "recall": 0.5099009900990099,
                    "f1-score": 0.5235069885641678,
                    "support": 404.0
                },
                "accuracy": 0.5198463508322664,
                "macro avg": {
                    "precision": 0.5201857853234843,
                    "recall": 0.5202024844394254,
                    "f1-score": 0.5198180104111161,
                    "support": 781.0
                },
                "weighted avg": {
                    "precision": 0.5207967674076764,
                    "recall": 0.5198463508322664,
                    "f1-score": 0.5199455423062921,
                    "support": 781.0
                }
            }
        },
        {
            "fold": 4,
            "accuracy": 0.5057618437900128,
            "auroc": 0.5138967971530249,
            "n_train_samples": 3126,
            "n_test_samples": 781,
            "classification_report": {
                "0": {
                    "precision": 0.6583333333333333,
                    "recall": 0.474,
                    "f1-score": 0.5511627906976744,
                    "support": 500.0
                },
                "1": {
                    "precision": 0.3752969121140142,
                    "recall": 0.5622775800711743,
                    "f1-score": 0.45014245014245013,
                    "support": 281.0
                },
                "accuracy": 0.5057618437900128,
                "macro avg": {
                    "precision": 0.5168151227236738,
                    "recall": 0.5181387900355872,
                    "f1-score": 0.5006526204200623,
                    "support": 781.0
                },
                "weighted avg": {
                    "precision": 0.5564982061084567,
                    "recall": 0.5057618437900128,
                    "f1-score": 0.5148161636861277,
                    "support": 781.0
                }
            }
        },
        {
            "fold": 5,
            "accuracy": 0.5044814340588989,
            "auroc": 0.5188490195551013,
            "n_train_samples": 3126,
            "n_test_samples": 781,
            "classification_report": {
                "0": {
                    "precision": 0.4263959390862944,
                    "recall": 0.5106382978723404,
                    "f1-score": 0.46473029045643155,
                    "support": 329.0
                },
                "1": {
                    "precision": 0.5839793281653747,
                    "recall": 0.5,
                    "f1-score": 0.5387365911799762,
                    "support": 452.0
                },
                "accuracy": 0.5044814340588989,
                "macro avg": {
                    "precision": 0.5051876336258345,
                    "recall": 0.5053191489361701,
                    "f1-score": 0.5017334408182039,
                    "support": 781.0
                },
                "weighted avg": {
                    "precision": 0.517596568873419,
                    "recall": 0.5044814340588989,
                    "f1-score": 0.5075610816562295,
                    "support": 781.0
                }
            }
        }
    ],
    "n_classes": 2
}