{
    "subject_id": 10,
    "trial_id": 0,
    "eval_name": "face_num",
    "k_folds": 5,
    "mean_accuracy": 0.332269442996567,
    "std_accuracy": 0.012345136823959131,
    "fold_results": [
        {
            "fold": 1,
            "accuracy": 0.3252118644067797,
            "auroc": 0.477396830680995,
            "n_train_samples": 3775,
            "n_test_samples": 944,
            "classification_report": {
                "0": {
                    "precision": 0.3566084788029925,
                    "recall": 0.40625,
                    "f1-score": 0.3798140770252324,
                    "support": 352.0
                },
                "1": {
                    "precision": 0.3352941176470588,
                    "recall": 0.3475609756097561,
                    "f1-score": 0.3413173652694611,
                    "support": 328.0
                },
                "2": {
                    "precision": 0.24630541871921183,
                    "recall": 0.1893939393939394,
                    "f1-score": 0.21413276231263384,
                    "support": 264.0
                },
                "accuracy": 0.3252118644067797,
                "macro avg": {
                    "precision": 0.3127360050564211,
                    "recall": 0.31440163833456514,
                    "f1-score": 0.31175473486910915,
                    "support": 944.0
                },
                "weighted avg": {
                    "precision": 0.31835517549656844,
                    "recall": 0.3252118644067797,
                    "f1-score": 0.3201034959447038,
                    "support": 944.0
                }
            },
            "auroc_per_class": {
                "class_0": 0.4840102886977887,
                "class_1": 0.5073992318656952,
                "class_2": 0.4407809714795009
            }
        },
        {
            "fold": 2,
            "accuracy": 0.3463983050847458,
            "auroc": 0.5103462820766899,
            "n_train_samples": 3775,
            "n_test_samples": 944,
            "classification_report": {
                "0": {
                    "precision": 0.5068027210884354,
                    "recall": 0.3425287356321839,
                    "f1-score": 0.40877914951989025,
                    "support": 435.0
                },
                "1": {
                    "precision": 0.35714285714285715,
                    "recall": 0.38079470198675497,
                    "f1-score": 0.3685897435897436,
                    "support": 302.0
                },
                "2": {
                    "precision": 0.19207317073170732,
                    "recall": 0.30434782608695654,
                    "f1-score": 0.23551401869158878,
                    "support": 207.0
                },
                "accuracy": 0.3463983050847458,
                "macro avg": {
                    "precision": 0.3520062496543333,
                    "recall": 0.3425570879019651,
                    "f1-score": 0.3376276372670742,
                    "support": 944.0
                },
                "weighted avg": {
                    "precision": 0.38991045855092765,
                    "recall": 0.3463983050847458,
                    "f1-score": 0.3579284263500145,
                    "support": 944.0
                }
            },
            "auroc_per_class": {
                "class_0": 0.5212564641058646,
                "class_1": 0.5410915805326896,
                "class_2": 0.4686908015915154
            }
        },
        {
            "fold": 3,
            "accuracy": 0.3400423728813559,
            "auroc": 0.4976004918644696,
            "n_train_samples": 3775,
            "n_test_samples": 944,
            "classification_report": {
                "0": {
                    "precision": 0.3708206686930091,
                    "recall": 0.35988200589970504,
                    "f1-score": 0.3652694610778443,
                    "support": 339.0
                },
                "1": {
                    "precision": 0.313915857605178,
                    "recall": 0.32441471571906355,
                    "f1-score": 0.3190789473684211,
                    "support": 299.0
                },
                "2": {
                    "precision": 0.3333333333333333,
                    "recall": 0.3333333333333333,
                    "f1-score": 0.3333333333333333,
                    "support": 306.0
                },
                "accuracy": 0.3400423728813559,
                "macro avg": {
                    "precision": 0.3393566198771734,
                    "recall": 0.33921001831736725,
                    "f1-score": 0.33922724725986625,
                    "support": 944.0
                },
                "weighted avg": {
                    "precision": 0.3406451780835575,
                    "recall": 0.3400423728813559,
                    "f1-score": 0.3402870260260033,
                    "support": 944.0
                }
            },
            "auroc_per_class": {
                "class_0": 0.49442941076086694,
                "class_1": 0.5129294029192917,
                "class_2": 0.48544266191325014
            }
        },
        {
            "fold": 4,
            "accuracy": 0.3379237288135593,
            "auroc": 0.49203008127425135,
            "n_train_samples": 3775,
            "n_test_samples": 944,
            "classification_report": {
                "0": {
                    "precision": 0.2052980132450331,
                    "recall": 0.28440366972477066,
                    "f1-score": 0.23846153846153847,
                    "support": 218.0
                },
                "1": {
                    "precision": 0.3672316384180791,
                    "recall": 0.4180064308681672,
                    "f1-score": 0.39097744360902253,
                    "support": 311.0
                },
                "2": {
                    "precision": 0.4409722222222222,
                    "recall": 0.3060240963855422,
                    "f1-score": 0.3613086770981508,
                    "support": 415.0
                },
                "accuracy": 0.3379237288135593,
                "macro avg": {
                    "precision": 0.3378339579617782,
                    "recall": 0.33614473232616,
                    "f1-score": 0.33024921972290394,
                    "support": 944.0
                },
                "weighted avg": {
                    "precision": 0.36225368501870975,
                    "recall": 0.3379237288135593,
                    "f1-score": 0.3427136666766462,
                    "support": 944.0
                }
            },
            "auroc_per_class": {
                "class_0": 0.4689956276695226,
                "class_1": 0.5305009067219335,
                "class_2": 0.476593709431298
            }
        },
        {
            "fold": 5,
            "accuracy": 0.3117709437963945,
            "auroc": 0.5077034967643425,
            "n_train_samples": 3776,
            "n_test_samples": 943,
            "classification_report": {
                "0": {
                    "precision": 0.2219178082191781,
                    "recall": 0.3537117903930131,
                    "f1-score": 0.2727272727272727,
                    "support": 229.0
                },
                "1": {
                    "precision": 0.35668789808917195,
                    "recall": 0.33633633633633636,
                    "f1-score": 0.3462132921174652,
                    "support": 333.0
                },
                "2": {
                    "precision": 0.38257575757575757,
                    "recall": 0.2650918635170604,
                    "f1-score": 0.31317829457364343,
                    "support": 381.0
                },
                "accuracy": 0.3117709437963945,
                "macro avg": {
                    "precision": 0.32039382129470256,