{
    "subject_id": 10,
    "trial_id": 0,
    "eval_name": "word_index",
    "k_folds": 5,
    "mean_accuracy": 0.3055818385785455,
    "std_accuracy": 0.01603376005137165,
    "fold_results": [
        {
            "fold": 1,
            "accuracy": 0.2854006586169045,
            "auroc": 0.5537983125384043,
            "n_train_samples": 3641,
            "n_test_samples": 911,
            "classification_report": {
                "0": {
                    "precision": 0.2845528455284553,
                    "recall": 0.319634703196347,
                    "f1-score": 0.3010752688172043,
                    "support": 219.0
                },
                "1": {
                    "precision": 0.2978723404255319,
                    "recall": 0.3167420814479638,
                    "f1-score": 0.30701754385964913,
                    "support": 221.0
                },
                "2": {
                    "precision": 0.25,
                    "recall": 0.22317596566523606,
                    "f1-score": 0.23582766439909297,
                    "support": 233.0
                },
                "3": {
                    "precision": 0.3063063063063063,
                    "recall": 0.2857142857142857,
                    "f1-score": 0.2956521739130435,
                    "support": 238.0
                },
                "accuracy": 0.2854006586169045,
                "macro avg": {
                    "precision": 0.28468287306507334,
                    "recall": 0.2863167590059581,
                    "f1-score": 0.28489316274724746,
                    "support": 911.0
                },
                "weighted avg": {
                    "precision": 0.28462981482510996,
                    "recall": 0.2854006586169045,
                    "f1-score": 0.28441210127359307,
                    "support": 911.0
                }
            },
            "auroc_per_class": {
                "class_0": 0.5774243144086362,
                "class_1": 0.5583251360744967,
                "class_2": 0.5301505311000544,
                "class_3": 0.5492932685704297
            }
        },
        {
            "fold": 2,
            "accuracy": 0.3172338090010977,
            "auroc": 0.5727075570533797,
            "n_train_samples": 3641,
            "n_test_samples": 911,
            "classification_report": {
                "0": {
                    "precision": 0.4190871369294606,
                    "recall": 0.4225941422594142,
                    "f1-score": 0.42083333333333334,
                    "support": 239.0
                },
                "1": {
                    "precision": 0.2930232558139535,
                    "recall": 0.2647058823529412,
                    "f1-score": 0.2781456953642384,
                    "support": 238.0
                },
                "2": {
                    "precision": 0.2672811059907834,
                    "recall": 0.25,
                    "f1-score": 0.2583518930957684,
                    "support": 232.0
                },
                "3": {
                    "precision": 0.2815126050420168,
                    "recall": 0.3316831683168317,
                    "f1-score": 0.30454545454545456,
                    "support": 202.0
                },
                "accuracy": 0.3172338090010977,
                "macro avg": {
                    "precision": 0.3152260259440536,
                    "recall": 0.31724579823229676,
                    "f1-score": 0.3154690940846987,
                    "support": 911.0
                },
                "weighted avg": {
                    "precision": 0.3169880608322845,
                    "recall": 0.3172338090010977,
                    "f1-score": 0.3163926050271739,
                    "support": 911.0
                }
            },
            "auroc_per_class": {
                "class_0": 0.6454441870890616,
                "class_1": 0.5385674329167031,
                "class_2": 0.5069638413488395,
                "class_3": 0.5998547668589145
            }
        },
        {
            "fold": 3,
            "accuracy": 0.2879120879120879,
            "auroc": 0.5501871953077084,
            "n_train_samples": 3642,
            "n_test_samples": 910,
            "classification_report": {
                "0": {
                    "precision": 0.3185483870967742,
                    "recall": 0.3542600896860987,
                    "f1-score": 0.3354564755838641,
                    "support": 223.0
                },
                "1": {
                    "precision": 0.23580786026200873,
                    "recall": 0.2488479262672811,
                    "f1-score": 0.242152466367713,
                    "support": 217.0
                },
                "2": {
                    "precision": 0.2679425837320574,
                    "recall": 0.2445414847161572,
                    "f1-score": 0.2557077625570776,
                    "support": 229.0
                },
                "3": {
                    "precision": 0.32589285714285715,
                    "recall": 0.3029045643153527,
                    "f1-score": 0.3139784946236559,
                    "support": 241.0
                },
                "accuracy": 0.2879120879120879,
                "macro avg": {
                    "precision": 0.2870479220584244,
                    "recall": 0.28763851624622244,
                    "f1-score": 0.28682379978307765,
                    "support": 910.0
                },
                "weighted avg": {
                    "precision": 0.2880281607093475,
                    "recall": 0.2879120879120879,
                    "f1-score": 0.2874503011943596,
                    "support": 910.0
                }
            },
            "auroc_per_class": {
                "class_0": 0.5693337510851757,
                "class_1": 0.5108923334729787,
                "class_2": 0.546354898075653,
                "class_3": 0.5741677985970266
            }
        },
        {
            "fold": 4,
            "accuracy": 0.3120879120879121,
            "auroc": 0.5637702619922833,
            "n_train_samples": 3642,
            "n_test_samples": 910,
            "classification_report": {
                "0": {
                    "precision": 0.31007751937984496,
                    "recall": 0.37209302325581395,
                    "f1-score": 0.3382663847780127,
                    "support": 215.0
                },
                "1": {
                    "precision": 0.3101851851851852,
                    "recall": 0.28270042194092826,
                    "f1-score": 0.2958057395143488,
                    "support": 237.0
                },
                "2": {
                    "precision": 0.2850467289719626,
                    "recall": 0.2863849765258216,
                    "f1-score": 0.2857142857142857,
                    "support": 213.0
                },
                "3": {
                    "precision": 0.34234234234234234,
                    "recall": 0.31020408163265306,
                    "f1-score": 0.32548179871520344,
                    "support": 245.0
                },
                "accuracy": 0.3120879120879121,
                "macro avg": {
                    "precision": 0.31191294396983377,
                    "recall": 0.3128456258388042,
                    "f1-score": 0.3113170521804627,
                    "support": 910.0
                },
                "weighted avg": {
                    "precision": 0.3129333875829203,
                    "recall": 0.3120879120879121,
                    "f1-score": 0.3114652928951001,
                    "support": 910.0
                }
            },
            "auroc_per_class": {
                "class_0": 0.5989961519156768,
                "class_1": 0.5530968457878007,
                "class_2": 0.5305467429156479,