{
    "subject_id": 6,
    "trial_id": 0,
    "eval_name": "local_flow",
    "k_folds": 5,
    "mean_accuracy": 0.4992736336122485,
    "std_accuracy": 0.02743676142646492,
    "fold_results": [
        {
            "fold": 1,
            "accuracy": 0.48905109489051096,
            "auroc": 0.48699914748508105,
            "n_train_samples": 1640,
            "n_test_samples": 411,
            "classification_report": {
                "0": {
                    "precision": 0.4852941176470588,
                    "recall": 0.4852941176470588,
                    "f1-score": 0.4852941176470588,
                    "support": 204.0
                },
                "1": {
                    "precision": 0.4927536231884058,
                    "recall": 0.4927536231884058,
                    "f1-score": 0.4927536231884058,
                    "support": 207.0
                },
                "accuracy": 0.48905109489051096,
                "macro avg": {
                    "precision": 0.4890238704177323,
                    "recall": 0.4890238704177323,
                    "f1-score": 0.4890238704177323,
                    "support": 411.0
                },
                "weighted avg": {
                    "precision": 0.48905109489051096,
                    "recall": 0.48905109489051096,
                    "f1-score": 0.48905109489051096,
                    "support": 411.0
                }
            }
        },
        {
            "fold": 2,
            "accuracy": 0.48048780487804876,
            "auroc": 0.45882352941176463,
            "n_train_samples": 1641,
            "n_test_samples": 410,
            "classification_report": {
                "0": {
                    "precision": 0.35784313725490197,
                    "recall": 0.47096774193548385,
                    "f1-score": 0.40668523676880225,
                    "support": 155.0
                },
                "1": {
                    "precision": 0.6019417475728155,
                    "recall": 0.48627450980392156,
                    "f1-score": 0.5379609544468547,
                    "support": 255.0
                },
                "accuracy": 0.48048780487804876,
                "macro avg": {
                    "precision": 0.47989244241385876,
                    "recall": 0.47862112586970273,
                    "f1-score": 0.4723230956078285,
                    "support": 410.0
                },
                "weighted avg": {
                    "precision": 0.5096605656233604,
                    "recall": 0.48048780487804876,
                    "f1-score": 0.4883323294710056,
                    "support": 410.0
                }
            }
        },
        {
            "fold": 3,
            "accuracy": 0.5414634146341464,
            "auroc": 0.5365641025641026,
            "n_train_samples": 1641,
            "n_test_samples": 410,
            "classification_report": {
                "0": {
                    "precision": 0.6782178217821783,
                    "recall": 0.5269230769230769,
                    "f1-score": 0.5930735930735931,
                    "support": 260.0
                },
                "1": {
                    "precision": 0.40865384615384615,
                    "recall": 0.5666666666666667,
                    "f1-score": 0.4748603351955307,
                    "support": 150.0
                },
                "accuracy": 0.5414634146341464,
                "macro avg": {
                    "precision": 0.5434358339680122,
                    "recall": 0.5467948717948719,
                    "f1-score": 0.5339669641345619,
                    "support": 410.0
                },
                "weighted avg": {
                    "precision": 0.5795968550888859,
                    "recall": 0.5414634146341464,
                    "f1-score": 0.5498248401913751,
                    "support": 410.0
                }
            }
        },
        {
            "fold": 4,
            "accuracy": 0.4658536585365854,
            "auroc": 0.4617396358000775,
            "n_train_samples": 1641,
            "n_test_samples": 410,
            "classification_report": {
                "0": {
                    "precision": 0.5317073170731708,
                    "recall": 0.4698275862068966,
                    "f1-score": 0.4988558352402746,
                    "support": 232.0
                },
                "1": {
                    "precision": 0.4,
                    "recall": 0.4606741573033708,
                    "f1-score": 0.4281984334203655,
                    "support": 178.0
                },
                "accuracy": 0.4658536585365854,
                "macro avg": {
                    "precision": 0.4658536585365854,
                    "recall": 0.4652508717551337,
                    "f1-score": 0.46352713433032006,
                    "support": 410.0
                },
                "weighted avg": {
                    "precision": 0.47452706722189175,
                    "recall": 0.4658536585365854,
                    "f1-score": 0.46818018274285067,
                    "support": 410.0
                }
            }
        },
        {
            "fold": 5,
            "accuracy": 0.5195121951219512,
            "auroc": 0.5292644376899696,
            "n_train_samples": 1641,
            "n_test_samples": 410,
            "classification_report": {
                "0": {
                    "precision": 0.44660194174757284,
                    "recall": 0.5257142857142857,
                    "f1-score": 0.48293963254593175,
                    "support": 175.0
                },
                "1": {
                    "precision": 0.5931372549019608,
                    "recall": 0.5148936170212766,
                    "f1-score": 0.55125284738041,
                    "support": 235.0
                },
                "accuracy": 0.5195121951219512,
                "macro avg": {
                    "precision": 0.5198695983247668,
                    "recall": 0.5203039513677812,
                    "f1-score": 0.5170962399631709,
                    "support": 410.0
                },
                "weighted avg": {
                    "precision": 0.5305916944092341,
                    "recall": 0.5195121951219512,
                    "f1-score": 0.5220947678778888,
                    "support": 410.0
                }
            }
        }
    ],
    "n_classes": 2
}