{
    "subject_id": 7,
    "trial_id": 0,
    "eval_name": "speech",
    "k_folds": 5,
    "mean_accuracy": 0.5541197923812137,
    "std_accuracy": 0.03387501053097444,
    "fold_results": [
        {
            "fold": 1,
            "accuracy": 0.5760135135135135,
            "auroc": 0.5856350438276113,
            "n_train_samples": 2364,
            "n_test_samples": 592,
            "classification_report": {
                "0": {
                    "precision": 0.5613079019073569,
                    "recall": 0.6959459459459459,
                    "f1-score": 0.6214177978883861,
                    "support": 296.0
                },
                "1": {
                    "precision": 0.6,
                    "recall": 0.4560810810810811,
                    "f1-score": 0.5182341650671785,
                    "support": 296.0
                },
                "accuracy": 0.5760135135135135,
                "macro avg": {
                    "precision": 0.5806539509536784,
                    "recall": 0.5760135135135135,
                    "f1-score": 0.5698259814777823,
                    "support": 592.0
                },
                "weighted avg": {
                    "precision": 0.5806539509536784,
                    "recall": 0.5760135135135135,
                    "f1-score": 0.5698259814777823,
                    "support": 592.0
                }
            }
        },
        {
            "fold": 2,
            "accuracy": 0.5752961082910322,
            "auroc": 0.6024622079706826,
            "n_train_samples": 2365,
            "n_test_samples": 591,
            "classification_report": {
                "0": {
                    "precision": 0.563953488372093,
                    "recall": 0.6576271186440678,
                    "f1-score": 0.6071987480438185,
                    "support": 295.0
                },
                "1": {
                    "precision": 0.5910931174089069,
                    "recall": 0.49324324324324326,
                    "f1-score": 0.5377532228360957,
                    "support": 296.0
                },
                "accuracy": 0.5752961082910322,
                "macro avg": {
                    "precision": 0.5775233028905,
                    "recall": 0.5754351809436555,
                    "f1-score": 0.572475985439957,
                    "support": 591.0
                },
                "weighted avg": {
                    "precision": 0.5775462636595667,
                    "recall": 0.5752961082910322,
                    "f1-score": 0.5724172328805597,
                    "support": 591.0
                }
            }
        },
        {
            "fold": 3,
            "accuracy": 0.49238578680203043,
            "auroc": 0.49706252863032524,
            "n_train_samples": 2365,
            "n_test_samples": 591,
            "classification_report": {
                "0": {
                    "precision": 0.491869918699187,
                    "recall": 0.40878378378378377,
                    "f1-score": 0.44649446494464945,
                    "support": 296.0
                },
                "1": {
                    "precision": 0.4927536231884058,
                    "recall": 0.576271186440678,
                    "f1-score": 0.53125,
                    "support": 295.0
                },
                "accuracy": 0.49238578680203043,
                "macro avg": {
                    "precision": 0.4923117709437964,
                    "recall": 0.4925274851122309,
                    "f1-score": 0.4888722324723247,
                    "support": 591.0
                },
                "weighted avg": {
                    "precision": 0.4923110233088647,
                    "recall": 0.49238578680203043,
                    "f1-score": 0.4888005272819225,
                    "support": 591.0
                }
            }
        },
        {
            "fold": 4,
            "accuracy": 0.5431472081218274,
            "auroc": 0.5656207054512139,
            "n_train_samples": 2365,
            "n_test_samples": 591,
            "classification_report": {
                "0": {
                    "precision": 0.5475285171102662,
                    "recall": 0.488135593220339,
                    "f1-score": 0.5161290322580645,
                    "support": 295.0
                },
                "1": {
                    "precision": 0.5396341463414634,
                    "recall": 0.597972972972973,
                    "f1-score": 0.5673076923076923,
                    "support": 296.0
                },
                "accuracy": 0.5431472081218274,
                "macro avg": {
                    "precision": 0.5435813317258649,
                    "recall": 0.543054283096656,
                    "f1-score": 0.5417183622828784,
                    "support": 591.0
                },
                "weighted avg": {
                    "precision": 0.5435746529011872,
                    "recall": 0.5431472081218274,
                    "f1-score": 0.5417616606416344,
                    "support": 591.0
                }
            }
        },
        {
            "fold": 5,
            "accuracy": 0.583756345177665,
            "auroc": 0.6149679340357306,
            "n_train_samples": 2365,
            "n_test_samples": 591,
            "classification_report": {
                "0": {
                    "precision": 0.5850340136054422,
                    "recall": 0.581081081081081,
                    "f1-score": 0.5830508474576271,
                    "support": 296.0
                },
                "1": {
                    "precision": 0.5824915824915825,
                    "recall": 0.5864406779661017,
                    "f1-score": 0.5844594594594594,
                    "support": 295.0
                },
                "accuracy": 0.583756345177665,
                "macro avg": {
                    "precision": 0.5837627980485123,
                    "recall": 0.5837608795235913,
                    "f1-score": 0.5837551534585432,
                    "support": 591.0
                },
                "weighted avg": {
                    "precision": 0.5837649490054614,
                    "recall": 0.583756345177665,
                    "f1-score": 0.5837539617394216,
                    "support": 591.0
                }
            }
        }
    ],
    "n_classes": 2
}