{
    "subject_id": 10,
    "trial_id": 0,
    "eval_name": "global_flow",
    "k_folds": 5,
    "mean_accuracy": 0.513014814776856,
    "std_accuracy": 0.0224914707593845,
    "fold_results": [
        {
            "fold": 1,
            "accuracy": 0.47850678733031676,
            "auroc": 0.4856292636658797,
            "n_train_samples": 3535,
            "n_test_samples": 884,
            "classification_report": {
                "0": {
                    "precision": 0.5469483568075117,
                    "recall": 0.46506986027944114,
                    "f1-score": 0.5026968716289104,
                    "support": 501.0
                },
                "1": {
                    "precision": 0.4148471615720524,
                    "recall": 0.4960835509138381,
                    "f1-score": 0.4518430439952438,
                    "support": 383.0
                },
                "accuracy": 0.47850678733031676,
                "macro avg": {
                    "precision": 0.48089775918978206,
                    "recall": 0.4805767055966396,
                    "f1-score": 0.4772699578120771,
                    "support": 884.0
                },
                "weighted avg": {
                    "precision": 0.4897144679215605,
                    "recall": 0.47850678733031676,
                    "f1-score": 0.480664048117944,
                    "support": 884.0
                }
            }
        },
        {
            "fold": 2,
            "accuracy": 0.5147058823529411,
            "auroc": 0.5297362479474548,
            "n_train_samples": 3535,
            "n_test_samples": 884,
            "classification_report": {
                "0": {
                    "precision": 0.540045766590389,
                    "recall": 0.5086206896551724,
                    "f1-score": 0.5238623751387348,
                    "support": 464.0
                },
                "1": {
                    "precision": 0.4899328859060403,
                    "recall": 0.5214285714285715,
                    "f1-score": 0.5051903114186851,
                    "support": 420.0
                },
                "accuracy": 0.5147058823529411,
                "macro avg": {
                    "precision": 0.5149893262482147,
                    "recall": 0.515024630541872,
                    "f1-score": 0.5145263432787099,
                    "support": 884.0
                },
                "weighted avg": {
                    "precision": 0.5162364793874179,
                    "recall": 0.5147058823529411,
                    "f1-score": 0.5149910326473084,
                    "support": 884.0
                }
            }
        },
        {
            "fold": 3,
            "accuracy": 0.5452488687782805,
            "auroc": 0.5481552162849873,
            "n_train_samples": 3535,
            "n_test_samples": 884,
            "classification_report": {
                "0": {
                    "precision": 0.45093457943925236,
                    "recall": 0.5361111111111111,
                    "f1-score": 0.48984771573604063,
                    "support": 360.0
                },
                "1": {
                    "precision": 0.6337719298245614,
                    "recall": 0.5515267175572519,
                    "f1-score": 0.5897959183673469,
                    "support": 524.0
                },
                "accuracy": 0.5452488687782805,
                "macro avg": {
                    "precision": 0.5423532546319069,
                    "recall": 0.5438189143341815,
                    "f1-score": 0.5398218170516937,
                    "support": 884.0
                },
                "weighted avg": {
                    "precision": 0.5593132803463813,
                    "recall": 0.5452488687782805,
                    "f1-score": 0.5490930304179462,
                    "support": 884.0
                }
            }
        },
        {
            "fold": 4,
            "accuracy": 0.501131221719457,
            "auroc": 0.5000874755582999,
            "n_train_samples": 3535,
            "n_test_samples": 884,
            "classification_report": {
                "0": {
                    "precision": 0.5367483296213809,
                    "recall": 0.5084388185654009,
                    "f1-score": 0.5222101841820151,
                    "support": 474.0
                },
                "1": {
                    "precision": 0.46436781609195404,
                    "recall": 0.4926829268292683,
                    "f1-score": 0.47810650887573963,
                    "support": 410.0
                },
                "accuracy": 0.501131221719457,
                "macro avg": {
                    "precision": 0.5005580728566674,
                    "recall": 0.5005608726973345,
                    "f1-score": 0.5001583465288774,
                    "support": 884.0
                },
                "weighted avg": {
                    "precision": 0.5031781819437056,
                    "recall": 0.501131221719457,
                    "f1-score": 0.5017548596621363,
                    "support": 884.0
                }
            }
        },
        {
            "fold": 5,
            "accuracy": 0.5254813137032842,
            "auroc": 0.528997382144992,
            "n_train_samples": 3536,
            "n_test_samples": 883,
            "classification_report": {
                "0": {
                    "precision": 0.4918793503480278,
                    "recall": 0.5145631067961165,
                    "f1-score": 0.5029655990510083,
                    "support": 412.0
                },
                "1": {
                    "precision": 0.5575221238938053,
                    "recall": 0.535031847133758,
                    "f1-score": 0.5460455037919827,
                    "support": 471.0
                },
                "accuracy": 0.5254813137032842,
                "macro avg": {
                    "precision": 0.5247007371209166,
                    "recall": 0.5247974769649373,
                    "f1-score": 0.5245055514214956,
                    "support": 883.0
                },
                "weighted avg": {
                    "precision": 0.5268937856142353,
                    "recall": 0.5254813137032842,
                    "f1-score": 0.525944800787134,
                    "support": 883.0
                }
            }
        }
    ],
    "n_classes": 2
}