{
    "subject_id": 3,
    "trial_id": 1,
    "eval_name": "global_flow_angle",
    "k_folds": 5,
    "mean_accuracy": 0.28114827675808474,
    "std_accuracy": 0.021957848536162564,
    "fold_results": [
        {
            "fold": 1,
            "accuracy": 0.24029126213592233,
            "auroc": 0.5116189724579003,
            "n_train_samples": 1644,
            "n_test_samples": 412,
            "classification_report": {
                "0": {
                    "precision": 0.21495327102803738,
                    "recall": 0.2804878048780488,
                    "f1-score": 0.24338624338624337,
                    "support": 82.0
                },
                "1": {
                    "precision": 0.34,
                    "recall": 0.23776223776223776,
                    "f1-score": 0.27983539094650206,
                    "support": 143.0
                },
                "2": {
                    "precision": 0.25961538461538464,
                    "recall": 0.23893805309734514,
                    "f1-score": 0.2488479262672811,
                    "support": 113.0
                },
                "3": {
                    "precision": 0.1485148514851485,
                    "recall": 0.20270270270270271,
                    "f1-score": 0.17142857142857143,
                    "support": 74.0
                },
                "accuracy": 0.24029126213592233,
                "macro avg": {
                    "precision": 0.24077087678214262,
                    "recall": 0.2399726996100836,
                    "f1-score": 0.2358745330071495,
                    "support": 412.0
                },
                "weighted avg": {
                    "precision": 0.25867185848480223,
                    "recall": 0.24029126213592233,
                    "f1-score": 0.24461083207994852,
                    "support": 412.0
                }
            },
            "auroc_per_class": {
                "class_0": 0.5541759053954175,
                "class_1": 0.5028465957833987,
                "class_2": 0.508124426554592,
                "class_3": 0.48132896209819287
            }
        },
        {
            "fold": 2,
            "accuracy": 0.2871046228710462,
            "auroc": 0.5391802533698243,
            "n_train_samples": 1645,
            "n_test_samples": 411,
            "classification_report": {
                "0": {
                    "precision": 0.2782608695652174,
                    "recall": 0.36363636363636365,
                    "f1-score": 0.31527093596059114,
                    "support": 88.0
                },
                "1": {
                    "precision": 0.25806451612903225,
                    "recall": 0.23076923076923078,
                    "f1-score": 0.2436548223350254,
                    "support": 104.0
                },
                "2": {
                    "precision": 0.35,
                    "recall": 0.3153153153153153,
                    "f1-score": 0.33175355450236965,
                    "support": 111.0
                },
                "3": {
                    "precision": 0.2621359223300971,
                    "recall": 0.25,
                    "f1-score": 0.2559241706161137,
                    "support": 108.0
                },
                "accuracy": 0.2871046228710462,
                "macro avg": {
                    "precision": 0.28711532700608666,
                    "recall": 0.28993022743022745,
                    "f1-score": 0.286650870853525,
                    "support": 411.0
                },
                "weighted avg": {
                    "precision": 0.28828794601170066,
                    "recall": 0.2871046228710462,
                    "f1-score": 0.2860058366512846,
                    "support": 411.0
                }
            },
            "auroc_per_class": {
                "class_0": 0.584681958907965,
                "class_1": 0.5156289150588825,
                "class_2": 0.5556156156156156,
                "class_3": 0.5007945238968341
            }
        },
        {
            "fold": 3,
            "accuracy": 0.2944038929440389,
            "auroc": 0.5484121126842089,
            "n_train_samples": 1645,
            "n_test_samples": 411,
            "classification_report": {
                "0": {
                    "precision": 0.3793103448275862,
                    "recall": 0.3464566929133858,
                    "f1-score": 0.36213991769547327,
                    "support": 127.0
                },
                "1": {
                    "precision": 0.2736842105263158,
                    "recall": 0.2988505747126437,
                    "f1-score": 0.2857142857142857,
                    "support": 87.0
                },
                "2": {
                    "precision": 0.17525773195876287,
                    "recall": 0.2236842105263158,
                    "f1-score": 0.19653179190751446,
                    "support": 76.0
                },
                "3": {
                    "precision": 0.3300970873786408,
                    "recall": 0.2809917355371901,
                    "f1-score": 0.30357142857142855,
                    "support": 121.0
                },
                "accuracy": 0.2944038929440389,
                "macro avg": {
                    "precision": 0.28958734367282646,
                    "recall": 0.28749580342238384,
                    "f1-score": 0.2869893559721755,
                    "support": 411.0
                },
                "weighted avg": {
                    "precision": 0.30473059686271153,
                    "recall": 0.2944038929440389,
                    "f1-score": 0.29809603758292436,
                    "support": 411.0
                }
            },
            "auroc_per_class": {
                "class_0": 0.5632416546523233,
                "class_1": 0.5755640698169434,
                "class_2": 0.5234092694422624,
                "class_3": 0.5314334568253064
            }
        },
        {
            "fold": 4,
            "accuracy": 0.30413625304136255,
            "auroc": 0.5521893453857396,
            "n_train_samples": 1645,
            "n_test_samples": 411,
            "classification_report": {
                "0": {
                    "precision": 0.29473684210526313,
                    "recall": 0.27450980392156865,
                    "f1-score": 0.28426395939086296,
                    "support": 102.0
                },
                "1": {
                    "precision": 0.2358490566037736,
                    "recall": 0.29069767441860467,
                    "f1-score": 0.2604166666666667,
                    "support": 86.0
                },
                "2": {
                    "precision": 0.37272727272727274,
                    "recall": 0.33884297520661155,
                    "f1-score": 0.354978354978355,
                    "support": 121.0
                },
                "3": {
                    "precision": 0.31,
                    "recall": 0.30392156862745096,
                    "f1-score": 0.3069306930693069,
                    "support": 102.0
                },
                "accuracy": 0.30413625304136255,
                "macro avg": {
                    "precision": 0.30332829285907736,
                    "recall": 0.30199300554355896,
                    "f1-score": 0.3016474185262979,
                    "support": 411.0
                },
                "weighted avg": {
                    "precision": 0.3091634471110982,
                    "recall": 0.30413625304136255,
                    "f1-score": 0.305717929042948,
                    "support": 411.0
                }
            },
            "auroc_per_class": {
                "class_0": 0.5725934386699664,
                "class_1": 0.5274418604651163,
                "class_2": 0.5555143915645482,