{
    "subject_id": 2,
    "trial_id": 3,
    "eval_name": "global_flow_angle",
    "k_folds": 5,
    "mean_accuracy": 0.2564102564102564,
    "std_accuracy": 0.027695473070119065,
    "fold_results": [
        {
            "fold": 1,
            "accuracy": 0.2905982905982906,
            "auroc": 0.535592101244033,
            "n_train_samples": 1872,
            "n_test_samples": 468,
            "classification_report": {
                "0": {
                    "precision": 0.3047619047619048,
                    "recall": 0.24427480916030533,
                    "f1-score": 0.2711864406779661,
                    "support": 131.0
                },
                "1": {
                    "precision": 0.24161073825503357,
                    "recall": 0.4044943820224719,
                    "f1-score": 0.3025210084033613,
                    "support": 89.0
                },
                "2": {
                    "precision": 0.3333333333333333,
                    "recall": 0.21897810218978103,
                    "f1-score": 0.2643171806167401,
                    "support": 137.0
                },
                "3": {
                    "precision": 0.3064516129032258,
                    "recall": 0.34234234234234234,
                    "f1-score": 0.32340425531914896,
                    "support": 111.0
                },
                "accuracy": 0.2905982905982906,
                "macro avg": {
                    "precision": 0.29653939731337436,
                    "recall": 0.3025224089287252,
                    "f1-score": 0.29035722125430413,
                    "support": 468.0
                },
                "weighted avg": {
                    "precision": 0.3015170105287014,
                    "recall": 0.2905982905982906,
                    "f1-score": 0.28751948624280266,
                    "support": 468.0
                }
            },
            "auroc_per_class": {
                "class_0": 0.5032278524022018,
                "class_1": 0.5785182769559158,
                "class_2": 0.5006505391756897,
                "class_3": 0.5599717364423246
            }
        },
        {
            "fold": 2,
            "accuracy": 0.23076923076923078,
            "auroc": 0.49337715195672127,
            "n_train_samples": 1872,
            "n_test_samples": 468,
            "classification_report": {
                "0": {
                    "precision": 0.20689655172413793,
                    "recall": 0.23076923076923078,
                    "f1-score": 0.21818181818181817,
                    "support": 104.0
                },
                "1": {
                    "precision": 0.2661290322580645,
                    "recall": 0.25384615384615383,
                    "f1-score": 0.25984251968503935,
                    "support": 130.0
                },
                "2": {
                    "precision": 0.2222222222222222,
                    "recall": 0.22950819672131148,
                    "f1-score": 0.22580645161290322,
                    "support": 122.0
                },
                "3": {
                    "precision": 0.22549019607843138,
                    "recall": 0.20535714285714285,
                    "f1-score": 0.21495327102803738,
                    "support": 112.0
                },
                "accuracy": 0.23076923076923078,
                "macro avg": {
                    "precision": 0.230184500570714,
                    "recall": 0.22987018104845974,
                    "f1-score": 0.22969601512694954,
                    "support": 468.0
                },
                "weighted avg": {
                    "precision": 0.23179493300161144,
                    "recall": 0.23076923076923078,
                    "f1-score": 0.2309692096193987,
                    "support": 468.0
                }
            },
            "auroc_per_class": {
                "class_0": 0.5013736263736264,
                "class_1": 0.5134274010013655,
                "class_2": 0.46299630436842604,
                "class_3": 0.4957112760834671
            }
        },
        {
            "fold": 3,
            "accuracy": 0.21794871794871795,
            "auroc": 0.48637619132912796,
            "n_train_samples": 1872,
            "n_test_samples": 468,
            "classification_report": {
                "0": {
                    "precision": 0.2072072072072072,
                    "recall": 0.1885245901639344,
                    "f1-score": 0.19742489270386265,
                    "support": 122.0
                },
                "1": {
                    "precision": 0.18867924528301888,
                    "recall": 0.18181818181818182,
                    "f1-score": 0.18518518518518517,
                    "support": 110.0
                },
                "2": {
                    "precision": 0.22556390977443608,
                    "recall": 0.28846153846153844,
                    "f1-score": 0.25316455696202533,
                    "support": 104.0
                },
                "3": {
                    "precision": 0.2457627118644068,
                    "recall": 0.2196969696969697,
                    "f1-score": 0.232,
                    "support": 132.0
                },
                "accuracy": 0.21794871794871795,
                "macro avg": {
                    "precision": 0.21680326853226722,
                    "recall": 0.2196253200351561,
                    "f1-score": 0.21694365871276827,
                    "support": 468.0
                },
                "weighted avg": {
                    "precision": 0.21780624111763763,
                    "recall": 0.21794871794871795,
                    "f1-score": 0.21668658376985522,
                    "support": 468.0
                }
            },
            "auroc_per_class": {
                "class_0": 0.4458921633658675,
                "class_1": 0.49542915185373276,
                "class_2": 0.46452345731191885,
                "class_3": 0.5396599927849928
            }
        },
        {
            "fold": 4,
            "accuracy": 0.26495726495726496,
            "auroc": 0.5229731478654289,
            "n_train_samples": 1872,
            "n_test_samples": 468,
            "classification_report": {
                "0": {
                    "precision": 0.24822695035460993,
                    "recall": 0.35,
                    "f1-score": 0.29045643153526973,
                    "support": 100.0
                },
                "1": {
                    "precision": 0.27,
                    "recall": 0.1888111888111888,
                    "f1-score": 0.2222222222222222,
                    "support": 143.0
                },
                "2": {
                    "precision": 0.2689075630252101,
                    "recall": 0.2601626016260163,
                    "f1-score": 0.2644628099173554,
                    "support": 123.0
                },
                "3": {
                    "precision": 0.2777777777777778,
                    "recall": 0.29411764705882354,
                    "f1-score": 0.2857142857142857,
                    "support": 102.0
                },
                "accuracy": 0.26495726495726496,
                "macro avg": {
                    "precision": 0.2662280727893994,
                    "recall": 0.2732728593740072,
                    "f1-score": 0.2657139373472832,
                    "support": 468.0
                },
                "weighted avg": {
                    "precision": 0.26675568081387857,
                    "recall": 0.26495726495726496,
                    "f1-score": 0.26174188823503547,
                    "support": 468.0
                }
            },
            "auroc_per_class": {
                "class_0": 0.5488586956521739,
                "class_1": 0.5130500268961807,
                "class_2": 0.4965005302226936,