{
    "subject_id": 4,
    "trial_id": 2,
    "eval_name": "word_gap",
    "k_folds": 5,
    "mean_accuracy": 0.5772877650574739,
    "std_accuracy": 0.033164417675450204,
    "fold_results": [
        {
            "fold": 1,
            "accuracy": 0.5468483816013628,
            "auroc": 0.5395106826341292,
            "n_train_samples": 2344,
            "n_test_samples": 587,
            "classification_report": {
                "0": {
                    "precision": 0.6607142857142857,
                    "recall": 0.5935828877005348,
                    "f1-score": 0.6253521126760564,
                    "support": 374.0
                },
                "1": {
                    "precision": 0.3944223107569721,
                    "recall": 0.4647887323943662,
                    "f1-score": 0.4267241379310345,
                    "support": 213.0
                },
                "accuracy": 0.5468483816013628,
                "macro avg": {
                    "precision": 0.5275682982356289,
                    "recall": 0.5291858100474505,
                    "f1-score": 0.5260381253035454,
                    "support": 587.0
                },
                "weighted avg": {
                    "precision": 0.5640870443754309,
                    "recall": 0.5468483816013628,
                    "f1-score": 0.5532775664738593,
                    "support": 587.0
                }
            }
        },
        {
            "fold": 2,
            "accuracy": 0.6143344709897611,
            "auroc": 0.5772764603223488,
            "n_train_samples": 2345,
            "n_test_samples": 586,
            "classification_report": {
                "0": {
                    "precision": 0.7063492063492064,
                    "recall": 0.6989528795811518,
                    "f1-score": 0.7026315789473684,
                    "support": 382.0
                },
                "1": {
                    "precision": 0.44711538461538464,
                    "recall": 0.45588235294117646,
                    "f1-score": 0.45145631067961167,
                    "support": 204.0
                },
                "accuracy": 0.6143344709897611,
                "macro avg": {
                    "precision": 0.5767322954822955,
                    "recall": 0.5774176162611642,
                    "f1-score": 0.5770439448134901,
                    "support": 586.0
                },
                "weighted avg": {
                    "precision": 0.616103985131289,
                    "recall": 0.6143344709897611,
                    "f1-score": 0.6151917244650776,
                    "support": 586.0
                }
            }
        },
        {
            "fold": 3,
            "accuracy": 0.621160409556314,
            "auroc": 0.550423566472266,
            "n_train_samples": 2345,
            "n_test_samples": 586,
            "classification_report": {
                "0": {
                    "precision": 0.7383863080684596,
                    "recall": 0.7242206235011991,
                    "f1-score": 0.7312348668280871,
                    "support": 417.0
                },
                "1": {
                    "precision": 0.3502824858757062,
                    "recall": 0.3668639053254438,
                    "f1-score": 0.3583815028901734,
                    "support": 169.0
                },
                "accuracy": 0.621160409556314,
                "macro avg": {
                    "precision": 0.5443343969720829,
                    "recall": 0.5455422644133214,
                    "f1-score": 0.5448081848591303,
                    "support": 586.0
                },
                "weighted avg": {
                    "precision": 0.6264587552517781,
                    "recall": 0.621160409556314,
                    "f1-score": 0.6237054837128868,
                    "support": 586.0
                }
            }
        },
        {
            "fold": 4,
            "accuracy": 0.552901023890785,
            "auroc": 0.5190315360593999,
            "n_train_samples": 2345,
            "n_test_samples": 586,
            "classification_report": {
                "0": {
                    "precision": 0.6866485013623979,
                    "recall": 0.631578947368421,
                    "f1-score": 0.6579634464751958,
                    "support": 399.0
                },
                "1": {
                    "precision": 0.3287671232876712,
                    "recall": 0.3850267379679144,
                    "f1-score": 0.35467980295566504,
                    "support": 187.0
                },
                "accuracy": 0.552901023890785,
                "macro avg": {
                    "precision": 0.5077078123250345,
                    "recall": 0.5083028426681677,
                    "f1-score": 0.5063216247154304,
                    "support": 586.0
                },
                "weighted avg": {
                    "precision": 0.572444034297596,
                    "recall": 0.552901023890785,
                    "f1-score": 0.5611818059664035,
                    "support": 586.0
                }
            }
        },
        {
            "fold": 5,
            "accuracy": 0.5511945392491467,
            "auroc": 0.5391727837380011,
            "n_train_samples": 2345,
            "n_test_samples": 586,
            "classification_report": {
                "0": {
                    "precision": 0.5732009925558312,
                    "recall": 0.717391304347826,
                    "f1-score": 0.6372413793103449,
                    "support": 322.0
                },
                "1": {
                    "precision": 0.5027322404371585,
                    "recall": 0.3484848484848485,
                    "f1-score": 0.4116331096196868,
                    "support": 264.0
                },
                "accuracy": 0.5511945392491467,
                "macro avg": {
                    "precision": 0.5379666164964949,
                    "recall": 0.5329380764163373,
                    "f1-score": 0.5244372444650158,
                    "support": 586.0
                },
                "weighted avg": {
                    "precision": 0.5414539779494667,
                    "recall": 0.5511945392491467,
                    "f1-score": 0.5356021588353725,
                    "support": 586.0
                }
            }
        }
    ],
    "n_classes": 2
}