{
    "subject_id": 5,
    "trial_id": 0,
    "eval_name": "word_head_pos",
    "k_folds": 5,
    "mean_accuracy": 0.513008431585208,
    "std_accuracy": 0.017672147872789822,
    "fold_results": [
        {
            "fold": 1,
            "accuracy": 0.5236749116607774,
            "auroc": 0.5123988005997001,
            "n_train_samples": 5657,
            "n_test_samples": 1415,
            "classification_report": {
                "0": {
                    "precision": 0.5114613180515759,
                    "recall": 0.5173913043478261,
                    "f1-score": 0.5144092219020173,
                    "support": 690.0
                },
                "1": {
                    "precision": 0.5355648535564853,
                    "recall": 0.5296551724137931,
                    "f1-score": 0.5325936199722607,
                    "support": 725.0
                },
                "accuracy": 0.5236749116607774,
                "macro avg": {
                    "precision": 0.5235130858040307,
                    "recall": 0.5235232383808096,
                    "f1-score": 0.523501420937139,
                    "support": 1415.0
                },
                "weighted avg": {
                    "precision": 0.5238111860664588,
                    "recall": 0.5236749116607774,
                    "f1-score": 0.5237263163196332,
                    "support": 1415.0
                }
            }
        },
        {
            "fold": 2,
            "accuracy": 0.5067137809187279,
            "auroc": 0.5121426430925982,
            "n_train_samples": 5657,
            "n_test_samples": 1415,
            "classification_report": {
                "0": {
                    "precision": 0.5084507042253521,
                    "recall": 0.5084507042253521,
                    "f1-score": 0.5084507042253521,
                    "support": 710.0
                },
                "1": {
                    "precision": 0.5049645390070922,
                    "recall": 0.5049645390070922,
                    "f1-score": 0.5049645390070922,
                    "support": 705.0
                },
                "accuracy": 0.5067137809187279,
                "macro avg": {
                    "precision": 0.5067076216162221,
                    "recall": 0.5067076216162221,
                    "f1-score": 0.5067076216162221,
                    "support": 1415.0
                },
                "weighted avg": {
                    "precision": 0.5067137809187279,
                    "recall": 0.5067137809187279,
                    "f1-score": 0.5067137809187279,
                    "support": 1415.0
                }
            }
        },
        {
            "fold": 3,
            "accuracy": 0.49222065063649223,
            "auroc": 0.49782517230325374,
            "n_train_samples": 5658,
            "n_test_samples": 1414,
            "classification_report": {
                "0": {
                    "precision": 0.4731638418079096,
                    "recall": 0.49264705882352944,
                    "f1-score": 0.4827089337175792,
                    "support": 680.0
                },
                "1": {
                    "precision": 0.5113314447592068,
                    "recall": 0.49182561307901906,
                    "f1-score": 0.5013888888888889,
                    "support": 734.0
                },
                "accuracy": 0.49222065063649223,
                "macro avg": {
                    "precision": 0.4922476432835582,
                    "recall": 0.49223633595127425,
                    "f1-score": 0.492048911303234,
                    "support": 1414.0
                },
                "weighted avg": {
                    "precision": 0.49297644475433966,
                    "recall": 0.49222065063649223,
                    "f1-score": 0.4924056006876933,
                    "support": 1414.0
                }
            }
        },
        {
            "fold": 4,
            "accuracy": 0.5417256011315418,
            "auroc": 0.5483767924377152,
            "n_train_samples": 5658,
            "n_test_samples": 1414,
            "classification_report": {
                "0": {
                    "precision": 0.5582386363636364,
                    "recall": 0.5383561643835616,
                    "f1-score": 0.5481171548117155,
                    "support": 730.0
                },
                "1": {
                    "precision": 0.5253521126760563,
                    "recall": 0.5453216374269005,
                    "f1-score": 0.5351506456241033,
                    "support": 684.0
                },
                "accuracy": 0.5417256011315418,
                "macro avg": {
                    "precision": 0.5417953745198463,
                    "recall": 0.5418389009052311,
                    "f1-score": 0.5416339002179094,
                    "support": 1414.0
                },
                "weighted avg": {
                    "precision": 0.5423303038301818,
                    "recall": 0.5417256011315417,
                    "f1-score": 0.5418448123192637,
                    "support": 1414.0
                }
            }
        },
        {
            "fold": 5,
            "accuracy": 0.5007072135785007,
            "auroc": 0.5115007767954385,
            "n_train_samples": 5658,
            "n_test_samples": 1414,
            "classification_report": {
                "0": {
                    "precision": 0.5139275766016713,
                    "recall": 0.5082644628099173,
                    "f1-score": 0.5110803324099723,
                    "support": 726.0
                },
                "1": {
                    "precision": 0.4870689655172414,
                    "recall": 0.49273255813953487,
                    "f1-score": 0.48988439306358383,
                    "support": 688.0
                },
                "accuracy": 0.5007072135785007,
                "macro avg": {
                    "precision": 0.5004982710594563,
                    "recall": 0.5004985104747262,
                    "f1-score": 0.500482362736778,
                    "support": 1414.0
                },
                "weighted avg": {
                    "precision": 0.5008591717741694,
                    "recall": 0.5007072135785007,
                    "f1-score": 0.5007671738029601,
                    "support": 1414.0
                }
            }
        }
    ],
    "n_classes": 2
}