{
    "subject_id": 7,
    "trial_id": 1,
    "eval_name": "word_gap",
    "k_folds": 5,
    "mean_accuracy": 0.5004561231350743,
    "std_accuracy": 0.027280634714163286,
    "fold_results": [
        {
            "fold": 1,
            "accuracy": 0.48042168674698793,
            "auroc": 0.4719823394406193,
            "n_train_samples": 2653,
            "n_test_samples": 664,
            "classification_report": {
                "0": {
                    "precision": 0.3548387096774194,
                    "recall": 0.491869918699187,
                    "f1-score": 0.4122657580919932,
                    "support": 246.0
                },
                "1": {
                    "precision": 0.6130030959752322,
                    "recall": 0.47368421052631576,
                    "f1-score": 0.5344129554655871,
                    "support": 418.0
                },
                "accuracy": 0.48042168674698793,
                "macro avg": {
                    "precision": 0.48392090282632577,
                    "recall": 0.4827770646127514,
                    "f1-score": 0.47333935677879013,
                    "support": 664.0
                },
                "weighted avg": {
                    "precision": 0.5173578564733317,
                    "recall": 0.48042168674698793,
                    "f1-score": 0.48915962631814114,
                    "support": 664.0
                }
            }
        },
        {
            "fold": 2,
            "accuracy": 0.5075301204819277,
            "auroc": 0.500267930937395,
            "n_train_samples": 2653,
            "n_test_samples": 664,
            "classification_report": {
                "0": {
                    "precision": 0.5238095238095238,
                    "recall": 0.5131195335276968,
                    "f1-score": 0.5184094256259205,
                    "support": 343.0
                },
                "1": {
                    "precision": 0.49085365853658536,
                    "recall": 0.5015576323987538,
                    "f1-score": 0.49614791987673346,
                    "support": 321.0
                },
                "accuracy": 0.5075301204819277,
                "macro avg": {
                    "precision": 0.5073315911730546,
                    "recall": 0.5073385829632253,
                    "f1-score": 0.507278672751327,
                    "support": 664.0
                },
                "weighted avg": {
                    "precision": 0.5078775467724557,
                    "recall": 0.5075301204819277,
                    "f1-score": 0.5076474627562081,
                    "support": 664.0
                }
            }
        },
        {
            "fold": 3,
            "accuracy": 0.5294117647058824,
            "auroc": 0.520659407138536,
            "n_train_samples": 2654,
            "n_test_samples": 663,
            "classification_report": {
                "0": {
                    "precision": 0.6803519061583577,
                    "recall": 0.5333333333333333,
                    "f1-score": 0.5979381443298969,
                    "support": 435.0
                },
                "1": {
                    "precision": 0.3695652173913043,
                    "recall": 0.5219298245614035,
                    "f1-score": 0.43272727272727274,
                    "support": 228.0
                },
                "accuracy": 0.5294117647058824,
                "macro avg": {
                    "precision": 0.524958561774831,
                    "recall": 0.5276315789473685,
                    "f1-score": 0.5153327085285848,
                    "support": 663.0
                },
                "weighted avg": {
                    "precision": 0.5734750358131266,
                    "recall": 0.5294117647058824,
                    "f1-score": 0.5411235459507139,
                    "support": 663.0
                }
            }
        },
        {
            "fold": 4,
            "accuracy": 0.526395173453997,
            "auroc": 0.5187683715461493,
            "n_train_samples": 2654,
            "n_test_samples": 663,
            "classification_report": {
                "0": {
                    "precision": 0.6586826347305389,
                    "recall": 0.5238095238095238,
                    "f1-score": 0.583554376657825,
                    "support": 420.0
                },
                "1": {
                    "precision": 0.39209726443769,
                    "recall": 0.5308641975308642,
                    "f1-score": 0.45104895104895104,
                    "support": 243.0
                },
                "accuracy": 0.526395173453997,
                "macro avg": {
                    "precision": 0.5253899495841144,
                    "recall": 0.527336860670194,
                    "f1-score": 0.517301663853388,
                    "support": 663.0
                },
                "weighted avg": {
                    "precision": 0.5609748745779563,
                    "recall": 0.526395173453997,
                    "f1-score": 0.5349890396699571,
                    "support": 663.0
                }
            }
        },
        {
            "fold": 5,
            "accuracy": 0.45852187028657615,
            "auroc": 0.4480535894843276,
            "n_train_samples": 2654,
            "n_test_samples": 663,
            "classification_report": {
                "0": {
                    "precision": 0.5426829268292683,
                    "recall": 0.4599483204134367,
                    "f1-score": 0.4979020979020979,
                    "support": 387.0
                },
                "1": {
                    "precision": 0.3761194029850746,
                    "recall": 0.45652173913043476,
                    "f1-score": 0.41243862520458263,
                    "support": 276.0
                },
                "accuracy": 0.45852187028657615,
                "macro avg": {
                    "precision": 0.4594011649071715,
                    "recall": 0.45823502977193575,
                    "f1-score": 0.45517036155334023,
                    "support": 663.0
                },
                "weighted avg": {
                    "precision": 0.4733442653194682,
                    "recall": 0.45852187028657615,
                    "f1-score": 0.4623245436569784,
                    "support": 663.0
                }
            }
        }
    ],
    "n_classes": 2
}