{
    "subject_id": 1,
    "trial_id": 0,
    "eval_name": "onset",
    "k_folds": 5,
    "mean_accuracy": 0.6962565741193737,
    "std_accuracy": 0.03825435410654237,
    "fold_results": [
        {
            "fold": 1,
            "accuracy": 0.712890625,
            "auroc": 0.8171234130859375,
            "n_train_samples": 2046,
            "n_test_samples": 512,
            "classification_report": {
                "0": {
                    "precision": 0.7766497461928934,
                    "recall": 0.59765625,
                    "f1-score": 0.6754966887417219,
                    "support": 256.0
                },
                "1": {
                    "precision": 0.6730158730158731,
                    "recall": 0.828125,
                    "f1-score": 0.7425569176882661,
                    "support": 256.0
                },
                "accuracy": 0.712890625,
                "macro avg": {
                    "precision": 0.7248328096043832,
                    "recall": 0.712890625,
                    "f1-score": 0.709026803214994,
                    "support": 512.0
                },
                "weighted avg": {
                    "precision": 0.7248328096043832,
                    "recall": 0.712890625,
                    "f1-score": 0.709026803214994,
                    "support": 512.0
                }
            }
        },
        {
            "fold": 2,
            "accuracy": 0.6328125,
            "auroc": 0.7289810180664062,
            "n_train_samples": 2046,
            "n_test_samples": 512,
            "classification_report": {
                "0": {
                    "precision": 0.717948717948718,
                    "recall": 0.4375,
                    "f1-score": 0.5436893203883495,
                    "support": 256.0
                },
                "1": {
                    "precision": 0.5955056179775281,
                    "recall": 0.828125,
                    "f1-score": 0.6928104575163399,
                    "support": 256.0
                },
                "accuracy": 0.6328125,
                "macro avg": {
                    "precision": 0.656727167963123,
                    "recall": 0.6328125,
                    "f1-score": 0.6182498889523447,
                    "support": 512.0
                },
                "weighted avg": {
                    "precision": 0.656727167963123,
                    "recall": 0.6328125,
                    "f1-score": 0.6182498889523447,
                    "support": 512.0
                }
            }
        },
        {
            "fold": 3,
            "accuracy": 0.71875,
            "auroc": 0.7962570190429688,
            "n_train_samples": 2046,
            "n_test_samples": 512,
            "classification_report": {
                "0": {
                    "precision": 0.8181818181818182,
                    "recall": 0.5625,
                    "f1-score": 0.6666666666666666,
                    "support": 256.0
                },
                "1": {
                    "precision": 0.6666666666666666,
                    "recall": 0.875,
                    "f1-score": 0.7567567567567568,
                    "support": 256.0
                },
                "accuracy": 0.71875,
                "macro avg": {
                    "precision": 0.7424242424242424,
                    "recall": 0.71875,
                    "f1-score": 0.7117117117117118,
                    "support": 512.0
                },
                "weighted avg": {
                    "precision": 0.7424242424242424,
                    "recall": 0.71875,
                    "f1-score": 0.7117117117117118,
                    "support": 512.0
                }
            }
        },
        {
            "fold": 4,
            "accuracy": 0.675146771037182,
            "auroc": 0.7385186887254902,
            "n_train_samples": 2047,
            "n_test_samples": 511,
            "classification_report": {
                "0": {
                    "precision": 0.7542857142857143,
                    "recall": 0.5176470588235295,
                    "f1-score": 0.6139534883720931,
                    "support": 255.0
                },
                "1": {
                    "precision": 0.6339285714285714,
                    "recall": 0.83203125,
                    "f1-score": 0.7195945945945946,
                    "support": 256.0
                },
                "accuracy": 0.675146771037182,
                "macro avg": {
                    "precision": 0.6941071428571428,
                    "recall": 0.6748391544117647,
                    "f1-score": 0.6667740414833438,
                    "support": 511.0
                },
                "weighted avg": {
                    "precision": 0.6939893765725469,
                    "recall": 0.675146771037182,
                    "f1-score": 0.6668774085148728,
                    "support": 511.0
                }
            }
        },
        {
            "fold": 5,
            "accuracy": 0.7416829745596869,
            "auroc": 0.8222349877450981,
            "n_train_samples": 2047,
            "n_test_samples": 511,
            "classification_report": {
                "0": {
                    "precision": 0.8297872340425532,
                    "recall": 0.609375,
                    "f1-score": 0.7027027027027027,
                    "support": 256.0
                },
                "1": {
                    "precision": 0.6904024767801857,
                    "recall": 0.8745098039215686,
                    "f1-score": 0.7716262975778547,
                    "support": 255.0
                },
                "accuracy": 0.7416829745596869,
                "macro avg": {
                    "precision": 0.7600948554113695,
                    "recall": 0.7419424019607843,
                    "f1-score": 0.7371645001402787,
                    "support": 511.0
                },
                "weighted avg": {
                    "precision": 0.7602312397139744,
                    "recall": 0.7416829745596869,
                    "f1-score": 0.7370970602235711,
                    "support": 511.0
                }
            }
        }
    ],
    "n_classes": 2
}