{
    "subject_id": 2,
    "trial_id": 2,
    "eval_name": "word_gap",
    "k_folds": 5,
    "mean_accuracy": 0.5672458942195784,
    "std_accuracy": 0.005343436488301622,
    "fold_results": [
        {
            "fold": 1,
            "accuracy": 0.5710227272727273,
            "auroc": 0.6063588446131141,
            "n_train_samples": 2813,
            "n_test_samples": 704,
            "classification_report": {
                "0": {
                    "precision": 0.660574412532637,
                    "recall": 0.5952941176470589,
                    "f1-score": 0.6262376237623762,
                    "support": 425.0
                },
                "1": {
                    "precision": 0.46417445482866043,
                    "recall": 0.5340501792114696,
                    "f1-score": 0.49666666666666665,
                    "support": 279.0
                },
                "accuracy": 0.5710227272727273,
                "macro avg": {
                    "precision": 0.5623744336806488,
                    "recall": 0.5646721484292643,
                    "f1-score": 0.5614521452145215,
                    "support": 704.0
                },
                "weighted avg": {
                    "precision": 0.5827397702039304,
                    "recall": 0.5710227272727273,
                    "f1-score": 0.5748877700270026,
                    "support": 704.0
                }
            }
        },
        {
            "fold": 2,
            "accuracy": 0.5596590909090909,
            "auroc": 0.5859855131146803,
            "n_train_samples": 2813,
            "n_test_samples": 704,
            "classification_report": {
                "0": {
                    "precision": 0.7146814404432132,
                    "recall": 0.5548387096774193,
                    "f1-score": 0.6246973365617433,
                    "support": 465.0
                },
                "1": {
                    "precision": 0.3965014577259475,
                    "recall": 0.5690376569037657,
                    "f1-score": 0.46735395189003437,
                    "support": 239.0
                },
                "accuracy": 0.5596590909090909,
                "macro avg": {
                    "precision": 0.5555914490845804,
                    "recall": 0.5619381832905925,
                    "f1-score": 0.5460256442258888,
                    "support": 704.0
                },
                "weighted avg": {
                    "precision": 0.6066629519923233,
                    "recall": 0.5596590909090909,
                    "f1-score": 0.5712810454587057,
                    "support": 704.0
                }
            }
        },
        {
            "fold": 3,
            "accuracy": 0.5675675675675675,
            "auroc": 0.580300465509945,
            "n_train_samples": 2814,
            "n_test_samples": 703,
            "classification_report": {
                "0": {
                    "precision": 0.6648501362397821,
                    "recall": 0.5741176470588235,
                    "f1-score": 0.6161616161616161,
                    "support": 425.0
                },
                "1": {
                    "precision": 0.46130952380952384,
                    "recall": 0.5575539568345323,
                    "f1-score": 0.504885993485342,
                    "support": 278.0
                },
                "accuracy": 0.5675675675675675,
                "macro avg": {
                    "precision": 0.5630798300246529,
                    "recall": 0.5658358019466779,
                    "f1-score": 0.5605238048234791,
                    "support": 703.0
                },
                "weighted avg": {
                    "precision": 0.5843603919216999,
                    "recall": 0.5675675675675675,
                    "f1-score": 0.5721578848614679,
                    "support": 703.0
                }
            }
        },
        {
            "fold": 4,
            "accuracy": 0.5633001422475107,
            "auroc": 0.5699436311627124,
            "n_train_samples": 2814,
            "n_test_samples": 703,
            "classification_report": {
                "0": {
                    "precision": 0.4634146341463415,
                    "recall": 0.5371024734982333,
                    "f1-score": 0.49754500818330605,
                    "support": 283.0
                },
                "1": {
                    "precision": 0.6506666666666666,
                    "recall": 0.580952380952381,
                    "f1-score": 0.6138364779874214,
                    "support": 420.0
                },
                "accuracy": 0.5633001422475107,
                "macro avg": {
                    "precision": 0.5570406504065041,
                    "recall": 0.5590274272253071,
                    "f1-score": 0.5556907430853637,
                    "support": 703.0
                },
                "weighted avg": {
                    "precision": 0.5752864032196509,
                    "recall": 0.5633001422475107,
                    "f1-score": 0.567022130968126,
                    "support": 703.0
                }
            }
        },
        {
            "fold": 5,
            "accuracy": 0.5746799431009957,
            "auroc": 0.6088385682980277,
            "n_train_samples": 2814,
            "n_test_samples": 703,
            "classification_report": {
                "0": {
                    "precision": 0.44565217391304346,
                    "recall": 0.6332046332046332,
                    "f1-score": 0.5231259968102073,
                    "support": 259.0
                },
                "1": {
                    "precision": 0.7164179104477612,
                    "recall": 0.5405405405405406,
                    "f1-score": 0.6161745827984596,
                    "support": 444.0
                },
                "accuracy": 0.5746799431009957,
                "macro avg": {
                    "precision": 0.5810350421804023,
                    "recall": 0.5868725868725868,
                    "f1-score": 0.5696502898043334,
                    "support": 703.0
                },
                "weighted avg": {
                    "precision": 0.6166621127770756,
                    "recall": 0.5746799431009957,
                    "f1-score": 0.5818935248027877,
                    "support": 703.0
                }
            }
        }
    ],
    "n_classes": 2
}