{
    "subject_id": 1,
    "trial_id": 0,
    "eval_name": "word_gap",
    "k_folds": 5,
    "mean_accuracy": 0.5608308364544319,
    "std_accuracy": 0.01250057166621143,
    "fold_results": [
        {
            "fold": 1,
            "accuracy": 0.5767790262172284,
            "auroc": 0.5857153145131724,
            "n_train_samples": 3202,
            "n_test_samples": 801,
            "classification_report": {
                "0": {
                    "precision": 0.6623093681917211,
                    "recall": 0.6229508196721312,
                    "f1-score": 0.6420274551214361,
                    "support": 488.0
                },
                "1": {
                    "precision": 0.4619883040935672,
                    "recall": 0.5047923322683706,
                    "f1-score": 0.48244274809160304,
                    "support": 313.0
                },
                "accuracy": 0.5767790262172284,
                "macro avg": {
                    "precision": 0.5621488361426442,
                    "recall": 0.5638715759702508,
                    "f1-score": 0.5622351016065196,
                    "support": 801.0
                },
                "weighted avg": {
                    "precision": 0.5840315990747147,
                    "recall": 0.5767790262172284,
                    "f1-score": 0.5796678879549719,
                    "support": 801.0
                }
            }
        },
        {
            "fold": 2,
            "accuracy": 0.5530586766541823,
            "auroc": 0.573472301541976,
            "n_train_samples": 3202,
            "n_test_samples": 801,
            "classification_report": {
                "0": {
                    "precision": 0.7699316628701595,
                    "recall": 0.5680672268907563,
                    "f1-score": 0.6537717601547389,
                    "support": 595.0
                },
                "1": {
                    "precision": 0.2900552486187845,
                    "recall": 0.5097087378640777,
                    "f1-score": 0.36971830985915494,
                    "support": 206.0
                },
                "accuracy": 0.5530586766541823,
                "macro avg": {
                    "precision": 0.529993455744472,
                    "recall": 0.538887982377417,
                    "f1-score": 0.5117450350069469,
                    "support": 801.0
                },
                "weighted avg": {
                    "precision": 0.6465177535870342,
                    "recall": 0.5530586766541823,
                    "f1-score": 0.5807193122634902,
                    "support": 801.0
                }
            }
        },
        {
            "fold": 3,
            "accuracy": 0.5468164794007491,
            "auroc": 0.5486317999868757,
            "n_train_samples": 3202,
            "n_test_samples": 801,
            "classification_report": {
                "0": {
                    "precision": 0.6365591397849463,
                    "recall": 0.6040816326530613,
                    "f1-score": 0.6198952879581152,
                    "support": 490.0
                },
                "1": {
                    "precision": 0.4226190476190476,
                    "recall": 0.4565916398713826,
                    "f1-score": 0.43894899536321486,
                    "support": 311.0
                },
                "accuracy": 0.5468164794007491,
                "macro avg": {
                    "precision": 0.5295890937019969,
                    "recall": 0.5303366362622219,
                    "f1-score": 0.529422141660665,
                    "support": 801.0
                },
                "weighted avg": {
                    "precision": 0.5534937606793352,
                    "recall": 0.5468164794007491,
                    "f1-score": 0.5496402355273861,
                    "support": 801.0
                }
            }
        },
        {
            "fold": 4,
            "accuracy": 0.5525,
            "auroc": 0.5493663424697908,
            "n_train_samples": 3203,
            "n_test_samples": 800,
            "classification_report": {
                "0": {
                    "precision": 0.5714285714285714,
                    "recall": 0.6146572104018913,
                    "f1-score": 0.592255125284738,
                    "support": 423.0
                },
                "1": {
                    "precision": 0.527536231884058,
                    "recall": 0.4827586206896552,
                    "f1-score": 0.5041551246537396,
                    "support": 377.0
                },
                "accuracy": 0.5525,
                "macro avg": {
                    "precision": 0.5494824016563147,
                    "recall": 0.5487079155457733,
                    "f1-score": 0.5482051249692388,
                    "support": 800.0
                },
                "weighted avg": {
                    "precision": 0.5507443064182195,
                    "recall": 0.5525,
                    "f1-score": 0.5507379999873799,
                    "support": 800.0
                }
            }
        },
        {
            "fold": 5,
            "accuracy": 0.575,
            "auroc": 0.6122025909869946,
            "n_train_samples": 3203,
            "n_test_samples": 800,
            "classification_report": {
                "0": {
                    "precision": 0.5253164556962026,
                    "recall": 0.6840659340659341,
                    "f1-score": 0.594272076372315,
                    "support": 364.0
                },
                "1": {
                    "precision": 0.647239263803681,
                    "recall": 0.48394495412844035,
                    "f1-score": 0.5538057742782152,
                    "support": 436.0
                },
                "accuracy": 0.575,
                "macro avg": {
                    "precision": 0.5862778597499418,
                    "recall": 0.5840054440971872,
                    "f1-score": 0.5740389253252651,
                    "support": 800.0
                },
                "weighted avg": {
                    "precision": 0.5917643861147783,
                    "recall": 0.575,
                    "f1-score": 0.5722179417310307,
                    "support": 800.0
                }
            }
        }
    ],
    "n_classes": 2
}