{
    "subject_id": 4,
    "trial_id": 2,
    "eval_name": "word_length",
    "k_folds": 5,
    "mean_accuracy": 0.5014027942756943,
    "std_accuracy": 0.013224357321164372,
    "fold_results": [
        {
            "fold": 1,
            "accuracy": 0.4979919678714859,
            "auroc": 0.48574429771908767,
            "n_train_samples": 1991,
            "n_test_samples": 498,
            "classification_report": {
                "0": {
                    "precision": 0.5846153846153846,
                    "recall": 0.5170068027210885,
                    "f1-score": 0.5487364620938628,
                    "support": 294.0
                },
                "1": {
                    "precision": 0.40336134453781514,
                    "recall": 0.47058823529411764,
                    "f1-score": 0.4343891402714932,
                    "support": 204.0
                },
                "accuracy": 0.4979919678714859,
                "macro avg": {
                    "precision": 0.4939883645765999,
                    "recall": 0.49379751900760305,
                    "f1-score": 0.49156280118267803,
                    "support": 498.0
                },
                "weighted avg": {
                    "precision": 0.510366741692043,
                    "recall": 0.4979919678714859,
                    "f1-score": 0.5018953905039765,
                    "support": 498.0
                }
            }
        },
        {
            "fold": 2,
            "accuracy": 0.5020080321285141,
            "auroc": 0.5080223398760331,
            "n_train_samples": 1991,
            "n_test_samples": 498,
            "classification_report": {
                "0": {
                    "precision": 0.516,
                    "recall": 0.50390625,
                    "f1-score": 0.5098814229249012,
                    "support": 256.0
                },
                "1": {
                    "precision": 0.4879032258064516,
                    "recall": 0.5,
                    "f1-score": 0.49387755102040815,
                    "support": 242.0
                },
                "accuracy": 0.5020080321285141,
                "macro avg": {
                    "precision": 0.5019516129032258,
                    "recall": 0.501953125,
                    "f1-score": 0.5018794869726547,
                    "support": 498.0
                },
                "weighted avg": {
                    "precision": 0.5023465474802435,
                    "recall": 0.5020080321285141,
                    "f1-score": 0.5021044409954086,
                    "support": 498.0
                }
            }
        },
        {
            "fold": 3,
            "accuracy": 0.4879518072289157,
            "auroc": 0.4829841228526809,
            "n_train_samples": 1991,
            "n_test_samples": 498,
            "classification_report": {
                "0": {
                    "precision": 0.5341365461847389,
                    "recall": 0.4889705882352941,
                    "f1-score": 0.510556621880998,
                    "support": 272.0
                },
                "1": {
                    "precision": 0.44176706827309237,
                    "recall": 0.48672566371681414,
                    "f1-score": 0.4631578947368421,
                    "support": 226.0
                },
                "accuracy": 0.4879518072289157,
                "macro avg": {
                    "precision": 0.4879518072289156,
                    "recall": 0.4878481259760541,
                    "f1-score": 0.48685725830892007,
                    "support": 498.0
                },
                "weighted avg": {
                    "precision": 0.49221786745375073,
                    "recall": 0.4879518072289157,
                    "f1-score": 0.4890463561489112,
                    "support": 498.0
                }
            }
        },
        {
            "fold": 4,
            "accuracy": 0.5261044176706827,
            "auroc": 0.5178899082568806,
            "n_train_samples": 1991,
            "n_test_samples": 498,
            "classification_report": {
                "0": {
                    "precision": 0.464,
                    "recall": 0.5321100917431193,
                    "f1-score": 0.49572649572649574,
                    "support": 218.0
                },
                "1": {
                    "precision": 0.5887096774193549,
                    "recall": 0.5214285714285715,
                    "f1-score": 0.553030303030303,
                    "support": 280.0
                },
                "accuracy": 0.5261044176706827,
                "macro avg": {
                    "precision": 0.5263548387096775,
                    "recall": 0.5267693315858454,
                    "f1-score": 0.5243783993783994,
                    "support": 498.0
                },
                "weighted avg": {
                    "precision": 0.5341178909185128,
                    "recall": 0.5261044176706827,
                    "f1-score": 0.5279455038491183,
                    "support": 498.0
                }
            }
        },
        {
            "fold": 5,
            "accuracy": 0.49295774647887325,
            "auroc": 0.49728233851456594,
            "n_train_samples": 1992,
            "n_test_samples": 497,
            "classification_report": {
                "0": {
                    "precision": 0.4127659574468085,
                    "recall": 0.4597156398104265,
                    "f1-score": 0.4349775784753363,
                    "support": 211.0
                },
                "1": {
                    "precision": 0.5648854961832062,
                    "recall": 0.5174825174825175,
                    "f1-score": 0.5401459854014599,
                    "support": 286.0
                },
                "accuracy": 0.49295774647887325,
                "macro avg": {
                    "precision": 0.48882572681500736,
                    "recall": 0.488599078646472,
                    "f1-score": 0.48756178193839805,
                    "support": 497.0
                },
                "weighted avg": {
                    "precision": 0.5003035592146349,
                    "recall": 0.49295774647887325,
                    "f1-score": 0.49549702390968503,
                    "support": 497.0
                }
            }
        }
    ],
    "n_classes": 2
}