{
    "subject_id": 10,
    "trial_id": 1,
    "eval_name": "speaker",
    "k_folds": 5,
    "mean_accuracy": 0.29057503223726633,
    "std_accuracy": 0.042341945639063266,
    "fold_results": [
        {
            "fold": 1,
            "accuracy": 0.2851063829787234,
            "auroc": 0.5218067302975545,
            "n_train_samples": 2819,
            "n_test_samples": 705,
            "classification_report": {
                "0": {
                    "precision": 0.3567567567567568,
                    "recall": 0.26506024096385544,
                    "f1-score": 0.30414746543778803,
                    "support": 249.0
                },
                "1": {
                    "precision": 0.014598540145985401,
                    "recall": 0.10526315789473684,
                    "f1-score": 0.02564102564102564,
                    "support": 19.0
                },
                "2": {
                    "precision": 0.0,
                    "recall": 0.0,
                    "f1-score": 0.0,
                    "support": 215.0
                },
                "3": {
                    "precision": 0.3481675392670157,
                    "recall": 0.5990990990990991,
                    "f1-score": 0.44039735099337746,
                    "support": 222.0
                },
                "accuracy": 0.2851063829787234,
                "macro avg": {
                    "precision": 0.17988070904243947,
                    "recall": 0.24235562448942283,
                    "f1-score": 0.1925464605180478,
                    "support": 705.0
                },
                "weighted avg": {
                    "precision": 0.23603262186167898,
                    "recall": 0.2851063829787234,
                    "f1-score": 0.24679164581804044,
                    "support": 705.0
                }
            },
            "auroc_per_class": {
                "class_0": 0.49429296131896006,
                "class_1": 0.46110173392665343,
                "class_2": 0.5878690080683435,
                "class_3": 0.5439632178762613
            }
        },
        {
            "fold": 2,
            "accuracy": 0.2226950354609929,
            "auroc": 0.37034312870212394,
            "n_train_samples": 2819,
            "n_test_samples": 705,
            "classification_report": {
                "0": {
                    "precision": 0.35,
                    "recall": 0.12844036697247707,
                    "f1-score": 0.18791946308724833,
                    "support": 218.0
                },
                "1": {
                    "precision": 0.08097165991902834,
                    "recall": 0.14388489208633093,
                    "f1-score": 0.10362694300518134,
                    "support": 139.0
                },
                "2": {
                    "precision": 0.0,
                    "recall": 0.0,
                    "f1-score": 0.0,
                    "support": 53.0
                },
                "3": {
                    "precision": 0.36454849498327757,
                    "recall": 0.3694915254237288,
                    "f1-score": 0.367003367003367,
                    "support": 295.0
                },
                "accuracy": 0.2226950354609929,
                "macro avg": {
                    "precision": 0.19888003872557647,
                    "recall": 0.16045419612063422,
                    "f1-score": 0.16463744327394916,
                    "support": 705.0
                },
                "weighted avg": {
                    "precision": 0.27673314432455576,
                    "recall": 0.2226950354609929,
                    "f1-score": 0.23210862595281362,
                    "support": 705.0
                }
            },
            "auroc_per_class": {
                "class_0": 0.49167341710152024,
                "class_1": 0.32057604799552586,
                "class_2": 0.23321564995948607,
                "class_3": 0.43590739975196363
            }
        },
        {
            "fold": 3,
            "accuracy": 0.3475177304964539,
            "auroc": 0.5699262364155258,
            "n_train_samples": 2819,
            "n_test_samples": 705,
            "classification_report": {
                "0": {
                    "precision": 0.13953488372093023,
                    "recall": 0.08,
                    "f1-score": 0.1016949152542373,
                    "support": 150.0
                },
                "1": {
                    "precision": 0.44625407166123776,
                    "recall": 0.5150375939849624,
                    "f1-score": 0.4781849912739965,
                    "support": 266.0
                },
                "2": {
                    "precision": 0.40096618357487923,
                    "recall": 0.3738738738738739,
                    "f1-score": 0.38694638694638694,
                    "support": 222.0
                },
                "3": {
                    "precision": 0.12380952380952381,
                    "recall": 0.19402985074626866,
                    "f1-score": 0.1511627906976744,
                    "support": 67.0
                },
                "accuracy": 0.3475177304964539,
                "macro avg": {
                    "precision": 0.27764116569164277,
                    "recall": 0.29073532965127624,
                    "f1-score": 0.2794972710430738,
                    "support": 705.0
                },
                "weighted avg": {
                    "precision": 0.33609013683530503,
                    "recall": 0.3475177304964539,
                    "f1-score": 0.3382715600650507,
                    "support": 705.0
                }
            },
            "auroc_per_class": {
                "class_0": 0.4951351351351352,
                "class_1": 0.5785277544658914,
                "class_2": 0.5825919086788652,
                "class_3": 0.6234501473822112
            }
        },
        {
            "fold": 4,
            "accuracy": 0.32056737588652484,
            "auroc": 0.5384065568741412,
            "n_train_samples": 2819,
            "n_test_samples": 705,
            "classification_report": {
                "0": {
                    "precision": 0.22058823529411764,
                    "recall": 0.08021390374331551,
                    "f1-score": 0.11764705882352941,
                    "support": 187.0
                },
                "1": {
                    "precision": 0.44761904761904764,
                    "recall": 0.6157205240174672,
                    "f1-score": 0.5183823529411765,
                    "support": 229.0
                },
                "2": {
                    "precision": 0.21926910299003322,
                    "recall": 0.44594594594594594,
                    "f1-score": 0.29398663697104677,
                    "support": 148.0
                },
                "3": {
                    "precision": 0.19047619047619047,
                    "recall": 0.028368794326241134,
                    "f1-score": 0.04938271604938271,
                    "support": 141.0
                },
                "accuracy": 0.32056737588652484,
                "macro avg": {
                    "precision": 0.2694881440948472,
                    "recall": 0.29256229200824246,
                    "f1-score": 0.24484969119628386,
                    "support": 705.0
                },
                "weighted avg": {
                    "precision": 0.28803366241763073,
                    "recall": 0.32056737588652484,
                    "f1-score": 0.2711809135577408,
                    "support": 705.0
                }
            },
            "auroc_per_class": {
                "class_0": 0.5227634051163463,
                "class_1": 0.6402792558071264,
                "class_2": 0.5318792760444466,
                "class_3": 0.4587042905286454
            }
        },
        {
            "fold": 5,