{
    "subject_id": 4,
    "trial_id": 1,
    "eval_name": "onset",
    "k_folds": 5,
    "mean_accuracy": 0.5586367696980525,
    "std_accuracy": 0.03856647669729692,
    "fold_results": [
        {
            "fold": 1,
            "accuracy": 0.5551724137931034,
            "auroc": 0.5915101070154578,
            "n_train_samples": 2318,
            "n_test_samples": 580,
            "classification_report": {
                "0": {
                    "precision": 0.5588235294117647,
                    "recall": 0.5241379310344828,
                    "f1-score": 0.5409252669039146,
                    "support": 290.0
                },
                "1": {
                    "precision": 0.551948051948052,
                    "recall": 0.5862068965517241,
                    "f1-score": 0.568561872909699,
                    "support": 290.0
                },
                "accuracy": 0.5551724137931034,
                "macro avg": {
                    "precision": 0.5553857906799083,
                    "recall": 0.5551724137931034,
                    "f1-score": 0.5547435699068068,
                    "support": 580.0
                },
                "weighted avg": {
                    "precision": 0.5553857906799083,
                    "recall": 0.5551724137931034,
                    "f1-score": 0.5547435699068067,
                    "support": 580.0
                }
            }
        },
        {
            "fold": 2,
            "accuracy": 0.6275862068965518,
            "auroc": 0.6503329369797859,
            "n_train_samples": 2318,
            "n_test_samples": 580,
            "classification_report": {
                "0": {
                    "precision": 0.6516393442622951,
                    "recall": 0.5482758620689655,
                    "f1-score": 0.5955056179775281,
                    "support": 290.0
                },
                "1": {
                    "precision": 0.6101190476190477,
                    "recall": 0.7068965517241379,
                    "f1-score": 0.6549520766773163,
                    "support": 290.0
                },
                "accuracy": 0.6275862068965518,
                "macro avg": {
                    "precision": 0.6308791959406714,
                    "recall": 0.6275862068965516,
                    "f1-score": 0.6252288473274221,
                    "support": 580.0
                },
                "weighted avg": {
                    "precision": 0.6308791959406713,
                    "recall": 0.6275862068965518,
                    "f1-score": 0.6252288473274222,
                    "support": 580.0
                }
            }
        },
        {
            "fold": 3,
            "accuracy": 0.5637931034482758,
            "auroc": 0.615564803804994,
            "n_train_samples": 2318,
            "n_test_samples": 580,
            "classification_report": {
                "0": {
                    "precision": 0.5725490196078431,
                    "recall": 0.503448275862069,
                    "f1-score": 0.5357798165137615,
                    "support": 290.0
                },
                "1": {
                    "precision": 0.556923076923077,
                    "recall": 0.6241379310344828,
                    "f1-score": 0.5886178861788618,
                    "support": 290.0
                },
                "accuracy": 0.5637931034482758,
                "macro avg": {
                    "precision": 0.56473604826546,
                    "recall": 0.5637931034482759,
                    "f1-score": 0.5621988513463116,
                    "support": 580.0
                },
                "weighted avg": {
                    "precision": 0.56473604826546,
                    "recall": 0.5637931034482758,
                    "f1-score": 0.5621988513463116,
                    "support": 580.0
                }
            }
        },
        {
            "fold": 4,
            "accuracy": 0.5146804835924007,
            "auroc": 0.5350316191385276,
            "n_train_samples": 2319,
            "n_test_samples": 579,
            "classification_report": {
                "0": {
                    "precision": 0.5169491525423728,
                    "recall": 0.42214532871972316,
                    "f1-score": 0.46476190476190476,
                    "support": 289.0
                },
                "1": {
                    "precision": 0.5131195335276968,
                    "recall": 0.6068965517241379,
                    "f1-score": 0.5560821484992101,
                    "support": 290.0
                },
                "accuracy": 0.5146804835924007,
                "macro avg": {
                    "precision": 0.5150343430350348,
                    "recall": 0.5145209402219305,
                    "f1-score": 0.5104220266305575,
                    "support": 579.0
                },
                "weighted avg": {
                    "precision": 0.51503103593744,
                    "recall": 0.5146804835924007,
                    "f1-score": 0.5105008869446657,
                    "support": 579.0
                }
            }
        },
        {
            "fold": 5,
            "accuracy": 0.531951640759931,
            "auroc": 0.5523923159527503,
            "n_train_samples": 2319,
            "n_test_samples": 579,
            "classification_report": {
                "0": {
                    "precision": 0.5273775216138329,
                    "recall": 0.6310344827586207,
                    "f1-score": 0.5745682888540031,
                    "support": 290.0
                },
                "1": {
                    "precision": 0.5387931034482759,
                    "recall": 0.43252595155709345,
                    "f1-score": 0.4798464491362764,
                    "support": 289.0
                },
                "accuracy": 0.531951640759931,
                "macro avg": {
                    "precision": 0.5330853125310544,
                    "recall": 0.5317802171578571,
                    "f1-score": 0.5272073689951398,
                    "support": 579.0
                },
                "weighted avg": {
                    "precision": 0.5330754545156533,
                    "recall": 0.531951640759931,
                    "f1-score": 0.5272891667841879,
                    "support": 579.0
                }
            }
        }
    ],
    "n_classes": 2
}