{
    "subject_id": 5,
    "trial_id": 0,
    "eval_name": "speaker",
    "k_folds": 5,
    "mean_accuracy": 0.24097274064019905,
    "std_accuracy": 0.02259746856656988,
    "fold_results": [
        {
            "fold": 1,
            "accuracy": 0.2684085510688836,
            "auroc": 0.5290138545047383,
            "n_train_samples": 1683,
            "n_test_samples": 421,
            "classification_report": {
                "0": {
                    "precision": 0.4090909090909091,
                    "recall": 0.3488372093023256,
                    "f1-score": 0.37656903765690375,
                    "support": 129.0
                },
                "1": {
                    "precision": 0.25510204081632654,
                    "recall": 0.27472527472527475,
                    "f1-score": 0.26455026455026454,
                    "support": 91.0
                },
                "2": {
                    "precision": 0.17475728155339806,
                    "recall": 0.24,
                    "f1-score": 0.20224719101123595,
                    "support": 75.0
                },
                "3": {
                    "precision": 0.22727272727272727,
                    "recall": 0.1984126984126984,
                    "f1-score": 0.211864406779661,
                    "support": 126.0
                },
                "accuracy": 0.2684085510688836,
                "macro avg": {
                    "precision": 0.26655573968334023,
                    "recall": 0.2654937956100747,
                    "f1-score": 0.2638077249995163,
                    "support": 421.0
                },
                "weighted avg": {
                    "precision": 0.27964411577168996,
                    "recall": 0.2684085510688836,
                    "f1-score": 0.2720069703370419,
                    "support": 421.0
                }
            },
            "auroc_per_class": {
                "class_0": 0.5840899437188064,
                "class_1": 0.551981351981352,
                "class_2": 0.5189402697495183,
                "class_3": 0.46104385256927627
            }
        },
        {
            "fold": 2,
            "accuracy": 0.25653206650831356,
            "auroc": 0.5150000823121768,
            "n_train_samples": 1683,
            "n_test_samples": 421,
            "classification_report": {
                "0": {
                    "precision": 0.2,
                    "recall": 0.23595505617977527,
                    "f1-score": 0.21649484536082475,
                    "support": 89.0
                },
                "1": {
                    "precision": 0.27450980392156865,
                    "recall": 0.2828282828282828,
                    "f1-score": 0.27860696517412936,
                    "support": 99.0
                },
                "2": {
                    "precision": 0.2890625,
                    "recall": 0.3425925925925926,
                    "f1-score": 0.3135593220338983,
                    "support": 108.0
                },
                "3": {
                    "precision": 0.2558139534883721,
                    "recall": 0.176,
                    "f1-score": 0.20853080568720378,
                    "support": 125.0
                },
                "accuracy": 0.25653206650831356,
                "macro avg": {
                    "precision": 0.2548465643524852,
                    "recall": 0.25934398290016264,
                    "f1-score": 0.25429798456401403,
                    "support": 421.0
                },
                "weighted avg": {
                    "precision": 0.2569405339056575,
                    "recall": 0.25653206650831356,
                    "f1-score": 0.25363631420407057,
                    "support": 421.0
                }
            },
            "auroc_per_class": {
                "class_0": 0.497817111141194,
                "class_1": 0.5002509567726958,
                "class_2": 0.5602295586321147,
                "class_3": 0.5017027027027027
            }
        },
        {
            "fold": 3,
            "accuracy": 0.22802850356294538,
            "auroc": 0.5047610269081904,
            "n_train_samples": 1683,
            "n_test_samples": 421,
            "classification_report": {
                "0": {
                    "precision": 0.1242603550295858,
                    "recall": 0.39622641509433965,
                    "f1-score": 0.1891891891891892,
                    "support": 53.0
                },
                "1": {
                    "precision": 0.3950617283950617,
                    "recall": 0.2644628099173554,
                    "f1-score": 0.31683168316831684,
                    "support": 121.0
                },
                "2": {
                    "precision": 0.1411764705882353,
                    "recall": 0.11538461538461539,
                    "f1-score": 0.12698412698412698,
                    "support": 104.0
                },
                "3": {
                    "precision": 0.36046511627906974,
                    "recall": 0.21678321678321677,
                    "f1-score": 0.27074235807860264,
                    "support": 143.0
                },
                "accuracy": 0.22802850356294538,
                "macro avg": {
                    "precision": 0.2552409175729881,
                    "recall": 0.2482142642948818,
                    "f1-score": 0.22593683935505893,
                    "support": 421.0
                },
                "weighted avg": {
                    "precision": 0.28650150242625644,
                    "recall": 0.22802850356294538,
                    "f1-score": 0.23820942304508966,
                    "support": 421.0
                }
            },
            "auroc_per_class": {
                "class_0": 0.5200984413453651,
                "class_1": 0.5768870523415978,
                "class_2": 0.41121693763649597,
                "class_3": 0.5108416763093022
            }
        },
        {
            "fold": 4,
            "accuracy": 0.2042755344418052,
            "auroc": 0.4457611498438452,
            "n_train_samples": 1683,
            "n_test_samples": 421,
            "classification_report": {
                "0": {
                    "precision": 0.3611111111111111,
                    "recall": 0.2565789473684211,
                    "f1-score": 0.3,
                    "support": 152.0
                },
                "1": {
                    "precision": 0.19387755102040816,
                    "recall": 0.15702479338842976,
                    "f1-score": 0.1735159817351598,
                    "support": 121.0
                },
                "2": {
                    "precision": 0.10227272727272728,
                    "recall": 0.12857142857142856,
                    "f1-score": 0.11392405063291139,
                    "support": 70.0
                },
                "3": {
                    "precision": 0.14960629921259844,
                    "recall": 0.24358974358974358,
                    "f1-score": 0.18536585365853658,
                    "support": 78.0
                },
                "accuracy": 0.2042755344418052,
                "macro avg": {
                    "precision": 0.20171692215421122,
                    "recall": 0.19644122822950574,
                    "f1-score": 0.19320147150665196,
                    "support": 421.0
                },
                "weighted avg": {
                    "precision": 0.2308229330404557,
                    "recall": 0.2042755344418052,
                    "f1-score": 0.21146948674495009,
                    "support": 421.0
                }
            },
            "auroc_per_class": {
                "class_0": 0.49099980434357265,
                "class_1": 0.45049586776859496,
                "class_2": 0.40879120879120884,