{
    "subject_id": 1,
    "trial_id": 1,
    "eval_name": "delta_volume",
    "k_folds": 5,
    "mean_accuracy": 0.7471260237181063,
    "std_accuracy": 0.00926760435862568,
    "fold_results": [
        {
            "fold": 1,
            "accuracy": 0.7442075996292864,
            "auroc": 0.8028224421081565,
            "n_train_samples": 4315,
            "n_test_samples": 1079,
            "classification_report": {
                "0": {
                    "precision": 0.7533718689788054,
                    "recall": 0.725417439703154,
                    "f1-score": 0.7391304347826086,
                    "support": 539.0
                },
                "1": {
                    "precision": 0.7357142857142858,
                    "recall": 0.762962962962963,
                    "f1-score": 0.7490909090909091,
                    "support": 540.0
                },
                "accuracy": 0.7442075996292864,
                "macro avg": {
                    "precision": 0.7445430773465456,
                    "recall": 0.7441902013330585,
                    "f1-score": 0.744110671936759,
                    "support": 1079.0
                },
                "weighted avg": {
                    "precision": 0.7445348949631978,
                    "recall": 0.7442075996292864,
                    "f1-score": 0.744115287541165,
                    "support": 1079.0
                }
            }
        },
        {
            "fold": 2,
            "accuracy": 0.7645968489341983,
            "auroc": 0.8226585323938822,
            "n_train_samples": 4315,
            "n_test_samples": 1079,
            "classification_report": {
                "0": {
                    "precision": 0.7913385826771654,
                    "recall": 0.730909090909091,
                    "f1-score": 0.7599243856332704,
                    "support": 550.0
                },
                "1": {
                    "precision": 0.7408056042031523,
                    "recall": 0.7996219281663516,
                    "f1-score": 0.769090909090909,
                    "support": 529.0
                },
                "accuracy": 0.7645968489341983,
                "macro avg": {
                    "precision": 0.7660720934401588,
                    "recall": 0.7652655095377212,
                    "f1-score": 0.7645076473620898,
                    "support": 1079.0
                },
                "weighted avg": {
                    "precision": 0.7665638416088124,
                    "recall": 0.7645968489341983,
                    "f1-score": 0.7644184457899811,
                    "support": 1079.0
                }
            }
        },
        {
            "fold": 3,
            "accuracy": 0.7451343836886005,
            "auroc": 0.8295926292493161,
            "n_train_samples": 4315,
            "n_test_samples": 1079,
            "classification_report": {
                "0": {
                    "precision": 0.7768762677484787,
                    "recall": 0.698905109489051,
                    "f1-score": 0.7358309317963496,
                    "support": 548.0
                },
                "1": {
                    "precision": 0.7184300341296929,
                    "recall": 0.7928436911487758,
                    "f1-score": 0.7538048343777977,
                    "support": 531.0
                },
                "accuracy": 0.7451343836886005,
                "macro avg": {
                    "precision": 0.7476531509390858,
                    "recall": 0.7458744003189135,
                    "f1-score": 0.7448178830870736,
                    "support": 1079.0
                },
                "weighted avg": {
                    "precision": 0.7481135707590669,
                    "recall": 0.7451343836886005,
                    "f1-score": 0.7446762907127064,
                    "support": 1079.0
                }
            }
        },
        {
            "fold": 4,
            "accuracy": 0.736793327154773,
            "auroc": 0.8302716176723397,
            "n_train_samples": 4315,
            "n_test_samples": 1079,
            "classification_report": {
                "0": {
                    "precision": 0.7766393442622951,
                    "recall": 0.6841155234657039,
                    "f1-score": 0.727447216890595,
                    "support": 554.0
                },
                "1": {
                    "precision": 0.7038917089678511,
                    "recall": 0.7923809523809524,
                    "f1-score": 0.7455197132616488,
                    "support": 525.0
                },
                "accuracy": 0.736793327154773,
                "macro avg": {
                    "precision": 0.740265526615073,
                    "recall": 0.7382482379233282,
                    "f1-score": 0.7364834650761218,
                    "support": 1079.0
                },
                "weighted avg": {
                    "precision": 0.7412431361718568,
                    "recall": 0.736793327154773,
                    "f1-score": 0.7362406002036657,
                    "support": 1079.0
                }
            }
        },
        {
            "fold": 5,
            "accuracy": 0.7448979591836735,
            "auroc": 0.8055282092733259,
            "n_train_samples": 4316,
            "n_test_samples": 1078,
            "classification_report": {
                "0": {
                    "precision": 0.7386831275720165,
                    "recall": 0.7080867850098619,
                    "f1-score": 0.7230614300100705,
                    "support": 507.0
                },
                "1": {
                    "precision": 0.75,
                    "recall": 0.7775831873905429,
                    "f1-score": 0.763542562338779,
                    "support": 571.0
                },
                "accuracy": 0.7448979591836735,
                "macro avg": {
                    "precision": 0.7443415637860082,
                    "recall": 0.7428349862002024,
                    "f1-score": 0.7433019961744247,
                    "support": 1078.0
                },
                "weighted avg": {
                    "precision": 0.7446775006298816,
                    "recall": 0.7448979591836735,
                    "f1-score": 0.744503662440212,
                    "support": 1078.0
                }
            }
        }
    ],
    "n_classes": 2
}