{
    "subject_id": 7,
    "trial_id": 0,
    "eval_name": "volume",
    "k_folds": 5,
    "mean_accuracy": 0.5010296533241118,
    "std_accuracy": 0.040489899170152346,
    "fold_results": [
        {
            "fold": 1,
            "accuracy": 0.483271375464684,
            "auroc": 0.5405717329545454,
            "n_train_samples": 4303,
            "n_test_samples": 1076,
            "classification_report": {
                "0": {
                    "precision": 0.7488262910798122,
                    "recall": 0.4153645833333333,
                    "f1-score": 0.5343383584589615,
                    "support": 768.0
                },
                "1": {
                    "precision": 0.30923076923076925,
                    "recall": 0.6525974025974026,
                    "f1-score": 0.4196242171189979,
                    "support": 308.0
                },
                "accuracy": 0.483271375464684,
                "macro avg": {
                    "precision": 0.5290285301552907,
                    "recall": 0.5339809929653679,
                    "f1-score": 0.4769812877889797,
                    "support": 1076.0
                },
                "weighted avg": {
                    "precision": 0.6229941156806439,
                    "recall": 0.483271375464684,
                    "f1-score": 0.5015019685586745,
                    "support": 1076.0
                }
            }
        },
        {
            "fold": 2,
            "accuracy": 0.45817843866171004,
            "auroc": 0.507326915578639,
            "n_train_samples": 4303,
            "n_test_samples": 1076,
            "classification_report": {
                "0": {
                    "precision": 0.3547008547008547,
                    "recall": 0.6569920844327177,
                    "f1-score": 0.4606845513413506,
                    "support": 379.0
                },
                "1": {
                    "precision": 0.6524064171122995,
                    "recall": 0.3500717360114778,
                    "f1-score": 0.4556489262371615,
                    "support": 697.0
                },
                "accuracy": 0.45817843866171004,
                "macro avg": {
                    "precision": 0.5035536359065771,
                    "recall": 0.5035319102220978,
                    "f1-score": 0.45816673878925607,
                    "support": 1076.0
                },
                "weighted avg": {
                    "precision": 0.5475454429915396,
                    "recall": 0.4581784386617101,
                    "f1-score": 0.4574226269011835,
                    "support": 1076.0
                }
            }
        },
        {
            "fold": 3,
            "accuracy": 0.4656133828996282,
            "auroc": 0.5002639386934125,
            "n_train_samples": 4303,
            "n_test_samples": 1076,
            "classification_report": {
                "0": {
                    "precision": 0.7349896480331263,
                    "recall": 0.442643391521197,
                    "f1-score": 0.5525291828793775,
                    "support": 802.0
                },
                "1": {
                    "precision": 0.24620573355817876,
                    "recall": 0.5328467153284672,
                    "f1-score": 0.33679354094579006,
                    "support": 274.0
                },
                "accuracy": 0.4656133828996282,
                "macro avg": {
                    "precision": 0.4905976907956525,
                    "recall": 0.4877450534248321,
                    "f1-score": 0.44466136191258376,
                    "support": 1076.0
                },
                "weighted avg": {
                    "precision": 0.610522368696569,
                    "recall": 0.4656133828996282,
                    "f1-score": 0.4975927833535383,
                    "support": 1076.0
                }
            }
        },
        {
            "fold": 4,
            "accuracy": 0.5585501858736059,
            "auroc": 0.5591821481956012,
            "n_train_samples": 4303,
            "n_test_samples": 1076,
            "classification_report": {
                "0": {
                    "precision": 0.4697286012526096,
                    "recall": 0.5044843049327354,
                    "f1-score": 0.4864864864864865,
                    "support": 446.0
                },
                "1": {
                    "precision": 0.6298157453936348,
                    "recall": 0.5968253968253968,
                    "f1-score": 0.612876935615322,
                    "support": 630.0
                },
                "accuracy": 0.5585501858736059,
                "macro avg": {
                    "precision": 0.5497721733231222,
                    "recall": 0.5506548508790661,
                    "f1-score": 0.5496817110509042,
                    "support": 1076.0
                },
                "weighted avg": {
                    "precision": 0.5634599217069274,
                    "recall": 0.5585501858736059,
                    "f1-score": 0.560488329377905,
                    "support": 1076.0
                }
            }
        },
        {
            "fold": 5,
            "accuracy": 0.5395348837209303,
            "auroc": 0.5401282051282053,
            "n_train_samples": 4304,
            "n_test_samples": 1075,
            "classification_report": {
                "0": {
                    "precision": 0.3046875,
                    "recall": 0.5288135593220339,
                    "f1-score": 0.38661710037174724,
                    "support": 295.0
                },
                "1": {
                    "precision": 0.7531083481349912,
                    "recall": 0.5435897435897435,
                    "f1-score": 0.6314221891288161,
                    "support": 780.0
                },
                "accuracy": 0.5395348837209303,
                "macro avg": {
                    "precision": 0.5288979240674956,
                    "recall": 0.5362016514558887,
                    "f1-score": 0.5090196447502817,
                    "support": 1075.0
                },
                "weighted avg": {
                    "precision": 0.6300533246932959,
                    "recall": 0.5395348837209303,
                    "f1-score": 0.5642431182605973,
                    "support": 1075.0
                }
            }
        }
    ],
    "n_classes": 2
}