{
    "subject_id": 3,
    "trial_id": 0,
    "eval_name": "local_flow_angle",
    "k_folds": 5,
    "mean_accuracy": 0.1908496732026144,
    "std_accuracy": 0.10122492970667808,
    "fold_results": [
        {
            "fold": 1,
            "accuracy": 0.3333333333333333,
            "auroc": 0.6063639485514485,
            "n_train_samples": 70,
            "n_test_samples": 18,
            "classification_report": {
                "0": {
                    "precision": 0.4444444444444444,
                    "recall": 1.0,
                    "f1-score": 0.6153846153846154,
                    "support": 4.0
                },
                "1": {
                    "precision": 0.0,
                    "recall": 0.0,
                    "f1-score": 0.0,
                    "support": 2.0
                },
                "2": {
                    "precision": 0.4,
                    "recall": 0.4,
                    "f1-score": 0.4,
                    "support": 5.0
                },
                "3": {
                    "precision": 0.0,
                    "recall": 0.0,
                    "f1-score": 0.0,
                    "support": 7.0
                },
                "accuracy": 0.3333333333333333,
                "macro avg": {
                    "precision": 0.2111111111111111,
                    "recall": 0.35,
                    "f1-score": 0.25384615384615383,
                    "support": 18.0
                },
                "weighted avg": {
                    "precision": 0.20987654320987653,
                    "recall": 0.3333333333333333,
                    "f1-score": 0.24786324786324787,
                    "support": 18.0
                }
            },
            "auroc_per_class": {
                "class_0": 0.8214285714285714,
                "class_1": 0.78125,
                "class_2": 0.4461538461538461,
                "class_3": 0.37662337662337664
            }
        },
        {
            "fold": 2,
            "accuracy": 0.2777777777777778,
            "auroc": 0.570436507936508,
            "n_train_samples": 70,
            "n_test_samples": 18,
            "classification_report": {
                "0": {
                    "precision": 0.3333333333333333,
                    "recall": 0.6666666666666666,
                    "f1-score": 0.4444444444444444,
                    "support": 3.0
                },
                "1": {
                    "precision": 0.6666666666666666,
                    "recall": 0.2857142857142857,
                    "f1-score": 0.4,
                    "support": 7.0
                },
                "2": {
                    "precision": 0.0,
                    "recall": 0.0,
                    "f1-score": 0.0,
                    "support": 4.0
                },
                "3": {
                    "precision": 0.14285714285714285,
                    "recall": 0.25,
                    "f1-score": 0.18181818181818182,
                    "support": 4.0
                },
                "accuracy": 0.2777777777777778,
                "macro avg": {
                    "precision": 0.2857142857142857,
                    "recall": 0.3005952380952381,
                    "f1-score": 0.25656565656565655,
                    "support": 18.0
                },
                "weighted avg": {
                    "precision": 0.3465608465608465,
                    "recall": 0.2777777777777778,
                    "f1-score": 0.27003367003367007,
                    "support": 18.0
                }
            },
            "auroc_per_class": {
                "class_0": 0.888888888888889,
                "class_1": 0.5714285714285714,
                "class_2": 0.4642857142857143,
                "class_3": 0.35714285714285715
            }
        },
        {
            "fold": 3,
            "accuracy": 0.16666666666666666,
            "auroc": 0.5211909006026653,
            "n_train_samples": 70,
            "n_test_samples": 18,
            "classification_report": {
                "0": {
                    "precision": 1.0,
                    "recall": 0.14285714285714285,
                    "f1-score": 0.25,
                    "support": 7.0
                },
                "1": {
                    "precision": 0.0,
                    "recall": 0.0,
                    "f1-score": 0.0,
                    "support": 3.0
                },
                "2": {
                    "precision": 0.0,
                    "recall": 0.0,
                    "f1-score": 0.0,
                    "support": 1.0
                },
                "3": {
                    "precision": 0.2857142857142857,
                    "recall": 0.2857142857142857,
                    "f1-score": 0.2857142857142857,
                    "support": 7.0
                },
                "accuracy": 0.16666666666666666,
                "macro avg": {
                    "precision": 0.3214285714285714,
                    "recall": 0.10714285714285714,
                    "f1-score": 0.13392857142857142,
                    "support": 18.0
                },
                "weighted avg": {
                    "precision": 0.5,
                    "recall": 0.16666666666666666,
                    "f1-score": 0.20833333333333334,
                    "support": 18.0
                }
            },
            "auroc_per_class": {
                "class_0": 0.3896103896103896,
                "class_1": 0.4888888888888889,
                "class_2": 0.7647058823529411,
                "class_3": 0.44155844155844154
            }
        },
        {
            "fold": 4,
            "accuracy": 0.11764705882352941,
            "auroc": 0.5399954212454212,
            "n_train_samples": 71,
            "n_test_samples": 17,
            "classification_report": {
                "0": {
                    "precision": 0.25,
                    "recall": 0.6666666666666666,
                    "f1-score": 0.36363636363636365,
                    "support": 3.0
                },
                "1": {
                    "precision": 0.0,
                    "recall": 0.0,
                    "f1-score": 0.0,
                    "support": 8.0
                },
                "2": {
                    "precision": 0.0,
                    "recall": 0.0,
                    "f1-score": 0.0,
                    "support": 4.0
                },
                "3": {
                    "precision": 0.0,
                    "recall": 0.0,
                    "f1-score": 0.0,
                    "support": 2.0
                },
                "accuracy": 0.11764705882352941,
                "macro avg": {
                    "precision": 0.0625,
                    "recall": 0.16666666666666666,
                    "f1-score": 0.09090909090909091,
                    "support": 17.0
                },
                "weighted avg": {
                    "precision": 0.04411764705882353,
                    "recall": 0.11764705882352941,
                    "f1-score": 0.0641711229946524,
                    "support": 17.0
                }
            },
            "auroc_per_class": {
                "class_0": 0.5952380952380951,
                "class_1": 0.7083333333333334,
                "class_2": 0.42307692307692313,
                "class_3": 0.43333333333333335
            }
        },
        {
            "fold": 5,
            "accuracy": 0.058823529411764705,
            "auroc": 0.37569444444444444,
            "n_train_samples": 71,
            "n_test_samples": 17,
            "classification_report": {
                "0": {
                    "precision": 0.25,
                    "recall": 0.2,
                    "f1-score": 0.2222222222222222,
                    "support": 5.0
                },
                "1": {
                    "precision": 0.0,
                    "recall": 0.0,