{
    "subject_id": 5,
    "trial_id": 0,
    "eval_name": "global_flow",
    "k_folds": 5,
    "mean_accuracy": 0.5106303509417658,
    "std_accuracy": 0.00879861596012939,
    "fold_results": [
        {
            "fold": 1,
            "accuracy": 0.5132743362831859,
            "auroc": 0.5433679056883334,
            "n_train_samples": 3161,
            "n_test_samples": 791,
            "classification_report": {
                "0": {
                    "precision": 0.46954314720812185,
                    "recall": 0.5124653739612188,
                    "f1-score": 0.4900662251655629,
                    "support": 361.0
                },
                "1": {
                    "precision": 0.5566750629722922,
                    "recall": 0.513953488372093,
                    "f1-score": 0.5344619105199516,
                    "support": 430.0
                },
                "accuracy": 0.5132743362831859,
                "macro avg": {
                    "precision": 0.513109105090207,
                    "recall": 0.513209431166656,
                    "f1-score": 0.5122640678427572,
                    "support": 791.0
                },
                "weighted avg": {
                    "precision": 0.5169094225287202,
                    "recall": 0.5132743362831859,
                    "f1-score": 0.514200415686912,
                    "support": 791.0
                }
            }
        },
        {
            "fold": 2,
            "accuracy": 0.4968394437420986,
            "auroc": 0.5140845070422535,
            "n_train_samples": 3161,
            "n_test_samples": 791,
            "classification_report": {
                "0": {
                    "precision": 0.5348258706467661,
                    "recall": 0.5046948356807511,
                    "f1-score": 0.5193236714975845,
                    "support": 426.0
                },
                "1": {
                    "precision": 0.45758354755784064,
                    "recall": 0.4876712328767123,
                    "f1-score": 0.47214854111405835,
                    "support": 365.0
                },
                "accuracy": 0.4968394437420986,
                "macro avg": {
                    "precision": 0.4962047091023034,
                    "recall": 0.4961830342787317,
                    "f1-score": 0.49573610630582143,
                    "support": 791.0
                },
                "weighted avg": {
                    "precision": 0.49918307933518863,
                    "recall": 0.4968394437420986,
                    "f1-score": 0.4975551220791432,
                    "support": 791.0
                }
            }
        },
        {
            "fold": 3,
            "accuracy": 0.5113924050632911,
            "auroc": 0.5181741009415033,
            "n_train_samples": 3162,
            "n_test_samples": 790,
            "classification_report": {
                "0": {
                    "precision": 0.4823232323232323,
                    "recall": 0.5134408602150538,
                    "f1-score": 0.4973958333333333,
                    "support": 372.0
                },
                "1": {
                    "precision": 0.5406091370558376,
                    "recall": 0.5095693779904307,
                    "f1-score": 0.5246305418719212,
                    "support": 418.0
                },
                "accuracy": 0.5113924050632911,
                "macro avg": {
                    "precision": 0.511466184689535,
                    "recall": 0.5115051191027422,
                    "f1-score": 0.5110131876026273,
                    "support": 790.0
                },
                "weighted avg": {
                    "precision": 0.5131631160931424,
                    "recall": 0.5113924050632911,
                    "f1-score": 0.5118060968385608,
                    "support": 790.0
                }
            }
        },
        {
            "fold": 4,
            "accuracy": 0.5240506329113924,
            "auroc": 0.5509569875695637,
            "n_train_samples": 3162,
            "n_test_samples": 790,
            "classification_report": {
                "0": {
                    "precision": 0.5846153846153846,
                    "recall": 0.5158371040723982,
                    "f1-score": 0.5480769230769231,
                    "support": 442.0
                },
                "1": {
                    "precision": 0.465,
                    "recall": 0.5344827586206896,
                    "f1-score": 0.49732620320855614,
                    "support": 348.0
                },
                "accuracy": 0.5240506329113924,
                "macro avg": {
                    "precision": 0.5248076923076923,
                    "recall": 0.5251599313465439,
                    "f1-score": 0.5227015631427396,
                    "support": 790.0
                },
                "weighted avg": {
                    "precision": 0.5319240506329114,
                    "recall": 0.5240506329113924,
                    "f1-score": 0.5257209097678197,
                    "support": 790.0
                }
            }
        },
        {
            "fold": 5,
            "accuracy": 0.5075949367088608,
            "auroc": 0.5249254805221503,
            "n_train_samples": 3162,
            "n_test_samples": 790,
            "classification_report": {
                "0": {
                    "precision": 0.48346055979643765,
                    "recall": 0.5053191489361702,
                    "f1-score": 0.494148244473342,
                    "support": 376.0
                },
                "1": {
                    "precision": 0.5314861460957179,
                    "recall": 0.5096618357487923,
                    "f1-score": 0.5203452527743526,
                    "support": 414.0
                },
                "accuracy": 0.5075949367088608,
                "macro avg": {
                    "precision": 0.5074733529460778,
                    "recall": 0.5074904923424812,
                    "f1-score": 0.5072467486238473,
                    "support": 790.0
                },
                "weighted avg": {
                    "precision": 0.5086283986925161,
                    "recall": 0.5075949367088608,
                    "f1-score": 0.5078768032538716,
                    "support": 790.0
                }
            }
        }
    ],
    "n_classes": 2
}