{
    "subject_id": 4,
    "trial_id": 2,
    "eval_name": "frame_brightness",
    "k_folds": 5,
    "mean_accuracy": 0.4356109481915934,
    "std_accuracy": 0.03331477989028104,
    "fold_results": [
        {
            "fold": 1,
            "accuracy": 0.4173387096774194,
            "auroc": 0.47344795904974407,
            "n_train_samples": 1981,
            "n_test_samples": 496,
            "classification_report": {
                "0": {
                    "precision": 0.8043478260869565,
                    "recall": 0.3690773067331671,
                    "f1-score": 0.505982905982906,
                    "support": 401.0
                },
                "1": {
                    "precision": 0.1891025641025641,
                    "recall": 0.6210526315789474,
                    "f1-score": 0.28992628992628994,
                    "support": 95.0
                },
                "accuracy": 0.4173387096774194,
                "macro avg": {
                    "precision": 0.4967251950947603,
                    "recall": 0.49506496915605724,
                    "f1-score": 0.397954597954598,
                    "support": 496.0
                },
                "weighted avg": {
                    "precision": 0.686508511795591,
                    "recall": 0.4173387096774194,
                    "f1-score": 0.4646010944398041,
                    "support": 496.0
                }
            }
        },
        {
            "fold": 2,
            "accuracy": 0.44556451612903225,
            "auroc": 0.46009765468662445,
            "n_train_samples": 1981,
            "n_test_samples": 496,
            "classification_report": {
                "0": {
                    "precision": 0.18835616438356165,
                    "recall": 0.5913978494623656,
                    "f1-score": 0.2857142857142857,
                    "support": 93.0
                },
                "1": {
                    "precision": 0.8137254901960784,
                    "recall": 0.4119106699751861,
                    "f1-score": 0.5469522240527183,
                    "support": 403.0
                },
                "accuracy": 0.44556451612903225,
                "macro avg": {
                    "precision": 0.50104082728982,
                    "recall": 0.5016542597187759,
                    "f1-score": 0.416333254883502,
                    "support": 496.0
                },
                "weighted avg": {
                    "precision": 0.6964687416062315,
                    "recall": 0.44556451612903225,
                    "f1-score": 0.4979701106142621,
                    "support": 496.0
                }
            }
        },
        {
            "fold": 3,
            "accuracy": 0.397979797979798,
            "auroc": 0.43319478521990695,
            "n_train_samples": 1982,
            "n_test_samples": 495,
            "classification_report": {
                "0": {
                    "precision": 0.5885714285714285,
                    "recall": 0.3130699088145897,
                    "f1-score": 0.4087301587301587,
                    "support": 329.0
                },
                "1": {
                    "precision": 0.29375,
                    "recall": 0.5662650602409639,
                    "f1-score": 0.3868312757201646,
                    "support": 166.0
                },
                "accuracy": 0.397979797979798,
                "macro avg": {
                    "precision": 0.44116071428571424,
                    "recall": 0.4396674845277768,
                    "f1-score": 0.3977807172251617,
                    "support": 495.0
                },
                "weighted avg": {
                    "precision": 0.48970202020202014,
                    "recall": 0.397979797979798,
                    "f1-score": 0.40138629089246375,
                    "support": 495.0
                }
            }
        },
        {
            "fold": 4,
            "accuracy": 0.4222222222222222,
            "auroc": 0.41893657325756095,
            "n_train_samples": 1982,
            "n_test_samples": 495,
            "classification_report": {
                "0": {
                    "precision": 0.4166666666666667,
                    "recall": 0.3373015873015873,
                    "f1-score": 0.37280701754385964,
                    "support": 252.0
                },
                "1": {
                    "precision": 0.4261168384879725,
                    "recall": 0.5102880658436214,
                    "f1-score": 0.46441947565543074,
                    "support": 243.0
                },
                "accuracy": 0.4222222222222222,
                "macro avg": {
                    "precision": 0.4213917525773196,
                    "recall": 0.42379482657260437,
                    "f1-score": 0.41861324659964516,
                    "support": 495.0
                },
                "weighted avg": {
                    "precision": 0.4213058419243987,
                    "recall": 0.4222222222222222,
                    "f1-score": 0.4177804060713582,
                    "support": 495.0
                }
            }
        },
        {
            "fold": 5,
            "accuracy": 0.494949494949495,
            "auroc": 0.46425281851005823,
            "n_train_samples": 1982,
            "n_test_samples": 495,
            "classification_report": {
                "0": {
                    "precision": 0.33955223880597013,
                    "recall": 0.5548780487804879,
                    "f1-score": 0.4212962962962963,
                    "support": 164.0
                },
                "1": {
                    "precision": 0.6784140969162996,
                    "recall": 0.4652567975830816,
                    "f1-score": 0.5519713261648745,
                    "support": 331.0
                },
                "accuracy": 0.494949494949495,
                "macro avg": {
                    "precision": 0.5089831678611348,
                    "recall": 0.5100674231817848,
                    "f1-score": 0.4866338112305854,
                    "support": 495.0
                },
                "weighted avg": {
                    "precision": 0.5661447136231803,
                    "recall": 0.494949494949495,
                    "f1-score": 0.5086769728346789,
                    "support": 495.0
                }
            }
        }
    ],
    "n_classes": 2
}