{
    "subject_id": 6,
    "trial_id": 0,
    "eval_name": "pitch",
    "k_folds": 5,
    "mean_accuracy": 0.5343765948608391,
    "std_accuracy": 0.028513564304201763,
    "fold_results": [
        {
            "fold": 1,
            "accuracy": 0.5279805352798054,
            "auroc": 0.522492439516129,
            "n_train_samples": 1640,
            "n_test_samples": 411,
            "classification_report": {
                "0": {
                    "precision": 0.4057971014492754,
                    "recall": 0.5419354838709678,
                    "f1-score": 0.46408839779005523,
                    "support": 155.0
                },
                "1": {
                    "precision": 0.6519607843137255,
                    "recall": 0.51953125,
                    "f1-score": 0.5782608695652174,
                    "support": 256.0
                },
                "accuracy": 0.5279805352798054,
                "macro avg": {
                    "precision": 0.5288789428815004,
                    "recall": 0.5307333669354839,
                    "f1-score": 0.5211746336776363,
                    "support": 411.0
                },
                "weighted avg": {
                    "precision": 0.559125332138568,
                    "recall": 0.5279805352798054,
                    "f1-score": 0.5352031247351684,
                    "support": 411.0
                }
            }
        },
        {
            "fold": 2,
            "accuracy": 0.5195121951219512,
            "auroc": 0.5313333333333333,
            "n_train_samples": 1641,
            "n_test_samples": 410,
            "classification_report": {
                "0": {
                    "precision": 0.3853658536585366,
                    "recall": 0.5266666666666666,
                    "f1-score": 0.4450704225352113,
                    "support": 150.0
                },
                "1": {
                    "precision": 0.6536585365853659,
                    "recall": 0.5153846153846153,
                    "f1-score": 0.5763440860215053,
                    "support": 260.0
                },
                "accuracy": 0.5195121951219512,
                "macro avg": {
                    "precision": 0.5195121951219512,
                    "recall": 0.521025641025641,
                    "f1-score": 0.5107072542783583,
                    "support": 410.0
                },
                "weighted avg": {
                    "precision": 0.5555026769779894,
                    "recall": 0.5195121951219512,
                    "f1-score": 0.5283171359655441,
                    "support": 410.0
                }
            }
        },
        {
            "fold": 3,
            "accuracy": 0.5853658536585366,
            "auroc": 0.6047727272727274,
            "n_train_samples": 1641,
            "n_test_samples": 410,
            "classification_report": {
                "0": {
                    "precision": 0.625,
                    "recall": 0.5681818181818182,
                    "f1-score": 0.5952380952380952,
                    "support": 220.0
                },
                "1": {
                    "precision": 0.5476190476190477,
                    "recall": 0.6052631578947368,
                    "f1-score": 0.575,
                    "support": 190.0
                },
                "accuracy": 0.5853658536585366,
                "macro avg": {
                    "precision": 0.5863095238095238,
                    "recall": 0.5867224880382775,
                    "f1-score": 0.5851190476190475,
                    "support": 410.0
                },
                "weighted avg": {
                    "precision": 0.5891405342624855,
                    "recall": 0.5853658536585366,
                    "f1-score": 0.5858594657375146,
                    "support": 410.0
                }
            }
        },
        {
            "fold": 4,
            "accuracy": 0.5,
            "auroc": 0.5033477698128236,
            "n_train_samples": 1641,
            "n_test_samples": 410,
            "classification_report": {
                "0": {
                    "precision": 0.6174863387978142,
                    "recall": 0.45564516129032256,
                    "f1-score": 0.5243619489559165,
                    "support": 248.0
                },
                "1": {
                    "precision": 0.4052863436123348,
                    "recall": 0.5679012345679012,
                    "f1-score": 0.4730077120822622,
                    "support": 162.0
                },
                "accuracy": 0.5,
                "macro avg": {
                    "precision": 0.5113863412050745,
                    "recall": 0.5117731979291119,
                    "f1-score": 0.49868483051908935,
                    "support": 410.0
                },
                "weighted avg": {
                    "precision": 0.5336414626513566,
                    "recall": 0.5,
                    "f1-score": 0.5040707626790092,
                    "support": 410.0
                }
            }
        },
        {
            "fold": 5,
            "accuracy": 0.5390243902439025,
            "auroc": 0.6024772790211727,
            "n_train_samples": 1641,
            "n_test_samples": 410,
            "classification_report": {
                "0": {
                    "precision": 0.6584158415841584,
                    "recall": 0.525691699604743,
                    "f1-score": 0.5846153846153846,
                    "support": 253.0
                },
                "1": {
                    "precision": 0.4230769230769231,
                    "recall": 0.5605095541401274,
                    "f1-score": 0.4821917808219178,
                    "support": 157.0
                },
                "accuracy": 0.5390243902439025,
                "macro avg": {
                    "precision": 0.5407463823305407,
                    "recall": 0.5431006268724352,
                    "f1-score": 0.5334035827186512,
                    "support": 410.0
                },
                "weighted avg": {
                    "precision": 0.5682982557167536,
                    "recall": 0.5390243902439025,
                    "f1-score": 0.5453946387725206,
                    "support": 410.0
                }
            }
        }
    ],
    "n_classes": 2
}