{
    "subject_id": 6,
    "trial_id": 1,
    "eval_name": "word_part_speech",
    "k_folds": 5,
    "mean_accuracy": 0.2569303863471849,
    "std_accuracy": 0.016622928541547958,
    "fold_results": [
        {
            "fold": 1,
            "accuracy": 0.28589108910891087,
            "auroc": 0.5381153485765305,
            "n_train_samples": 3228,
            "n_test_samples": 808,
            "classification_report": {
                "0": {
                    "precision": 0.3167420814479638,
                    "recall": 0.330188679245283,
                    "f1-score": 0.3233256351039261,
                    "support": 212.0
                },
                "1": {
                    "precision": 0.291005291005291,
                    "recall": 0.26066350710900477,
                    "f1-score": 0.275,
                    "support": 211.0
                },
                "2": {
                    "precision": 0.2849740932642487,
                    "recall": 0.2894736842105263,
                    "f1-score": 0.28720626631853785,
                    "support": 190.0
                },
                "3": {
                    "precision": 0.24878048780487805,
                    "recall": 0.26153846153846155,
                    "f1-score": 0.255,
                    "support": 195.0
                },
                "accuracy": 0.28589108910891087,
                "macro avg": {
                    "precision": 0.28537548838059534,
                    "recall": 0.2854660830258189,
                    "f1-score": 0.285132975355616,
                    "support": 808.0
                },
                "weighted avg": {
                    "precision": 0.28614939419708313,
                    "recall": 0.28589108910891087,
                    "f1-score": 0.28572305104276546,
                    "support": 808.0
                }
            },
            "auroc_per_class": {
                "class_0": 0.5612416107382551,
                "class_1": 0.5085181039478593,
                "class_2": 0.570328734457503,
                "class_3": 0.5123729451625048
            }
        },
        {
            "fold": 2,
            "accuracy": 0.2527881040892193,
            "auroc": 0.5027161971091426,
            "n_train_samples": 3229,
            "n_test_samples": 807,
            "classification_report": {
                "0": {
                    "precision": 0.2916666666666667,
                    "recall": 0.3118811881188119,
                    "f1-score": 0.3014354066985646,
                    "support": 202.0
                },
                "1": {
                    "precision": 0.23711340206185566,
                    "recall": 0.22885572139303484,
                    "f1-score": 0.23291139240506328,
                    "support": 201.0
                },
                "2": {
                    "precision": 0.23300970873786409,
                    "recall": 0.22429906542056074,
                    "f1-score": 0.22857142857142856,
                    "support": 214.0
                },
                "3": {
                    "precision": 0.24607329842931938,
                    "recall": 0.24736842105263157,
                    "f1-score": 0.24671916010498687,
                    "support": 190.0
                },
                "accuracy": 0.2527881040892193,
                "macro avg": {
                    "precision": 0.2519657689739265,
                    "recall": 0.25310109899625977,
                    "f1-score": 0.2524093469450108,
                    "support": 807.0
                },
                "weighted avg": {
                    "precision": 0.2517899192720858,
                    "recall": 0.2527881040892193,
                    "f1-score": 0.2521636532351437,
                    "support": 807.0
                }
            },
            "auroc_per_class": {
                "class_0": 0.5417723590540873,
                "class_1": 0.47961512569167364,
                "class_2": 0.5013002159146428,
                "class_3": 0.4881770877761665
            }
        },
        {
            "fold": 3,
            "accuracy": 0.2577447335811648,
            "auroc": 0.5083044318905428,
            "n_train_samples": 3229,
            "n_test_samples": 807,
            "classification_report": {
                "0": {
                    "precision": 0.27692307692307694,
                    "recall": 0.25471698113207547,
                    "f1-score": 0.26535626535626533,
                    "support": 212.0
                },
                "1": {
                    "precision": 0.24257425742574257,
                    "recall": 0.25,
                    "f1-score": 0.24623115577889448,
                    "support": 196.0
                },
                "2": {
                    "precision": 0.27906976744186046,
                    "recall": 0.32085561497326204,
                    "f1-score": 0.29850746268656714,
                    "support": 187.0
                },
                "3": {
                    "precision": 0.23076923076923078,
                    "recall": 0.21226415094339623,
                    "f1-score": 0.22113022113022113,
                    "support": 212.0
                },
                "accuracy": 0.2577447335811648,
                "macro avg": {
                    "precision": 0.2573340831399777,
                    "recall": 0.25945918676218344,
                    "f1-score": 0.257806276237987,
                    "support": 807.0
                },
                "weighted avg": {
                    "precision": 0.2569533707532128,
                    "recall": 0.2577447335811648,
                    "f1-score": 0.25677489118982216,
                    "support": 807.0
                }
            },
            "auroc_per_class": {
                "class_0": 0.512248295544633,
                "class_1": 0.5083753632385851,
                "class_2": 0.5206486113506986,
                "class_3": 0.49194545742825435
            }
        },
        {
            "fold": 4,
            "accuracy": 0.2540272614622057,
            "auroc": 0.5081701564466551,
            "n_train_samples": 3229,
            "n_test_samples": 807,
            "classification_report": {
                "0": {
                    "precision": 0.2920353982300885,
                    "recall": 0.3235294117647059,
                    "f1-score": 0.30697674418604654,
                    "support": 204.0
                },
                "1": {
                    "precision": 0.23645320197044334,
                    "recall": 0.2553191489361702,
                    "f1-score": 0.24552429667519182,
                    "support": 188.0
                },
                "2": {
                    "precision": 0.2549019607843137,
                    "recall": 0.24074074074074073,
                    "f1-score": 0.24761904761904763,
                    "support": 216.0
                },
                "3": {
                    "precision": 0.22413793103448276,
                    "recall": 0.19597989949748743,
                    "f1-score": 0.20911528150134048,
                    "support": 199.0
                },
                "accuracy": 0.2540272614622057,
                "macro avg": {
                    "precision": 0.25188212300483204,
                    "recall": 0.25389230023477605,
                    "f1-score": 0.2523088424954066,
                    "support": 807.0
                },
                "weighted avg": {
                    "precision": 0.25240482653612795,
                    "recall": 0.2540272614622057,
                    "f1-score": 0.252641237786085,
                    "support": 807.0
                }
            },
            "auroc_per_class": {
                "class_0": 0.5554580040971613,
                "class_1": 0.48848090605987693,
                "class_2": 0.5003995111863132,