{
    "subject_id": 2,
    "trial_id": 2,
    "eval_name": "local_flow",
    "k_folds": 5,
    "mean_accuracy": 0.5295558517344476,
    "std_accuracy": 0.012187804858868528,
    "fold_results": [
        {
            "fold": 1,
            "accuracy": 0.540920716112532,
            "auroc": 0.5478216035060584,
            "n_train_samples": 3125,
            "n_test_samples": 782,
            "classification_report": {
                "0": {
                    "precision": 0.4896373056994819,
                    "recall": 0.5384615384615384,
                    "f1-score": 0.5128900949796472,
                    "support": 351.0
                },
                "1": {
                    "precision": 0.5909090909090909,
                    "recall": 0.54292343387471,
                    "f1-score": 0.56590084643289,
                    "support": 431.0
                },
                "accuracy": 0.540920716112532,
                "macro avg": {
                    "precision": 0.5402731983042864,
                    "recall": 0.5406924861681242,
                    "f1-score": 0.5393954707062686,
                    "support": 782.0
                },
                "weighted avg": {
                    "precision": 0.5454533407702511,
                    "recall": 0.540920716112532,
                    "f1-score": 0.5421070180951812,
                    "support": 782.0
                }
            }
        },
        {
            "fold": 2,
            "accuracy": 0.5434782608695652,
            "auroc": 0.5502710160638612,
            "n_train_samples": 3125,
            "n_test_samples": 782,
            "classification_report": {
                "0": {
                    "precision": 0.5113636363636364,
                    "recall": 0.4931506849315068,
                    "f1-score": 0.502092050209205,
                    "support": 365.0
                },
                "1": {
                    "precision": 0.5697674418604651,
                    "recall": 0.5875299760191847,
                    "f1-score": 0.5785123966942148,
                    "support": 417.0
                },
                "accuracy": 0.5434782608695652,
                "macro avg": {
                    "precision": 0.5405655391120507,
                    "recall": 0.5403403304753458,
                    "f1-score": 0.5403022234517099,
                    "support": 782.0
                },
                "weighted avg": {
                    "precision": 0.5425073536170604,
                    "recall": 0.5434782608695652,
                    "f1-score": 0.5428430533859941,
                    "support": 782.0
                }
            }
        },
        {
            "fold": 3,
            "accuracy": 0.5249679897567221,
            "auroc": 0.535724209105704,
            "n_train_samples": 3126,
            "n_test_samples": 781,
            "classification_report": {
                "0": {
                    "precision": 0.5838323353293413,
                    "recall": 0.4566744730679157,
                    "f1-score": 0.5124835742444153,
                    "support": 427.0
                },
                "1": {
                    "precision": 0.4809843400447427,
                    "recall": 0.6073446327683616,
                    "f1-score": 0.5368289637952559,
                    "support": 354.0
                },
                "accuracy": 0.5249679897567221,
                "macro avg": {
                    "precision": 0.532408337687042,
                    "recall": 0.5320095529181387,
                    "f1-score": 0.5246562690198355,
                    "support": 781.0
                },
                "weighted avg": {
                    "precision": 0.5372149341376026,
                    "recall": 0.5249679897567221,
                    "f1-score": 0.5235184883301996,
                    "support": 781.0
                }
            }
        },
        {
            "fold": 4,
            "accuracy": 0.528809218950064,
            "auroc": 0.5454177741823645,
            "n_train_samples": 3126,
            "n_test_samples": 781,
            "classification_report": {
                "0": {
                    "precision": 0.688,
                    "recall": 0.5068762278978389,
                    "f1-score": 0.583710407239819,
                    "support": 509.0
                },
                "1": {
                    "precision": 0.3817733990147783,
                    "recall": 0.5698529411764706,
                    "f1-score": 0.45722713864306785,
                    "support": 272.0
                },
                "accuracy": 0.528809218950064,
                "macro avg": {
                    "precision": 0.5348866995073891,
                    "recall": 0.5383645845371547,
                    "f1-score": 0.5204687729414434,
                    "support": 781.0
                },
                "weighted avg": {
                    "precision": 0.5813500186069394,
                    "recall": 0.528809218950064,
                    "f1-score": 0.5396598962816676,
                    "support": 781.0
                }
            }
        },
        {
            "fold": 5,
            "accuracy": 0.5096030729833547,
            "auroc": 0.5229679658228372,
            "n_train_samples": 3126,
            "n_test_samples": 781,
            "classification_report": {
                "0": {
                    "precision": 0.39746835443037976,
                    "recall": 0.5198675496688742,
                    "f1-score": 0.45050215208034433,
                    "support": 302.0
                },
                "1": {
                    "precision": 0.6243523316062176,
                    "recall": 0.5031315240083507,
                    "f1-score": 0.5572254335260116,
                    "support": 479.0
                },
                "accuracy": 0.5096030729833547,
                "macro avg": {
                    "precision": 0.5109103430182986,
                    "recall": 0.5114995368386124,
                    "f1-score": 0.503863792803178,
                    "support": 781.0
                },
                "weighted avg": {
                    "precision": 0.5366199870388642,
                    "recall": 0.5096030729833547,
                    "f1-score": 0.5159572760399789,
                    "support": 781.0
                }
            }
        }
    ],
    "n_classes": 2
}