{
    "subject_id": 4,
    "trial_id": 1,
    "eval_name": "volume",
    "k_folds": 5,
    "mean_accuracy": 0.5278951999673666,
    "std_accuracy": 0.012764529120104147,
    "fold_results": [
        {
            "fold": 1,
            "accuracy": 0.5138721351025332,
            "auroc": 0.5276278780743067,
            "n_train_samples": 3312,
            "n_test_samples": 829,
            "classification_report": {
                "0": {
                    "precision": 0.24700239808153476,
                    "recall": 0.5364583333333334,
                    "f1-score": 0.33825944170771755,
                    "support": 192.0
                },
                "1": {
                    "precision": 0.7839805825242718,
                    "recall": 0.5070643642072213,
                    "f1-score": 0.6158245948522403,
                    "support": 637.0
                },
                "accuracy": 0.5138721351025332,
                "macro avg": {
                    "precision": 0.5154914903029033,
                    "recall": 0.5217613487702774,
                    "f1-score": 0.47704201827997894,
                    "support": 829.0
                },
                "weighted avg": {
                    "precision": 0.6596141031358455,
                    "recall": 0.5138721351025332,
                    "f1-score": 0.551539300034691,
                    "support": 829.0
                }
            }
        },
        {
            "fold": 2,
            "accuracy": 0.5144927536231884,
            "auroc": 0.5224094954670054,
            "n_train_samples": 3313,
            "n_test_samples": 828,
            "classification_report": {
                "0": {
                    "precision": 0.7128953771289538,
                    "recall": 0.5077989601386482,
                    "f1-score": 0.5931174089068826,
                    "support": 577.0
                },
                "1": {
                    "precision": 0.31894484412470026,
                    "recall": 0.5298804780876494,
                    "f1-score": 0.39820359281437123,
                    "support": 251.0
                },
                "accuracy": 0.5144927536231884,
                "macro avg": {
                    "precision": 0.515920110626827,
                    "recall": 0.5188397191131489,
                    "f1-score": 0.4956605008606269,
                    "support": 828.0
                },
                "weighted avg": {
                    "precision": 0.593473174491191,
                    "recall": 0.5144927536231884,
                    "f1-score": 0.5340312158643459,
                    "support": 828.0
                }
            }
        },
        {
            "fold": 3,
            "accuracy": 0.5277777777777778,
            "auroc": 0.553007250683466,
            "n_train_samples": 3313,
            "n_test_samples": 828,
            "classification_report": {
                "0": {
                    "precision": 0.5929411764705882,
                    "recall": 0.5361702127659574,
                    "f1-score": 0.5631284916201117,
                    "support": 470.0
                },
                "1": {
                    "precision": 0.45905707196029777,
                    "recall": 0.5167597765363129,
                    "f1-score": 0.48620236530880423,
                    "support": 358.0
                },
                "accuracy": 0.5277777777777778,
                "macro avg": {
                    "precision": 0.5259991242154429,
                    "recall": 0.5264649946511352,
                    "f1-score": 0.524665428464458,
                    "support": 828.0
                },
                "weighted avg": {
                    "precision": 0.535054087805511,
                    "recall": 0.5277777777777778,
                    "f1-score": 0.5298681616449329,
                    "support": 828.0
                }
            }
        },
        {
            "fold": 4,
            "accuracy": 0.5362318840579711,
            "auroc": 0.5446201423736725,
            "n_train_samples": 3313,
            "n_test_samples": 828,
            "classification_report": {
                "0": {
                    "precision": 0.5412621359223301,
                    "recall": 0.5334928229665071,
                    "f1-score": 0.5373493975903615,
                    "support": 418.0
                },
                "1": {
                    "precision": 0.53125,
                    "recall": 0.5390243902439025,
                    "f1-score": 0.5351089588377724,
                    "support": 410.0
                },
                "accuracy": 0.5362318840579711,
                "macro avg": {
                    "precision": 0.536256067961165,
                    "recall": 0.5362586066052049,
                    "f1-score": 0.5362291782140669,
                    "support": 828.0
                },
                "weighted avg": {
                    "precision": 0.5363044357675532,
                    "recall": 0.5362318840579711,
                    "f1-score": 0.5362400015896833,
                    "support": 828.0
                }
            }
        },
        {
            "fold": 5,
            "accuracy": 0.5471014492753623,
            "auroc": 0.5375037923872202,
            "n_train_samples": 3313,
            "n_test_samples": 828,
            "classification_report": {
                "0": {
                    "precision": 0.5469879518072289,
                    "recall": 0.5483091787439613,
                    "f1-score": 0.5476477683956574,
                    "support": 414.0
                },
                "1": {
                    "precision": 0.5472154963680388,
                    "recall": 0.5458937198067633,
                    "f1-score": 0.5465538089480049,
                    "support": 414.0
                },
                "accuracy": 0.5471014492753623,
                "macro avg": {
                    "precision": 0.5471017240876339,
                    "recall": 0.5471014492753623,
                    "f1-score": 0.5471007886718311,
                    "support": 828.0
                },
                "weighted avg": {
                    "precision": 0.5471017240876339,
                    "recall": 0.5471014492753623,
                    "f1-score": 0.5471007886718311,
                    "support": 828.0
                }
            }
        }
    ],
    "n_classes": 2
}