{
    "subject_id": 9,
    "trial_id": 0,
    "eval_name": "word_head_pos",
    "k_folds": 5,
    "mean_accuracy": 0.5072119715869716,
    "std_accuracy": 0.01279124024540409,
    "fold_results": [
        {
            "fold": 1,
            "accuracy": 0.4846846846846847,
            "auroc": 0.4955784915193071,
            "n_train_samples": 6657,
            "n_test_samples": 1665,
            "classification_report": {
                "0": {
                    "precision": 0.47418967587034816,
                    "recall": 0.48466257668711654,
                    "f1-score": 0.47936893203883496,
                    "support": 815.0
                },
                "1": {
                    "precision": 0.4951923076923077,
                    "recall": 0.48470588235294115,
                    "f1-score": 0.48989298454221164,
                    "support": 850.0
                },
                "accuracy": 0.4846846846846847,
                "macro avg": {
                    "precision": 0.4846909917813279,
                    "recall": 0.4846842295200289,
                    "f1-score": 0.4846309582905233,
                    "support": 1665.0
                },
                "weighted avg": {
                    "precision": 0.48491174016384103,
                    "recall": 0.4846846846846847,
                    "f1-score": 0.48474157145497315,
                    "support": 1665.0
                }
            }
        },
        {
            "fold": 2,
            "accuracy": 0.5117117117117117,
            "auroc": 0.5091811557607676,
            "n_train_samples": 6657,
            "n_test_samples": 1665,
            "classification_report": {
                "0": {
                    "precision": 0.5132850241545893,
                    "recall": 0.5089820359281437,
                    "f1-score": 0.5111244738424534,
                    "support": 835.0
                },
                "1": {
                    "precision": 0.5101553166069295,
                    "recall": 0.5144578313253012,
                    "f1-score": 0.5122975404919016,
                    "support": 830.0
                },
                "accuracy": 0.5117117117117117,
                "macro avg": {
                    "precision": 0.5117201703807595,
                    "recall": 0.5117199336267224,
                    "f1-score": 0.5117110071671775,
                    "support": 1665.0
                },
                "weighted avg": {
                    "precision": 0.5117248696413415,
                    "recall": 0.5117117117117117,
                    "f1-score": 0.511709245805842,
                    "support": 1665.0
                }
            }
        },
        {
            "fold": 3,
            "accuracy": 0.5024038461538461,
            "auroc": 0.5106485717558724,
            "n_train_samples": 6658,
            "n_test_samples": 1664,
            "classification_report": {
                "0": {
                    "precision": 0.4717887154861945,
                    "recall": 0.5032010243277849,
                    "f1-score": 0.48698884758364314,
                    "support": 781.0
                },
                "1": {
                    "precision": 0.53309265944645,
                    "recall": 0.5016987542468856,
                    "f1-score": 0.5169194865810969,
                    "support": 883.0
                },
                "accuracy": 0.5024038461538461,
                "macro avg": {
                    "precision": 0.5024406874663223,
                    "recall": 0.5024498892873352,
                    "f1-score": 0.50195416708237,
                    "support": 1664.0
                },
                "weighted avg": {
                    "precision": 0.5043195944026041,
                    "recall": 0.5024038461538461,
                    "f1-score": 0.5028715123881814,
                    "support": 1664.0
                }
            }
        },
        {
            "fold": 4,
            "accuracy": 0.5168269230769231,
            "auroc": 0.528020943648928,
            "n_train_samples": 6658,
            "n_test_samples": 1664,
            "classification_report": {
                "0": {
                    "precision": 0.5204419889502763,
                    "recall": 0.5600475624256838,
                    "f1-score": 0.5395189003436426,
                    "support": 841.0
                },
                "1": {
                    "precision": 0.5125164690382081,
                    "recall": 0.4726609963547995,
                    "f1-score": 0.4917825537294564,
                    "support": 823.0
                },
                "accuracy": 0.5168269230769231,
                "macro avg": {
                    "precision": 0.5164792289942421,
                    "recall": 0.5163542793902416,
                    "f1-score": 0.5156507270365495,
                    "support": 1664.0
                },
                "weighted avg": {
                    "precision": 0.5165220953879974,
                    "recall": 0.5168269230769231,
                    "f1-score": 0.5159089164112657,
                    "support": 1664.0
                }
            }
        },
        {
            "fold": 5,
            "accuracy": 0.5204326923076923,
            "auroc": 0.5299096483907253,
            "n_train_samples": 6658,
            "n_test_samples": 1664,
            "classification_report": {
                "0": {
                    "precision": 0.5501653803748622,
                    "recall": 0.5613048368953881,
                    "f1-score": 0.5556792873051225,
                    "support": 889.0
                },
                "1": {
                    "precision": 0.4848084544253633,
                    "recall": 0.4735483870967742,
                    "f1-score": 0.47911227154047,
                    "support": 775.0
                },
                "accuracy": 0.5204326923076923,
                "macro avg": {
                    "precision": 0.5174869174001128,
                    "recall": 0.5174266119960812,
                    "f1-score": 0.5173957794227962,
                    "support": 1664.0
                },
                "weighted avg": {
                    "precision": 0.5197257063298732,
                    "recall": 0.5204326923076923,
                    "f1-score": 0.5200185678233883,
                    "support": 1664.0
                }
            }
        }
    ],
    "n_classes": 2
}