{
    "subject_id": 1,
    "trial_id": 2,
    "eval_name": "local_flow",
    "k_folds": 5,
    "mean_accuracy": 0.509040815000805,
    "std_accuracy": 0.02580826982544968,
    "fold_results": [
        {
            "fold": 1,
            "accuracy": 0.4833729216152019,
            "auroc": 0.49586959877061004,
            "n_train_samples": 3364,
            "n_test_samples": 842,
            "classification_report": {
                "0": {
                    "precision": 0.6842105263157895,
                    "recall": 0.4855687606112054,
                    "f1-score": 0.5680238331678252,
                    "support": 589.0
                },
                "1": {
                    "precision": 0.28537735849056606,
                    "recall": 0.4782608695652174,
                    "f1-score": 0.35745937961595275,
                    "support": 253.0
                },
                "accuracy": 0.4833729216152019,
                "macro avg": {
                    "precision": 0.48479394240317775,
                    "recall": 0.48191481508821143,
                    "f1-score": 0.462741606391889,
                    "support": 842.0
                },
                "weighted avg": {
                    "precision": 0.5643711065298257,
                    "recall": 0.4833729216152019,
                    "f1-score": 0.5047544664829989,
                    "support": 842.0
                }
            }
        },
        {
            "fold": 2,
            "accuracy": 0.5279429250891795,
            "auroc": 0.5444227720174748,
            "n_train_samples": 3365,
            "n_test_samples": 841,
            "classification_report": {
                "0": {
                    "precision": 0.5727699530516432,
                    "recall": 0.5315904139433552,
                    "f1-score": 0.5514124293785311,
                    "support": 459.0
                },
                "1": {
                    "precision": 0.4819277108433735,
                    "recall": 0.5235602094240838,
                    "f1-score": 0.5018820577164367,
                    "support": 382.0
                },
                "accuracy": 0.5279429250891795,
                "macro avg": {
                    "precision": 0.5273488319475084,
                    "recall": 0.5275753116837194,
                    "f1-score": 0.5266472435474838,
                    "support": 841.0
                },
                "weighted avg": {
                    "precision": 0.5315074839392068,
                    "recall": 0.5279429250891795,
                    "f1-score": 0.5289146862454512,
                    "support": 841.0
                }
            }
        },
        {
            "fold": 3,
            "accuracy": 0.5457788347205708,
            "auroc": 0.5591961729012318,
            "n_train_samples": 3365,
            "n_test_samples": 841,
            "classification_report": {
                "0": {
                    "precision": 0.5788235294117647,
                    "recall": 0.5478841870824054,
                    "f1-score": 0.562929061784897,
                    "support": 449.0
                },
                "1": {
                    "precision": 0.5120192307692307,
                    "recall": 0.5433673469387755,
                    "f1-score": 0.5272277227722773,
                    "support": 392.0
                },
                "accuracy": 0.5457788347205708,
                "macro avg": {
                    "precision": 0.5454213800904977,
                    "recall": 0.5456257670105904,
                    "f1-score": 0.5450783922785871,
                    "support": 841.0
                },
                "weighted avg": {
                    "precision": 0.5476852594142935,
                    "recall": 0.5457788347205708,
                    "f1-score": 0.5462882474056497,
                    "support": 841.0
                }
            }
        },
        {
            "fold": 4,
            "accuracy": 0.5101070154577884,
            "auroc": 0.4973691480811734,
            "n_train_samples": 3365,
            "n_test_samples": 841,
            "classification_report": {
                "0": {
                    "precision": 0.3472906403940887,
                    "recall": 0.4895833333333333,
                    "f1-score": 0.40634005763688763,
                    "support": 288.0
                },
                "1": {
                    "precision": 0.6620689655172414,
                    "recall": 0.5207956600361664,
                    "f1-score": 0.582995951417004,
                    "support": 553.0
                },
                "accuracy": 0.5101070154577884,
                "macro avg": {
                    "precision": 0.5046798029556651,
                    "recall": 0.5051894966847499,
                    "f1-score": 0.4946680045269458,
                    "support": 841.0
                },
                "weighted avg": {
                    "precision": 0.5542732965095506,
                    "recall": 0.5101070154577884,
                    "f1-score": 0.5225002351165599,
                    "support": 841.0
                }
            }
        },
        {
            "fold": 5,
            "accuracy": 0.4780023781212842,
            "auroc": 0.47309600163345705,
            "n_train_samples": 3365,
            "n_test_samples": 841,
            "classification_report": {
                "0": {
                    "precision": 0.3598130841121495,
                    "recall": 0.4827586206896552,
                    "f1-score": 0.41231593038821956,
                    "support": 319.0
                },
                "1": {
                    "precision": 0.6004842615012107,
                    "recall": 0.47509578544061304,
                    "f1-score": 0.5304812834224599,
                    "support": 522.0
                },
                "accuracy": 0.4780023781212842,
                "macro avg": {
                    "precision": 0.4801486728066801,
                    "recall": 0.47892720306513414,
                    "f1-score": 0.47139860690533975,
                    "support": 841.0
                },
                "weighted avg": {
                    "precision": 0.5091951942157047,
                    "recall": 0.4780023781212842,
                    "f1-score": 0.48565994261636874,
                    "support": 841.0
                }
            }
        }
    ],
    "n_classes": 2
}