{
    "subject_id": 2,
    "trial_id": 0,
    "eval_name": "frame_brightness",
    "k_folds": 5,
    "mean_accuracy": 0.5175193780176868,
    "std_accuracy": 0.019118343564164475,
    "fold_results": [
        {
            "fold": 1,
            "accuracy": 0.5070028011204482,
            "auroc": 0.5355544747081712,
            "n_train_samples": 2855,
            "n_test_samples": 714,
            "classification_report": {
                "0": {
                    "precision": 0.29894179894179895,
                    "recall": 0.565,
                    "f1-score": 0.39100346020761245,
                    "support": 200.0
                },
                "1": {
                    "precision": 0.7410714285714286,
                    "recall": 0.48443579766536965,
                    "f1-score": 0.5858823529411765,
                    "support": 514.0
                },
                "accuracy": 0.5070028011204482,
                "macro avg": {
                    "precision": 0.5200066137566137,
                    "recall": 0.5247178988326848,
                    "f1-score": 0.4884429065743945,
                    "support": 714.0
                },
                "weighted avg": {
                    "precision": 0.6172255939412802,
                    "recall": 0.5070028011204482,
                    "f1-score": 0.5312944278057244,
                    "support": 714.0
                }
            }
        },
        {
            "fold": 2,
            "accuracy": 0.4957983193277311,
            "auroc": 0.5136803470136803,
            "n_train_samples": 2855,
            "n_test_samples": 714,
            "classification_report": {
                "0": {
                    "precision": 0.6179775280898876,
                    "recall": 0.4954954954954955,
                    "f1-score": 0.55,
                    "support": 444.0
                },
                "1": {
                    "precision": 0.3743016759776536,
                    "recall": 0.4962962962962963,
                    "f1-score": 0.4267515923566879,
                    "support": 270.0
                },
                "accuracy": 0.4957983193277311,
                "macro avg": {
                    "precision": 0.4961396020337706,
                    "recall": 0.4958958958958959,
                    "f1-score": 0.488375796178344,
                    "support": 714.0
                },
                "weighted avg": {
                    "precision": 0.5258311974592108,
                    "recall": 0.4957983193277311,
                    "f1-score": 0.5033934592945459,
                    "support": 714.0
                }
            }
        },
        {
            "fold": 3,
            "accuracy": 0.5042016806722689,
            "auroc": 0.5164677804295943,
            "n_train_samples": 2855,
            "n_test_samples": 714,
            "classification_report": {
                "0": {
                    "precision": 0.5920679886685553,
                    "recall": 0.4988066825775656,
                    "f1-score": 0.5414507772020726,
                    "support": 419.0
                },
                "1": {
                    "precision": 0.4182825484764543,
                    "recall": 0.511864406779661,
                    "f1-score": 0.4603658536585366,
                    "support": 295.0
                },
                "accuracy": 0.5042016806722689,
                "macro avg": {
                    "precision": 0.5051752685725048,
                    "recall": 0.5053355446786133,
                    "f1-score": 0.5009083154303046,
                    "support": 714.0
                },
                "weighted avg": {
                    "precision": 0.5202658810261606,
                    "recall": 0.5042016806722689,
                    "f1-score": 0.507949303188987,
                    "support": 714.0
                }
            }
        },
        {
            "fold": 4,
            "accuracy": 0.5364145658263305,
            "auroc": 0.5682887097447893,
            "n_train_samples": 2855,
            "n_test_samples": 714,
            "classification_report": {
                "0": {
                    "precision": 0.654891304347826,
                    "recall": 0.5415730337078651,
                    "f1-score": 0.5928659286592866,
                    "support": 445.0
                },
                "1": {
                    "precision": 0.41040462427745666,
                    "recall": 0.5278810408921933,
                    "f1-score": 0.46178861788617886,
                    "support": 269.0
                },
                "accuracy": 0.5364145658263305,
                "macro avg": {
                    "precision": 0.5326479643126414,
                    "recall": 0.5347270373000292,
                    "f1-score": 0.5273272732727328,
                    "support": 714.0
                },
                "weighted avg": {
                    "precision": 0.5627807764221546,
                    "recall": 0.5364145658263305,
                    "f1-score": 0.5434824600346844,
                    "support": 714.0
                }
            }
        },
        {
            "fold": 5,
            "accuracy": 0.544179523141655,
            "auroc": 0.5696601861358593,
            "n_train_samples": 2856,
            "n_test_samples": 713,
            "classification_report": {
                "0": {
                    "precision": 0.43258426966292135,
                    "recall": 0.555956678700361,
                    "f1-score": 0.48657187993680884,
                    "support": 277.0
                },
                "1": {
                    "precision": 0.6554621848739496,
                    "recall": 0.536697247706422,
                    "f1-score": 0.5901639344262295,
                    "support": 436.0
                },
                "accuracy": 0.544179523141655,
                "macro avg": {
                    "precision": 0.5440232272684354,
                    "recall": 0.5463269632033916,
                    "f1-score": 0.5383679071815192,
                    "support": 713.0
                },
                "weighted avg": {
                    "precision": 0.5688742711103383,
                    "recall": 0.544179523141655,
                    "f1-score": 0.5499184939022891,
                    "support": 713.0
                }
            }
        }
    ],
    "n_classes": 2
}