{
    "subject_id": 2,
    "trial_id": 6,
    "eval_name": "onset",
    "k_folds": 5,
    "mean_accuracy": 0.6343778650179835,
    "std_accuracy": 0.08587792167396241,
    "fold_results": [
        {
            "fold": 1,
            "accuracy": 0.6949152542372882,
            "auroc": 0.7328807279208293,
            "n_train_samples": 1649,
            "n_test_samples": 413,
            "classification_report": {
                "0": {
                    "precision": 0.7816901408450704,
                    "recall": 0.5388349514563107,
                    "f1-score": 0.6379310344827587,
                    "support": 206.0
                },
                "1": {
                    "precision": 0.6494464944649446,
                    "recall": 0.8502415458937198,
                    "f1-score": 0.7364016736401674,
                    "support": 207.0
                },
                "accuracy": 0.6949152542372882,
                "macro avg": {
                    "precision": 0.7155683176550075,
                    "recall": 0.6945382486750152,
                    "f1-score": 0.687166354061463,
                    "support": 413.0
                },
                "weighted avg": {
                    "precision": 0.7154082163882034,
                    "recall": 0.6949152542372882,
                    "f1-score": 0.6872855679103218,
                    "support": 413.0
                }
            }
        },
        {
            "fold": 2,
            "accuracy": 0.48668280871670705,
            "auroc": 0.4635922330097088,
            "n_train_samples": 1649,
            "n_test_samples": 413,
            "classification_report": {
                "0": {
                    "precision": 0.4885844748858447,
                    "recall": 0.5169082125603864,
                    "f1-score": 0.5023474178403756,
                    "support": 207.0
                },
                "1": {
                    "precision": 0.4845360824742268,
                    "recall": 0.4563106796116505,
                    "f1-score": 0.47,
                    "support": 206.0
                },
                "accuracy": 0.48668280871670705,
                "macro avg": {
                    "precision": 0.48656027868003576,
                    "recall": 0.48660944608601847,
                    "f1-score": 0.4861737089201878,
                    "support": 413.0
                },
                "weighted avg": {
                    "precision": 0.4865651798815026,
                    "recall": 0.48668280871670705,
                    "f1-score": 0.486212870442997,
                    "support": 413.0
                }
            }
        },
        {
            "fold": 3,
            "accuracy": 0.587378640776699,
            "auroc": 0.6108728438118578,
            "n_train_samples": 1650,
            "n_test_samples": 412,
            "classification_report": {
                "0": {
                    "precision": 0.625,
                    "recall": 0.4368932038834951,
                    "f1-score": 0.5142857142857142,
                    "support": 206.0
                },
                "1": {
                    "precision": 0.5671641791044776,
                    "recall": 0.7378640776699029,
                    "f1-score": 0.6413502109704642,
                    "support": 206.0
                },
                "accuracy": 0.587378640776699,
                "macro avg": {
                    "precision": 0.5960820895522387,
                    "recall": 0.587378640776699,
                    "f1-score": 0.5778179626280893,
                    "support": 412.0
                },
                "weighted avg": {
                    "precision": 0.5960820895522387,
                    "recall": 0.587378640776699,
                    "f1-score": 0.5778179626280893,
                    "support": 412.0
                }
            }
        },
        {
            "fold": 4,
            "accuracy": 0.691747572815534,
            "auroc": 0.7764398152512019,
            "n_train_samples": 1650,
            "n_test_samples": 412,
            "classification_report": {
                "0": {
                    "precision": 0.7969924812030075,
                    "recall": 0.5145631067961165,
                    "f1-score": 0.6253687315634219,
                    "support": 206.0
                },
                "1": {
                    "precision": 0.6415770609318996,
                    "recall": 0.8689320388349514,
                    "f1-score": 0.7381443298969073,
                    "support": 206.0
                },
                "accuracy": 0.691747572815534,
                "macro avg": {
                    "precision": 0.7192847710674535,
                    "recall": 0.691747572815534,
                    "f1-score": 0.6817565307301645,
                    "support": 412.0
                },
                "weighted avg": {
                    "precision": 0.7192847710674535,
                    "recall": 0.691747572815534,
                    "f1-score": 0.6817565307301646,
                    "support": 412.0
                }
            }
        },
        {
            "fold": 5,
            "accuracy": 0.7111650485436893,
            "auroc": 0.7813766613252899,
            "n_train_samples": 1650,
            "n_test_samples": 412,
            "classification_report": {
                "0": {
                    "precision": 0.8129496402877698,
                    "recall": 0.5485436893203883,
                    "f1-score": 0.6550724637681159,
                    "support": 206.0
                },
                "1": {
                    "precision": 0.6593406593406593,
                    "recall": 0.8737864077669902,
                    "f1-score": 0.7515657620041754,
                    "support": 206.0
                },
                "accuracy": 0.7111650485436893,
                "macro avg": {
                    "precision": 0.7361451498142146,
                    "recall": 0.7111650485436893,
                    "f1-score": 0.7033191128861456,
                    "support": 412.0
                },
                "weighted avg": {
                    "precision": 0.7361451498142145,
                    "recall": 0.7111650485436893,
                    "f1-score": 0.7033191128861457,
                    "support": 412.0
                }
            }
        }
    ],
    "n_classes": 2
}