{
    "subject_id": 2,
    "trial_id": 5,
    "eval_name": "delta_volume",
    "k_folds": 5,
    "mean_accuracy": 0.8036123294346978,
    "std_accuracy": 0.03387619371245529,
    "fold_results": [
        {
            "fold": 1,
            "accuracy": 0.7524366471734892,
            "auroc": 0.8242255191074089,
            "n_train_samples": 2048,
            "n_test_samples": 513,
            "classification_report": {
                "0": {
                    "precision": 0.7946428571428571,
                    "recall": 0.6872586872586872,
                    "f1-score": 0.7370600414078675,
                    "support": 259.0
                },
                "1": {
                    "precision": 0.7197231833910035,
                    "recall": 0.8188976377952756,
                    "f1-score": 0.7661141804788214,
                    "support": 254.0
                },
                "accuracy": 0.7524366471734892,
                "macro avg": {
                    "precision": 0.7571830202669303,
                    "recall": 0.7530781625269813,
                    "f1-score": 0.7515871109433445,
                    "support": 513.0
                },
                "weighted avg": {
                    "precision": 0.7575481258895027,
                    "recall": 0.7524366471734892,
                    "f1-score": 0.7514455215716536,
                    "support": 513.0
                }
            }
        },
        {
            "fold": 2,
            "accuracy": 0.7734375,
            "auroc": 0.8463618035190617,
            "n_train_samples": 2049,
            "n_test_samples": 512,
            "classification_report": {
                "0": {
                    "precision": 0.8,
                    "recall": 0.7096774193548387,
                    "f1-score": 0.7521367521367521,
                    "support": 248.0
                },
                "1": {
                    "precision": 0.7534246575342466,
                    "recall": 0.8333333333333334,
                    "f1-score": 0.7913669064748201,
                    "support": 264.0
                },
                "accuracy": 0.7734375,
                "macro avg": {
                    "precision": 0.7767123287671234,
                    "recall": 0.771505376344086,
                    "f1-score": 0.7717518293057861,
                    "support": 512.0
                },
                "weighted avg": {
                    "precision": 0.7759845890410959,
                    "recall": 0.7734375,
                    "f1-score": 0.7723648004673185,
                    "support": 512.0
                }
            }
        },
        {
            "fold": 3,
            "accuracy": 0.83203125,
            "auroc": 0.89228998849252,
            "n_train_samples": 2049,
            "n_test_samples": 512,
            "classification_report": {
                "0": {
                    "precision": 0.8857142857142857,
                    "recall": 0.7890909090909091,
                    "f1-score": 0.8346153846153846,
                    "support": 275.0
                },
                "1": {
                    "precision": 0.7827715355805244,
                    "recall": 0.8818565400843882,
                    "f1-score": 0.8293650793650794,
                    "support": 237.0
                },
                "accuracy": 0.83203125,
                "macro avg": {
                    "precision": 0.834242910647405,
                    "recall": 0.8354737245876487,
                    "f1-score": 0.831990231990232,
                    "support": 512.0
                },
                "weighted avg": {
                    "precision": 0.83806305176565,
                    "recall": 0.83203125,
                    "f1-score": 0.83218506753663,
                    "support": 512.0
                }
            }
        },
        {
            "fold": 4,
            "accuracy": 0.830078125,
            "auroc": 0.8919567183165509,
            "n_train_samples": 2049,
            "n_test_samples": 512,
            "classification_report": {
                "0": {
                    "precision": 0.8454545454545455,
                    "recall": 0.7782426778242678,
                    "f1-score": 0.8104575163398693,
                    "support": 239.0
                },
                "1": {
                    "precision": 0.8184931506849316,
                    "recall": 0.8754578754578755,
                    "f1-score": 0.8460176991150442,
                    "support": 273.0
                },
                "accuracy": 0.830078125,
                "macro avg": {
                    "precision": 0.8319738480697385,
                    "recall": 0.8268502766410717,
                    "f1-score": 0.8282376077274567,
                    "support": 512.0
                },
                "weighted avg": {
                    "precision": 0.8310786455090287,
                    "recall": 0.830078125,
                    "f1-score": 0.8294183169211637,
                    "support": 512.0
                }
            }
        },
        {
            "fold": 5,
            "accuracy": 0.830078125,
            "auroc": 0.9016712454212454,
            "n_train_samples": 2049,
            "n_test_samples": 512,
            "classification_report": {
                "0": {
                    "precision": 0.8559670781893004,
                    "recall": 0.8,
                    "f1-score": 0.827037773359841,
                    "support": 260.0
                },
                "1": {
                    "precision": 0.8066914498141264,
                    "recall": 0.8611111111111112,
                    "f1-score": 0.8330134357005758,
                    "support": 252.0
                },
                "accuracy": 0.830078125,
                "macro avg": {
                    "precision": 0.8313292640017134,
                    "recall": 0.8305555555555556,
                    "f1-score": 0.8300256045302083,
                    "support": 512.0
                },
                "weighted avg": {
                    "precision": 0.8317142298483945,
                    "recall": 0.830078125,
                    "f1-score": 0.8299789196681714,
                    "support": 512.0
                }
            }
        }
    ],
    "n_classes": 2
}