{
    "subject_id": 1,
    "trial_id": 0,
    "eval_name": "speaker",
    "k_folds": 5,
    "mean_accuracy": 0.2566236851034951,
    "std_accuracy": 0.043431126368246656,
    "fold_results": [
        {
            "fold": 1,
            "accuracy": 0.2992874109263658,
            "auroc": 0.6303699705367077,
            "n_train_samples": 1683,
            "n_test_samples": 421,
            "classification_report": {
                "0": {
                    "precision": 0.3372093023255814,
                    "recall": 0.2283464566929134,
                    "f1-score": 0.27230046948356806,
                    "support": 127.0
                },
                "1": {
                    "precision": 0.2440944881889764,
                    "recall": 0.3229166666666667,
                    "f1-score": 0.27802690582959644,
                    "support": 96.0
                },
                "2": {
                    "precision": 0.28651685393258425,
                    "recall": 0.75,
                    "f1-score": 0.4146341463414634,
                    "support": 68.0
                },
                "3": {
                    "precision": 0.5,
                    "recall": 0.11538461538461539,
                    "f1-score": 0.1875,
                    "support": 130.0
                },
                "accuracy": 0.2992874109263658,
                "macro avg": {
                    "precision": 0.3419551611117855,
                    "recall": 0.35416193468604884,
                    "f1-score": 0.288115380413657,
                    "support": 421.0
                },
                "weighted avg": {
                    "precision": 0.3580565280971646,
                    "recall": 0.2992874109263658,
                    "f1-score": 0.2704106045968502,
                    "support": 421.0
                }
            },
            "auroc_per_class": {
                "class_0": 0.5136590069098506,
                "class_1": 0.5272435897435898,
                "class_2": 0.7410848191968005,
                "class_3": 0.73949246629659
            }
        },
        {
            "fold": 2,
            "accuracy": 0.2850356294536817,
            "auroc": 0.5466081479263355,
            "n_train_samples": 1683,
            "n_test_samples": 421,
            "classification_report": {
                "0": {
                    "precision": 0.31313131313131315,
                    "recall": 0.3069306930693069,
                    "f1-score": 0.31,
                    "support": 101.0
                },
                "1": {
                    "precision": 0.1875,
                    "recall": 0.25301204819277107,
                    "f1-score": 0.2153846153846154,
                    "support": 83.0
                },
                "2": {
                    "precision": 0.3211009174311927,
                    "recall": 0.33980582524271846,
                    "f1-score": 0.330188679245283,
                    "support": 103.0
                },
                "3": {
                    "precision": 0.32673267326732675,
                    "recall": 0.2462686567164179,
                    "f1-score": 0.28085106382978725,
                    "support": 134.0
                },
                "accuracy": 0.2850356294536817,
                "macro avg": {
                    "precision": 0.28711622595745817,
                    "recall": 0.28650430580530356,
                    "f1-score": 0.2841060896149214,
                    "support": 421.0
                },
                "weighted avg": {
                    "precision": 0.2946421266971431,
                    "recall": 0.2850356294536817,
                    "f1-score": 0.2870080750412796,
                    "support": 421.0
                }
            },
            "auroc_per_class": {
                "class_0": 0.5636757425742573,
                "class_1": 0.48677550438440154,
                "class_2": 0.6200158759235513,
                "class_3": 0.5159654688231318
            }
        },
        {
            "fold": 3,
            "accuracy": 0.28978622327790976,
            "auroc": 0.5133571010625779,
            "n_train_samples": 1683,
            "n_test_samples": 421,
            "classification_report": {
                "0": {
                    "precision": 0.1590909090909091,
                    "recall": 0.14,
                    "f1-score": 0.14893617021276595,
                    "support": 50.0
                },
                "1": {
                    "precision": 0.2767857142857143,
                    "recall": 0.26495726495726496,
                    "f1-score": 0.27074235807860264,
                    "support": 117.0
                },
                "2": {
                    "precision": 0.3392857142857143,
                    "recall": 0.17592592592592593,
                    "f1-score": 0.23170731707317074,
                    "support": 108.0
                },
                "3": {
                    "precision": 0.31100478468899523,
                    "recall": 0.4452054794520548,
                    "f1-score": 0.36619718309859156,
                    "support": 146.0
                },
                "accuracy": 0.28978622327790976,
                "macro avg": {
                    "precision": 0.27154178058783324,
                    "recall": 0.2565221675838114,
                    "f1-score": 0.2543957571157827,
                    "support": 421.0
                },
                "weighted avg": {
                    "precision": 0.2907079091055213,
                    "recall": 0.28978622327790976,
                    "f1-score": 0.2793654237105264,
                    "support": 421.0
                }
            },
            "auroc_per_class": {
                "class_0": 0.49973045822102424,
                "class_1": 0.5153227620332883,
                "class_2": 0.5743403147556503,
                "class_3": 0.4640348692403487
            }
        },
        {
            "fold": 4,
            "accuracy": 0.2161520190023753,
            "auroc": 0.49405545441690035,
            "n_train_samples": 1683,
            "n_test_samples": 421,
            "classification_report": {
                "0": {
                    "precision": 0.37209302325581395,
                    "recall": 0.35036496350364965,
                    "f1-score": 0.3609022556390977,
                    "support": 137.0
                },
                "1": {
                    "precision": 0.28205128205128205,
                    "recall": 0.07692307692307693,
                    "f1-score": 0.12087912087912088,
                    "support": 143.0
                },
                "2": {
                    "precision": 0.16326530612244897,
                    "recall": 0.10256410256410256,
                    "f1-score": 0.12598425196850394,
                    "support": 78.0
                },
                "3": {
                    "precision": 0.11764705882352941,
                    "recall": 0.38095238095238093,
                    "f1-score": 0.1797752808988764,
                    "support": 63.0
                },
                "accuracy": 0.2161520190023753,
                "macro avg": {
                    "precision": 0.2337641675632686,
                    "recall": 0.22770113098580252,
                    "f1-score": 0.19688522734639974,
                    "support": 421.0
                },
                "weighted avg": {
                    "precision": 0.2647423660399364,
                    "recall": 0.2161520190023753,
                    "f1-score": 0.20874569515069638,
                    "support": 421.0
                }
            },
            "auroc_per_class": {
                "class_0": 0.5409427367122442,
                "class_1": 0.4637772299642803,
                "class_2": 0.5363683935112507,