{
    "subject_id": 1,
    "trial_id": 2,
    "eval_name": "volume",
    "k_folds": 5,
    "mean_accuracy": 0.5892524169564002,
    "std_accuracy": 0.026827153892779353,
    "fold_results": [
        {
            "fold": 1,
            "accuracy": 0.5914489311163895,
            "auroc": 0.611408371040724,
            "n_train_samples": 3365,
            "n_test_samples": 842,
            "classification_report": {
                "0": {
                    "precision": 0.6353591160220995,
                    "recall": 0.5203619909502263,
                    "f1-score": 0.572139303482587,
                    "support": 442.0
                },
                "1": {
                    "precision": 0.5583333333333333,
                    "recall": 0.67,
                    "f1-score": 0.6090909090909091,
                    "support": 400.0
                },
                "accuracy": 0.5914489311163895,
                "macro avg": {
                    "precision": 0.5968462246777164,
                    "recall": 0.5951809954751132,
                    "f1-score": 0.5906151062867481,
                    "support": 842.0
                },
                "weighted avg": {
                    "precision": 0.5987672952673412,
                    "recall": 0.5914489311163895,
                    "f1-score": 0.5896935104224075,
                    "support": 842.0
                }
            }
        },
        {
            "fold": 2,
            "accuracy": 0.6021377672209026,
            "auroc": 0.6229173836753348,
            "n_train_samples": 3365,
            "n_test_samples": 842,
            "classification_report": {
                "0": {
                    "precision": 0.6033653846153846,
                    "recall": 0.5961995249406176,
                    "f1-score": 0.5997610513739546,
                    "support": 421.0
                },
                "1": {
                    "precision": 0.6009389671361502,
                    "recall": 0.6080760095011877,
                    "f1-score": 0.6044864226682408,
                    "support": 421.0
                },
                "accuracy": 0.6021377672209026,
                "macro avg": {
                    "precision": 0.6021521758757674,
                    "recall": 0.6021377672209026,
                    "f1-score": 0.6021237370210977,
                    "support": 842.0
                },
                "weighted avg": {
                    "precision": 0.6021521758757674,
                    "recall": 0.6021377672209026,
                    "f1-score": 0.6021237370210978,
                    "support": 842.0
                }
            }
        },
        {
            "fold": 3,
            "accuracy": 0.5707491082045184,
            "auroc": 0.6067911763033713,
            "n_train_samples": 3366,
            "n_test_samples": 841,
            "classification_report": {
                "0": {
                    "precision": 0.5330296127562643,
                    "recall": 0.6,
                    "f1-score": 0.5645355850422196,
                    "support": 390.0
                },
                "1": {
                    "precision": 0.6119402985074627,
                    "recall": 0.5454545454545454,
                    "f1-score": 0.5767878077373975,
                    "support": 451.0
                },
                "accuracy": 0.5707491082045184,
                "macro avg": {
                    "precision": 0.5724849556318634,
                    "recall": 0.5727272727272728,
                    "f1-score": 0.5706616963898086,
                    "support": 841.0
                },
                "weighted avg": {
                    "precision": 0.575346758147216,
                    "recall": 0.5707491082045184,
                    "f1-score": 0.5711060397812507,
                    "support": 841.0
                }
            }
        },
        {
            "fold": 4,
            "accuracy": 0.5517241379310345,
            "auroc": 0.5669875085064419,
            "n_train_samples": 3366,
            "n_test_samples": 841,
            "classification_report": {
                "0": {
                    "precision": 0.6180555555555556,
                    "recall": 0.55741127348643,
                    "f1-score": 0.5861690450054885,
                    "support": 479.0
                },
                "1": {
                    "precision": 0.48166259168704156,
                    "recall": 0.5441988950276243,
                    "f1-score": 0.5110246433203631,
                    "support": 362.0
                },
                "accuracy": 0.5517241379310345,
                "macro avg": {
                    "precision": 0.5498590736212986,
                    "recall": 0.5508050842570271,
                    "f1-score": 0.5485968441629259,
                    "support": 841.0
                },
                "weighted avg": {
                    "precision": 0.5593465746751726,
                    "recall": 0.5517241379310345,
                    "f1-score": 0.5538238923181931,
                    "support": 841.0
                }
            }
        },
        {
            "fold": 5,
            "accuracy": 0.6302021403091558,
            "auroc": 0.6940785702822294,
            "n_train_samples": 3366,
            "n_test_samples": 841,
            "classification_report": {
                "0": {
                    "precision": 0.5688487584650113,
                    "recall": 0.6774193548387096,
                    "f1-score": 0.6184049079754601,
                    "support": 372.0
                },
                "1": {
                    "precision": 0.6984924623115578,
                    "recall": 0.5927505330490405,
                    "f1-score": 0.6412918108419838,
                    "support": 469.0
                },
                "accuracy": 0.6302021403091558,
                "macro avg": {
                    "precision": 0.6336706103882845,
                    "recall": 0.635084943943875,
                    "f1-score": 0.629848359408722,
                    "support": 841.0
                },
                "weighted avg": {
                    "precision": 0.6411470903366288,
                    "recall": 0.6302021403091558,
                    "f1-score": 0.6311682343064942,
                    "support": 841.0
                }
            }
        }
    ],
    "n_classes": 2
}