{
    "subject_id": 2,
    "trial_id": 6,
    "eval_name": "frame_brightness",
    "k_folds": 5,
    "mean_accuracy": 0.4651851851851852,
    "std_accuracy": 0.13838972027445035,
    "fold_results": [
        {
            "fold": 1,
            "accuracy": 0.19407407407407407,
            "auroc": 0.23189856523189853,
            "n_train_samples": 2700,
            "n_test_samples": 675,
            "classification_report": {
                "0": {
                    "precision": 0.9552238805970149,
                    "recall": 0.1921921921921922,
                    "f1-score": 0.32,
                    "support": 666.0
                },
                "1": {
                    "precision": 0.005545286506469501,
                    "recall": 0.3333333333333333,
                    "f1-score": 0.01090909090909091,
                    "support": 9.0
                },
                "accuracy": 0.19407407407407407,
                "macro avg": {
                    "precision": 0.4803845835517422,
                    "recall": 0.2627627627627628,
                    "f1-score": 0.16545454545454547,
                    "support": 675.0
                },
                "weighted avg": {
                    "precision": 0.9425614993424741,
                    "recall": 0.19407407407407407,
                    "f1-score": 0.31587878787878787,
                    "support": 675.0
                }
            }
        },
        {
            "fold": 2,
            "accuracy": 0.5555555555555556,
            "auroc": 0.6000307219662059,
            "n_train_samples": 2700,
            "n_test_samples": 675,
            "classification_report": {
                "0": {
                    "precision": 0.7777777777777778,
                    "recall": 0.4967741935483871,
                    "f1-score": 0.6062992125984252,
                    "support": 465.0
                },
                "1": {
                    "precision": 0.38095238095238093,
                    "recall": 0.6857142857142857,
                    "f1-score": 0.4897959183673469,
                    "support": 210.0
                },
                "accuracy": 0.5555555555555556,
                "macro avg": {
                    "precision": 0.5793650793650793,
                    "recall": 0.5912442396313364,
                    "f1-score": 0.548047565482886,
                    "support": 675.0
                },
                "weighted avg": {
                    "precision": 0.654320987654321,
                    "recall": 0.5555555555555556,
                    "f1-score": 0.5700537432820898,
                    "support": 675.0
                }
            }
        },
        {
            "fold": 3,
            "accuracy": 0.48592592592592593,
            "auroc": 0.49178652441608295,
            "n_train_samples": 2700,
            "n_test_samples": 675,
            "classification_report": {
                "0": {
                    "precision": 0.22028985507246376,
                    "recall": 0.4935064935064935,
                    "f1-score": 0.3046092184368738,
                    "support": 154.0
                },
                "1": {
                    "precision": 0.7636363636363637,
                    "recall": 0.4836852207293666,
                    "f1-score": 0.5922444183313749,
                    "support": 521.0
                },
                "accuracy": 0.48592592592592593,
                "macro avg": {
                    "precision": 0.49196310935441373,
                    "recall": 0.4885958571179301,
                    "f1-score": 0.44842681838412435,
                    "support": 675.0
                },
                "weighted avg": {
                    "precision": 0.639672863904748,
                    "recall": 0.48592592592592593,
                    "f1-score": 0.526620980133222,
                    "support": 675.0
                }
            }
        },
        {
            "fold": 4,
            "accuracy": 0.5244444444444445,
            "auroc": 0.5838985313751668,
            "n_train_samples": 2700,
            "n_test_samples": 675,
            "classification_report": {
                "0": {
                    "precision": 0.2479108635097493,
                    "recall": 0.6357142857142857,
                    "f1-score": 0.35671342685370744,
                    "support": 140.0
                },
                "1": {
                    "precision": 0.8386075949367089,
                    "recall": 0.4953271028037383,
                    "f1-score": 0.6227967097532315,
                    "support": 535.0
                },
                "accuracy": 0.5244444444444445,
                "macro avg": {
                    "precision": 0.5432592292232291,
                    "recall": 0.565520694259012,
                    "f1-score": 0.4897550683034695,
                    "support": 675.0
                },
                "weighted avg": {
                    "precision": 0.7160927173074135,
                    "recall": 0.5244444444444445,
                    "f1-score": 0.5676090658925895,
                    "support": 675.0
                }
            }
        },
        {
            "fold": 5,
            "accuracy": 0.5659259259259259,
            "auroc": 0.7341079404924508,
            "n_train_samples": 2700,
            "n_test_samples": 675,
            "classification_report": {
                "0": {
                    "precision": 0.46835443037974683,
                    "recall": 0.844106463878327,
                    "f1-score": 0.6024423337856174,
                    "support": 263.0
                },
                "1": {
                    "precision": 0.7960199004975125,
                    "recall": 0.3883495145631068,
                    "f1-score": 0.5220228384991843,
                    "support": 412.0
                },
                "accuracy": 0.5659259259259259,
                "macro avg": {
                    "precision": 0.6321871654386296,
                    "recall": 0.6162279892207169,
                    "f1-score": 0.5622325861424009,
                    "support": 675.0
                },
                "weighted avg": {
                    "precision": 0.668351724733109,
                    "recall": 0.5659259259259259,
                    "f1-score": 0.553356656662639,
                    "support": 675.0
                }
            }
        }
    ],
    "n_classes": 2
}