{
    "subject_id": 5,
    "trial_id": 0,
    "eval_name": "word_part_speech",
    "k_folds": 5,
    "mean_accuracy": 0.258253486961795,
    "std_accuracy": 0.01432326800817863,
    "fold_results": [
        {
            "fold": 1,
            "accuracy": 0.2556701030927835,
            "auroc": 0.5191236792884937,
            "n_train_samples": 3878,
            "n_test_samples": 970,
            "classification_report": {
                "0": {
                    "precision": 0.2831050228310502,
                    "recall": 0.23484848484848486,
                    "f1-score": 0.2567287784679089,
                    "support": 264.0
                },
                "1": {
                    "precision": 0.25675675675675674,
                    "recall": 0.24890829694323144,
                    "f1-score": 0.25277161862527714,
                    "support": 229.0
                },
                "2": {
                    "precision": 0.21830985915492956,
                    "recall": 0.27802690582959644,
                    "f1-score": 0.2445759368836292,
                    "support": 223.0
                },
                "3": {
                    "precision": 0.27346938775510204,
                    "recall": 0.2637795275590551,
                    "f1-score": 0.2685370741482966,
                    "support": 254.0
                },
                "accuracy": 0.2556701030927835,
                "macro avg": {
                    "precision": 0.2579102566244596,
                    "recall": 0.25639080379509194,
                    "f1-score": 0.255653352031278,
                    "support": 970.0
                },
                "weighted avg": {
                    "precision": 0.2594653055732369,
                    "recall": 0.2556701030927835,
                    "f1-score": 0.25609273086539497,
                    "support": 970.0
                }
            },
            "auroc_per_class": {
                "class_0": 0.5252113915357541,
                "class_1": 0.5146355980646948,
                "class_2": 0.49603496197045277,
                "class_3": 0.540612765583073
            }
        },
        {
            "fold": 2,
            "accuracy": 0.2618556701030928,
            "auroc": 0.5198062077414872,
            "n_train_samples": 3878,
            "n_test_samples": 970,
            "classification_report": {
                "0": {
                    "precision": 0.3188405797101449,
                    "recall": 0.25287356321839083,
                    "f1-score": 0.28205128205128205,
                    "support": 261.0
                },
                "1": {
                    "precision": 0.21568627450980393,
                    "recall": 0.2301255230125523,
                    "f1-score": 0.22267206477732793,
                    "support": 239.0
                },
                "2": {
                    "precision": 0.26666666666666666,
                    "recall": 0.2644628099173554,
                    "f1-score": 0.26556016597510373,
                    "support": 242.0
                },
                "3": {
                    "precision": 0.2574626865671642,
                    "recall": 0.3026315789473684,
                    "f1-score": 0.2782258064516129,
                    "support": 228.0
                },
                "accuracy": 0.2618556701030928,
                "macro avg": {
                    "precision": 0.2646640518634449,
                    "recall": 0.26252336877391674,
                    "f1-score": 0.2621273298138317,
                    "support": 970.0
                },
                "weighted avg": {
                    "precision": 0.2659806564771523,
                    "recall": 0.2618556701030928,
                    "f1-score": 0.2624072702413493,
                    "support": 970.0
                }
            },
            "auroc_per_class": {
                "class_0": 0.5323671027673752,
                "class_1": 0.48119158142969165,
                "class_2": 0.5364805648896558,
                "class_3": 0.5291855818792264
            }
        },
        {
            "fold": 3,
            "accuracy": 0.2443298969072165,
            "auroc": 0.5081904008042707,
            "n_train_samples": 3878,
            "n_test_samples": 970,
            "classification_report": {
                "0": {
                    "precision": 0.23293172690763053,
                    "recall": 0.25217391304347825,
                    "f1-score": 0.24217118997912318,
                    "support": 230.0
                },
                "1": {
                    "precision": 0.23829787234042554,
                    "recall": 0.22580645161290322,
                    "f1-score": 0.2318840579710145,
                    "support": 248.0
                },
                "2": {
                    "precision": 0.26436781609195403,
                    "recall": 0.26848249027237353,
                    "f1-score": 0.26640926640926643,
                    "support": 257.0
                },
                "3": {
                    "precision": 0.24,
                    "recall": 0.2297872340425532,
                    "f1-score": 0.23478260869565218,
                    "support": 235.0
                },
                "accuracy": 0.2443298969072165,
                "macro avg": {
                    "precision": 0.24389935383500252,
                    "recall": 0.24406252224282707,
                    "f1-score": 0.24381178076376406,
                    "support": 970.0
                },
                "weighted avg": {
                    "precision": 0.24434504975753893,
                    "recall": 0.2443298969072165,
                    "f1-score": 0.2441729016316182,
                    "support": 970.0
                }
            },
            "auroc_per_class": {
                "class_0": 0.5359576968272621,
                "class_1": 0.48256411402019483,
                "class_2": 0.5007067195660361,
                "class_3": 0.5135330728035895
            }
        },
        {
            "fold": 4,
            "accuracy": 0.2837977296181631,
            "auroc": 0.5247688997994148,
            "n_train_samples": 3879,
            "n_test_samples": 969,
            "classification_report": {
                "0": {
                    "precision": 0.26382978723404255,
                    "recall": 0.29107981220657275,
                    "f1-score": 0.2767857142857143,
                    "support": 213.0
                },
                "1": {
                    "precision": 0.2631578947368421,
                    "recall": 0.29880478087649404,
                    "f1-score": 0.2798507462686567,
                    "support": 251.0
                },
                "2": {
                    "precision": 0.3,
                    "recall": 0.2918287937743191,
                    "f1-score": 0.2958579881656805,
                    "support": 257.0
                },
                "3": {
                    "precision": 0.3165829145728643,
                    "recall": 0.2540322580645161,
                    "f1-score": 0.28187919463087246,
                    "support": 248.0
                },
                "accuracy": 0.2837977296181631,
                "macro avg": {
                    "precision": 0.2858926491359372,
                    "recall": 0.2839364112304755,
                    "f1-score": 0.283593410837731,
                    "support": 969.0
                },
                "weighted avg": {
                    "precision": 0.28675019512267164,
                    "recall": 0.2837977296181631,
                    "f1-score": 0.28394162815616747,
                    "support": 969.0
                }
            },
            "auroc_per_class": {
                "class_0": 0.5178912984077304,
                "class_1": 0.5010958949716454,
                "class_2": 0.5280297730949154,