{
    "subject_id": 2,
    "trial_id": 4,
    "eval_name": "global_flow_angle",
    "k_folds": 5,
    "mean_accuracy": 0.24455321351192513,
    "std_accuracy": 0.02901161868508101,
    "fold_results": [
        {
            "fold": 1,
            "accuracy": 0.28661087866108786,
            "auroc": 0.5158729335121033,
            "n_train_samples": 1910,
            "n_test_samples": 478,
            "classification_report": {
                "0": {
                    "precision": 0.36666666666666664,
                    "recall": 0.3142857142857143,
                    "f1-score": 0.3384615384615385,
                    "support": 140.0
                },
                "1": {
                    "precision": 0.23140495867768596,
                    "recall": 0.27722772277227725,
                    "f1-score": 0.25225225225225223,
                    "support": 101.0
                },
                "2": {
                    "precision": 0.27358490566037735,
                    "recall": 0.26605504587155965,
                    "f1-score": 0.26976744186046514,
                    "support": 109.0
                },
                "3": {
                    "precision": 0.2748091603053435,
                    "recall": 0.28125,
                    "f1-score": 0.277992277992278,
                    "support": 128.0
                },
                "accuracy": 0.28661087866108786,
                "macro avg": {
                    "precision": 0.28661642282751837,
                    "recall": 0.2847046207323878,
                    "f1-score": 0.28461837764163345,
                    "support": 478.0
                },
                "weighted avg": {
                    "precision": 0.29226268074444495,
                    "recall": 0.28661087866108786,
                    "f1-score": 0.28838861005835803,
                    "support": 478.0
                }
            },
            "auroc_per_class": {
                "class_0": 0.541039729501268,
                "class_1": 0.5138272447934449,
                "class_2": 0.49899306332512866,
                "class_3": 0.5096316964285714
            }
        },
        {
            "fold": 2,
            "accuracy": 0.25313807531380755,
            "auroc": 0.511893719767041,
            "n_train_samples": 1910,
            "n_test_samples": 478,
            "classification_report": {
                "0": {
                    "precision": 0.26666666666666666,
                    "recall": 0.30303030303030304,
                    "f1-score": 0.28368794326241137,
                    "support": 132.0
                },
                "1": {
                    "precision": 0.19444444444444445,
                    "recall": 0.23863636363636365,
                    "f1-score": 0.21428571428571427,
                    "support": 88.0
                },
                "2": {
                    "precision": 0.22935779816513763,
                    "recall": 0.2,
                    "f1-score": 0.21367521367521367,
                    "support": 125.0
                },
                "3": {
                    "precision": 0.3153153153153153,
                    "recall": 0.2631578947368421,
                    "f1-score": 0.28688524590163933,
                    "support": 133.0
                },
                "accuracy": 0.25313807531380755,
                "macro avg": {
                    "precision": 0.25144605614789106,
                    "recall": 0.2512061403508772,
                    "f1-score": 0.24963352928124466,
                    "support": 478.0
                },
                "weighted avg": {
                    "precision": 0.25715015234035615,
                    "recall": 0.25313807531380755,
                    "f1-score": 0.25349182171987633,
                    "support": 478.0
                }
            },
            "auroc_per_class": {
                "class_0": 0.5358644245927483,
                "class_1": 0.519245337995338,
                "class_2": 0.49162606232294614,
                "class_3": 0.5008390541571319
            }
        },
        {
            "fold": 3,
            "accuracy": 0.200836820083682,
            "auroc": 0.46333275206755836,
            "n_train_samples": 1910,
            "n_test_samples": 478,
            "classification_report": {
                "0": {
                    "precision": 0.22448979591836735,
                    "recall": 0.21782178217821782,
                    "f1-score": 0.22110552763819097,
                    "support": 101.0
                },
                "1": {
                    "precision": 0.192,
                    "recall": 0.15789473684210525,
                    "f1-score": 0.17328519855595667,
                    "support": 152.0
                },
                "2": {
                    "precision": 0.1826086956521739,
                    "recall": 0.19444444444444445,
                    "f1-score": 0.18834080717488788,
                    "support": 108.0
                },
                "3": {
                    "precision": 0.20714285714285716,
                    "recall": 0.24786324786324787,
                    "f1-score": 0.22568093385214008,
                    "support": 117.0
                },
                "accuracy": 0.200836820083682,
                "macro avg": {
                    "precision": 0.20156033717834962,
                    "recall": 0.20450605283200385,
                    "f1-score": 0.2021031168052939,
                    "support": 478.0
                },
                "weighted avg": {
                    "precision": 0.20044962929687068,
                    "recall": 0.200836820083682,
                    "f1-score": 0.19961607721244976,
                    "support": 478.0
                }
            },
            "auroc_per_class": {
                "class_0": 0.5125929038527195,
                "class_1": 0.3852720374556022,
                "class_2": 0.4857357357357357,
                "class_3": 0.4697303312261761
            }
        },
        {
            "fold": 4,
            "accuracy": 0.22641509433962265,
            "auroc": 0.471865830713215,
            "n_train_samples": 1911,
            "n_test_samples": 477,
            "classification_report": {
                "0": {
                    "precision": 0.1794871794871795,
                    "recall": 0.17796610169491525,
                    "f1-score": 0.17872340425531916,
                    "support": 118.0
                },
                "1": {
                    "precision": 0.22123893805309736,
                    "recall": 0.24509803921568626,
                    "f1-score": 0.23255813953488372,
                    "support": 102.0
                },
                "2": {
                    "precision": 0.2543859649122807,
                    "recall": 0.2230769230769231,
                    "f1-score": 0.23770491803278687,
                    "support": 130.0
                },
                "3": {
                    "precision": 0.24812030075187969,
                    "recall": 0.25984251968503935,
                    "f1-score": 0.25384615384615383,
                    "support": 127.0
                },
                "accuracy": 0.22641509433962265,
                "macro avg": {
                    "precision": 0.22580809580110933,
                    "recall": 0.22649589591814098,
                    "f1-score": 0.22570815391728588,
                    "support": 477.0
                },
                "weighted avg": {
                    "precision": 0.22710128405657928,
                    "recall": 0.22641509433962265,
                    "f1-score": 0.22631109605326968,
                    "support": 477.0
                }
            },
            "auroc_per_class": {
                "class_0": 0.427989707756952,
                "class_1": 0.5175816993464052,
                "class_2": 0.4869762802039459,