{
    "subject_id": 4,
    "trial_id": 2,
    "eval_name": "speaker",
    "k_folds": 5,
    "mean_accuracy": 0.2468909436684373,
    "std_accuracy": 0.055581299025824954,
    "fold_results": [
        {
            "fold": 1,
            "accuracy": 0.2071611253196931,
            "auroc": NaN,
            "n_train_samples": 1561,
            "n_test_samples": 391,
            "classification_report": {
                "0": {
                    "precision": 0.0,
                    "recall": 0.0,
                    "f1-score": 0.0,
                    "support": 2.0
                },
                "1": {
                    "precision": 0.0,
                    "recall": 0.0,
                    "f1-score": 0.0,
                    "support": 0.0
                },
                "2": {
                    "precision": 0.8082191780821918,
                    "recall": 0.19407894736842105,
                    "f1-score": 0.3129973474801061,
                    "support": 304.0
                },
                "3": {
                    "precision": 0.2268041237113402,
                    "recall": 0.25882352941176473,
                    "f1-score": 0.24175824175824176,
                    "support": 85.0
                },
                "accuracy": 0.2071611253196931,
                "macro avg": {
                    "precision": 0.258755825448383,
                    "recall": 0.11322561919504645,
                    "f1-score": 0.13868889730958697,
                    "support": 391.0
                },
                "weighted avg": {
                    "precision": 0.6776904876021744,
                    "recall": 0.2071611253196931,
                    "f1-score": 0.29590957591663125,
                    "support": 391.0
                }
            },
            "auroc_per_class": {
                "class_0": 0.21079691516709514,
                "class_1": NaN,
                "class_2": 0.6010662431941924
            }
        },
        {
            "fold": 2,
            "accuracy": 0.3554987212276215,
            "auroc": 0.6288861110391821,
            "n_train_samples": 1561,
            "n_test_samples": 391,
            "classification_report": {
                "0": {
                    "precision": 0.2631578947368421,
                    "recall": 0.22935779816513763,
                    "f1-score": 0.24509803921568626,
                    "support": 109.0
                },
                "1": {
                    "precision": 0.23529411764705882,
                    "recall": 0.3368421052631579,
                    "f1-score": 0.27705627705627706,
                    "support": 95.0
                },
                "2": {
                    "precision": 0.6701030927835051,
                    "recall": 0.5652173913043478,
                    "f1-score": 0.6132075471698113,
                    "support": 115.0
                },
                "3": {
                    "precision": 0.2698412698412698,
                    "recall": 0.2361111111111111,
                    "f1-score": 0.2518518518518518,
                    "support": 72.0
                },
                "accuracy": 0.3554987212276215,
                "macro avg": {
                    "precision": 0.3595990937521689,
                    "recall": 0.3418821014609386,
                    "f1-score": 0.3468034288234066,
                    "support": 391.0
                },
                "weighted avg": {
                    "precision": 0.37730838568148556,
                    "recall": 0.3554987212276215,
                    "f1-score": 0.36237399962331907,
                    "support": 391.0
                }
            },
            "auroc_per_class": {
                "class_0": 0.5589823671026092,
                "class_1": 0.5779160739687056,
                "class_2": 0.7852551984877126,
                "class_3": 0.5933908045977011
            }
        },
        {
            "fold": 3,
            "accuracy": 0.24102564102564103,
            "auroc": NaN,
            "n_train_samples": 1562,
            "n_test_samples": 390,
            "classification_report": {
                "0": {
                    "precision": 0.27472527472527475,
                    "recall": 0.23148148148148148,
                    "f1-score": 0.25125628140703515,
                    "support": 108.0
                },
                "1": {
                    "precision": 0.5280898876404494,
                    "recall": 0.2554347826086957,
                    "f1-score": 0.3443223443223443,
                    "support": 184.0
                },
                "2": {
                    "precision": 0.0,
                    "recall": 0.0,
                    "f1-score": 0.0,
                    "support": 0.0
                },
                "3": {
                    "precision": 0.20952380952380953,
                    "recall": 0.22448979591836735,
                    "f1-score": 0.21674876847290642,
                    "support": 98.0
                },
                "accuracy": 0.24102564102564103,
                "macro avg": {
                    "precision": 0.2530847429723834,
                    "recall": 0.17785151500213614,
                    "f1-score": 0.2030818485505715,
                    "support": 390.0
                },
                "weighted avg": {
                    "precision": 0.3778774418705274,
                    "recall": 0.24102564102564103,
                    "f1-score": 0.28649325399388714,
                    "support": 390.0
                }
            },
            "auroc_per_class": {
                "class_0": 0.48552009456264783,
                "class_1": 0.5425812579147319,
                "class_2": NaN
            }
        },
        {
            "fold": 4,
            "accuracy": 0.21025641025641026,
            "auroc": NaN,
            "n_train_samples": 1562,
            "n_test_samples": 390,
            "classification_report": {
                "0": {
                    "precision": 0.45121951219512196,
                    "recall": 0.21764705882352942,
                    "f1-score": 0.29365079365079366,
                    "support": 170.0
                },
                "1": {
                    "precision": 0.21839080459770116,
                    "recall": 0.15966386554621848,
                    "f1-score": 0.18446601941747573,
                    "support": 119.0
                },
                "2": {
                    "precision": 0.0,
                    "recall": 0.0,
                    "f1-score": 0.0,
                    "support": 0.0
                },
                "3": {
                    "precision": 0.25742574257425743,
                    "recall": 0.25742574257425743,
                    "f1-score": 0.25742574257425743,
                    "support": 101.0
                },
                "accuracy": 0.21025641025641026,
                "macro avg": {
                    "precision": 0.23175901484177014,
                    "recall": 0.15868416673600133,
                    "f1-score": 0.1838856389106317,
                    "support": 390.0
                },
                "weighted avg": {
                    "precision": 0.32998928928281324,
                    "recall": 0.21025641025641026,
                    "f1-score": 0.2509540800802937,
                    "support": 390.0
                }
            },
            "auroc_per_class": {
                "class_0": 0.4655080213903744,
                "class_1": 0.43923842599770535,
                "class_2": NaN
            }
        },
        {
            "fold": 5,
            "accuracy": 0.2205128205128205,
            "auroc": 0.48372458857860123,
            "n_train_samples": 1562,
            "n_test_samples": 390,
            "classification_report": {
                "0": {
                    "precision": 0.21518987341772153,