{
    "subject_id": 6,
    "trial_id": 1,
    "eval_name": "frame_brightness",
    "k_folds": 5,
    "mean_accuracy": 0.42846662067501595,
    "std_accuracy": 0.07399894979288431,
    "fold_results": [
        {
            "fold": 1,
            "accuracy": 0.3521545319465082,
            "auroc": 0.5202634245187436,
            "n_train_samples": 2688,
            "n_test_samples": 673,
            "classification_report": {
                "0": {
                    "precision": 0.018306636155606407,
                    "recall": 0.5333333333333333,
                    "f1-score": 0.035398230088495575,
                    "support": 15.0
                },
                "1": {
                    "precision": 0.9703389830508474,
                    "recall": 0.34802431610942247,
                    "f1-score": 0.5123042505592841,
                    "support": 658.0
                },
                "accuracy": 0.3521545319465082,
                "macro avg": {
                    "precision": 0.49432280960322694,
                    "recall": 0.44067882472137787,
                    "f1-score": 0.27385124032388986,
                    "support": 673.0
                },
                "weighted avg": {
                    "precision": 0.9491198371319342,
                    "recall": 0.3521545319465082,
                    "f1-score": 0.5016748444566662,
                    "support": 673.0
                }
            }
        },
        {
            "fold": 2,
            "accuracy": 0.4270833333333333,
            "auroc": 0.4988876640945986,
            "n_train_samples": 2689,
            "n_test_samples": 672,
            "classification_report": {
                "0": {
                    "precision": 0.1323529411764706,
                    "recall": 0.6352941176470588,
                    "f1-score": 0.21906693711967545,
                    "support": 85.0
                },
                "1": {
                    "precision": 0.8825757575757576,
                    "recall": 0.3969335604770017,
                    "f1-score": 0.5475910693301997,
                    "support": 587.0
                },
                "accuracy": 0.4270833333333333,
                "macro avg": {
                    "precision": 0.5074643493761141,
                    "recall": 0.5161138390620302,
                    "f1-score": 0.38332900322493757,
                    "support": 672.0
                },
                "weighted avg": {
                    "precision": 0.7876815025252526,
                    "recall": 0.4270833333333333,
                    "f1-score": 0.5060366776071424,
                    "support": 672.0
                }
            }
        },
        {
            "fold": 3,
            "accuracy": 0.34077380952380953,
            "auroc": 0.5680008685581934,
            "n_train_samples": 2689,
            "n_test_samples": 672,
            "classification_report": {
                "0": {
                    "precision": 0.9383886255924171,
                    "recall": 0.31528662420382164,
                    "f1-score": 0.4719904648390942,
                    "support": 628.0
                },
                "1": {
                    "precision": 0.06724511930585683,
                    "recall": 0.7045454545454546,
                    "f1-score": 0.12277227722772277,
                    "support": 44.0
                },
                "accuracy": 0.34077380952380953,
                "macro avg": {
                    "precision": 0.502816872449137,
                    "recall": 0.5099160393746381,
                    "f1-score": 0.29738137103340845,
                    "support": 672.0
                },
                "weighted avg": {
                    "precision": 0.8813494674427018,
                    "recall": 0.34077380952380953,
                    "f1-score": 0.4491249882693021,
                    "support": 672.0
                }
            }
        },
        {
            "fold": 4,
            "accuracy": 0.5014880952380952,
            "auroc": 0.4953053623729917,
            "n_train_samples": 2689,
            "n_test_samples": 672,
            "classification_report": {
                "0": {
                    "precision": 0.757396449704142,
                    "recall": 0.5029469548133595,
                    "f1-score": 0.6044864226682408,
                    "support": 509.0
                },
                "1": {
                    "precision": 0.24251497005988024,
                    "recall": 0.49693251533742333,
                    "f1-score": 0.32595573440643866,
                    "support": 163.0
                },
                "accuracy": 0.5014880952380952,
                "macro avg": {
                    "precision": 0.4999557098820111,
                    "recall": 0.4999397350753914,
                    "f1-score": 0.46522107853733974,
                    "support": 672.0
                },
                "weighted avg": {
                    "precision": 0.6325070431832869,
                    "recall": 0.5014880952380952,
                    "f1-score": 0.5369261515571191,
                    "support": 672.0
                }
            }
        },
        {
            "fold": 5,
            "accuracy": 0.5208333333333334,
            "auroc": 0.5237276750434645,
            "n_train_samples": 2689,
            "n_test_samples": 672,
            "classification_report": {
                "0": {
                    "precision": 0.6848484848484848,
                    "recall": 0.509009009009009,
                    "f1-score": 0.5839793281653747,
                    "support": 444.0
                },
                "1": {
                    "precision": 0.36257309941520466,
                    "recall": 0.543859649122807,
                    "f1-score": 0.43508771929824563,
                    "support": 228.0
                },
                "accuracy": 0.5208333333333334,
                "macro avg": {
                    "precision": 0.5237107921318447,
                    "recall": 0.526434329065908,
                    "f1-score": 0.5095335237318102,
                    "support": 672.0
                },
                "weighted avg": {
                    "precision": 0.5755050505050505,
                    "recall": 0.5208333333333334,
                    "f1-score": 0.5334625322997416,
                    "support": 672.0
                }
            }
        }
    ],
    "n_classes": 2
}