{
    "subject_id": 9,
    "trial_id": 0,
    "eval_name": "volume",
    "k_folds": 5,
    "mean_accuracy": 0.6128108126285043,
    "std_accuracy": 0.01785454834080093,
    "fold_results": [
        {
            "fold": 1,
            "accuracy": 0.5826944140197152,
            "auroc": 0.6195873700378072,
            "n_train_samples": 3648,
            "n_test_samples": 913,
            "classification_report": {
                "0": {
                    "precision": 0.6567796610169492,
                    "recall": 0.5860113421550095,
                    "f1-score": 0.6193806193806194,
                    "support": 529.0
                },
                "1": {
                    "precision": 0.5034013605442177,
                    "recall": 0.578125,
                    "f1-score": 0.5381818181818182,
                    "support": 384.0
                },
                "accuracy": 0.5826944140197152,
                "macro avg": {
                    "precision": 0.5800905107805834,
                    "recall": 0.5820681710775047,
                    "f1-score": 0.5787812187812188,
                    "support": 913.0
                },
                "weighted avg": {
                    "precision": 0.5922700581894257,
                    "recall": 0.5826944140197152,
                    "f1-score": 0.5852290972991958,
                    "support": 913.0
                }
            }
        },
        {
            "fold": 2,
            "accuracy": 0.6282894736842105,
            "auroc": 0.6765751322517857,
            "n_train_samples": 3649,
            "n_test_samples": 912,
            "classification_report": {
                "0": {
                    "precision": 0.5579399141630901,
                    "recall": 0.6615776081424937,
                    "f1-score": 0.6053550640279395,
                    "support": 393.0
                },
                "1": {
                    "precision": 0.7017937219730942,
                    "recall": 0.603082851637765,
                    "f1-score": 0.6487046632124353,
                    "support": 519.0
                },
                "accuracy": 0.6282894736842105,
                "macro avg": {
                    "precision": 0.6298668180680922,
                    "recall": 0.6323302298901293,
                    "f1-score": 0.6270298636201874,
                    "support": 912.0
                },
                "weighted avg": {
                    "precision": 0.6398040876865464,
                    "recall": 0.6282894736842105,
                    "f1-score": 0.6300244083006954,
                    "support": 912.0
                }
            }
        },
        {
            "fold": 3,
            "accuracy": 0.631578947368421,
            "auroc": 0.6971239754638607,
            "n_train_samples": 3649,
            "n_test_samples": 912,
            "classification_report": {
                "0": {
                    "precision": 0.8213552361396304,
                    "recall": 0.6163328197226502,
                    "f1-score": 0.704225352112676,
                    "support": 649.0
                },
                "1": {
                    "precision": 0.41411764705882353,
                    "recall": 0.6692015209125475,
                    "f1-score": 0.5116279069767442,
                    "support": 263.0
                },
                "accuracy": 0.631578947368421,
                "macro avg": {
                    "precision": 0.6177364415992269,
                    "recall": 0.6427671703175988,
                    "f1-score": 0.6079266295447101,
                    "support": 912.0
                },
                "weighted avg": {
                    "precision": 0.7039172033235643,
                    "recall": 0.631578947368421,
                    "f1-score": 0.6486846415087835,
                    "support": 912.0
                }
            }
        },
        {
            "fold": 4,
            "accuracy": 0.6173245614035088,
            "auroc": 0.678699215143121,
            "n_train_samples": 3649,
            "n_test_samples": 912,
            "classification_report": {
                "0": {
                    "precision": 0.6126315789473684,
                    "recall": 0.6381578947368421,
                    "f1-score": 0.6251342642320086,
                    "support": 456.0
                },
                "1": {
                    "precision": 0.6224256292906178,
                    "recall": 0.5964912280701754,
                    "f1-score": 0.6091825307950728,
                    "support": 456.0
                },
                "accuracy": 0.6173245614035088,
                "macro avg": {
                    "precision": 0.6175286041189931,
                    "recall": 0.6173245614035088,
                    "f1-score": 0.6171583975135406,
                    "support": 912.0
                },
                "weighted avg": {
                    "precision": 0.6175286041189931,
                    "recall": 0.6173245614035088,
                    "f1-score": 0.6171583975135406,
                    "support": 912.0
                }
            }
        },
        {
            "fold": 5,
            "accuracy": 0.6041666666666666,
            "auroc": 0.6311119354761505,
            "n_train_samples": 3649,
            "n_test_samples": 912,
            "classification_report": {
                "0": {
                    "precision": 0.360313315926893,
                    "recall": 0.5433070866141733,
                    "f1-score": 0.43328100470957615,
                    "support": 254.0
                },
                "1": {
                    "precision": 0.780718336483932,
                    "recall": 0.6276595744680851,
                    "f1-score": 0.6958719460825611,
                    "support": 658.0
                },
                "accuracy": 0.6041666666666666,
                "macro avg": {
                    "precision": 0.5705158262054124,
                    "recall": 0.5854833305411291,
                    "f1-score": 0.5645764753960686,
                    "support": 912.0
                },
                "weighted avg": {
                    "precision": 0.6636318504954584,
                    "recall": 0.6041666666666666,
                    "f1-score": 0.6227380654808744,
                    "support": 912.0
                }
            }
        }
    ],
    "n_classes": 2
}