{
    "subject_id": 6,
    "trial_id": 4,
    "eval_name": "delta_volume",
    "k_folds": 5,
    "mean_accuracy": 0.712151140209732,
    "std_accuracy": 0.01698002480126213,
    "fold_results": [
        {
            "fold": 1,
            "accuracy": 0.7174721189591078,
            "auroc": 0.8039845047039292,
            "n_train_samples": 1072,
            "n_test_samples": 269,
            "classification_report": {
                "0": {
                    "precision": 0.723404255319149,
                    "recall": 0.7338129496402878,
                    "f1-score": 0.7285714285714285,
                    "support": 139.0
                },
                "1": {
                    "precision": 0.7109375,
                    "recall": 0.7,
                    "f1-score": 0.7054263565891473,
                    "support": 130.0
                },
                "accuracy": 0.7174721189591078,
                "macro avg": {
                    "precision": 0.7171708776595744,
                    "recall": 0.7169064748201439,
                    "f1-score": 0.7169988925802879,
                    "support": 269.0
                },
                "weighted avg": {
                    "precision": 0.7173794293284822,
                    "recall": 0.7174721189591078,
                    "f1-score": 0.7173860777993224,
                    "support": 269.0
                }
            }
        },
        {
            "fold": 2,
            "accuracy": 0.7313432835820896,
            "auroc": 0.7815928710665554,
            "n_train_samples": 1073,
            "n_test_samples": 268,
            "classification_report": {
                "0": {
                    "precision": 0.7479674796747967,
                    "recall": 0.6917293233082706,
                    "f1-score": 0.71875,
                    "support": 133.0
                },
                "1": {
                    "precision": 0.7172413793103448,
                    "recall": 0.7703703703703704,
                    "f1-score": 0.7428571428571429,
                    "support": 135.0
                },
                "accuracy": 0.7313432835820896,
                "macro avg": {
                    "precision": 0.7326044294925708,
                    "recall": 0.7310498468393205,
                    "f1-score": 0.7308035714285714,
                    "support": 268.0
                },
                "weighted avg": {
                    "precision": 0.7324897798643452,
                    "recall": 0.7313432835820896,
                    "f1-score": 0.7308935234541577,
                    "support": 268.0
                }
            }
        },
        {
            "fold": 3,
            "accuracy": 0.6902985074626866,
            "auroc": 0.7712655310057906,
            "n_train_samples": 1073,
            "n_test_samples": 268,
            "classification_report": {
                "0": {
                    "precision": 0.6792452830188679,
                    "recall": 0.5950413223140496,
                    "f1-score": 0.6343612334801763,
                    "support": 121.0
                },
                "1": {
                    "precision": 0.6975308641975309,
                    "recall": 0.7687074829931972,
                    "f1-score": 0.7313915857605178,
                    "support": 147.0
                },
                "accuracy": 0.6902985074626866,
                "macro avg": {
                    "precision": 0.6883880736081993,
                    "recall": 0.6818744026536234,
                    "f1-score": 0.682876409620347,
                    "support": 268.0
                },
                "weighted avg": {
                    "precision": 0.6892750607549255,
                    "recall": 0.6902985074626866,
                    "f1-score": 0.6875831058130503,
                    "support": 268.0
                }
            }
        },
        {
            "fold": 4,
            "accuracy": 0.6940298507462687,
            "auroc": 0.7663954978547948,
            "n_train_samples": 1073,
            "n_test_samples": 268,
            "classification_report": {
                "0": {
                    "precision": 0.7165354330708661,
                    "recall": 0.6642335766423357,
                    "f1-score": 0.6893939393939394,
                    "support": 137.0
                },
                "1": {
                    "precision": 0.6737588652482269,
                    "recall": 0.7251908396946565,
                    "f1-score": 0.6985294117647058,
                    "support": 131.0
                },
                "accuracy": 0.6940298507462687,
                "macro avg": {
                    "precision": 0.6951471491595465,
                    "recall": 0.6947122081684961,
                    "f1-score": 0.6939616755793226,
                    "support": 268.0
                },
                "weighted avg": {
                    "precision": 0.6956259913366656,
                    "recall": 0.6940298507462687,
                    "f1-score": 0.6938594128289035,
                    "support": 268.0
                }
            }
        },
        {
            "fold": 5,
            "accuracy": 0.7276119402985075,
            "auroc": 0.781230803596359,
            "n_train_samples": 1073,
            "n_test_samples": 268,
            "classification_report": {
                "0": {
                    "precision": 0.7297297297297297,
                    "recall": 0.7659574468085106,
                    "f1-score": 0.7474048442906575,
                    "support": 141.0
                },
                "1": {
                    "precision": 0.725,
                    "recall": 0.6850393700787402,
                    "f1-score": 0.7044534412955465,
                    "support": 127.0
                },
                "accuracy": 0.7276119402985075,
                "macro avg": {
                    "precision": 0.7273648648648648,
                    "recall": 0.7254984084436253,
                    "f1-score": 0.7259291427931021,
                    "support": 268.0
                },
                "weighted avg": {
                    "precision": 0.7274884025816861,
                    "recall": 0.7276119402985075,
                    "f1-score": 0.7270510077967057,
                    "support": 268.0
                }
            }
        }
    ],
    "n_classes": 2
}