{
    "subject_id": 9,
    "trial_id": 0,
    "eval_name": "speaker",
    "k_folds": 5,
    "mean_accuracy": 0.24722632697552654,
    "std_accuracy": 0.02139285510671625,
    "fold_results": [
        {
            "fold": 1,
            "accuracy": 0.2529348986125934,
            "auroc": 0.519880876831604,
            "n_train_samples": 3747,
            "n_test_samples": 937,
            "classification_report": {
                "0": {
                    "precision": 0.10980392156862745,
                    "recall": 0.345679012345679,
                    "f1-score": 0.16666666666666666,
                    "support": 81.0
                },
                "1": {
                    "precision": 0.2922374429223744,
                    "recall": 0.19753086419753085,
                    "f1-score": 0.23572744014732966,
                    "support": 324.0
                },
                "2": {
                    "precision": 0.3135593220338983,
                    "recall": 0.29133858267716534,
                    "f1-score": 0.3020408163265306,
                    "support": 254.0
                },
                "3": {
                    "precision": 0.31277533039647576,
                    "recall": 0.25539568345323743,
                    "f1-score": 0.2811881188118812,
                    "support": 278.0
                },
                "accuracy": 0.2529348986125934,
                "macro avg": {
                    "precision": 0.257094004230344,
                    "recall": 0.2724860356684031,
                    "f1-score": 0.24640576048810203,
                    "support": 937.0
                },
                "weighted avg": {
                    "precision": 0.28834008409897394,
                    "recall": 0.2529348986125934,
                    "f1-score": 0.2612212966748949,
                    "support": 937.0
                }
            },
            "auroc_per_class": {
                "class_0": 0.5285998615437867,
                "class_1": 0.49314744325619797,
                "class_2": 0.5439008081530072,
                "class_3": 0.5138753943734239
            }
        },
        {
            "fold": 2,
            "accuracy": 0.2497331910352188,
            "auroc": 0.507888961128945,
            "n_train_samples": 3747,
            "n_test_samples": 937,
            "classification_report": {
                "0": {
                    "precision": 0.20416666666666666,
                    "recall": 0.27071823204419887,
                    "f1-score": 0.2327790973871734,
                    "support": 181.0
                },
                "1": {
                    "precision": 0.29107981220657275,
                    "recall": 0.23308270676691728,
                    "f1-score": 0.2588726513569937,
                    "support": 266.0
                },
                "2": {
                    "precision": 0.32905982905982906,
                    "recall": 0.23123123123123124,
                    "f1-score": 0.2716049382716049,
                    "support": 333.0
                },
                "3": {
                    "precision": 0.184,
                    "recall": 0.2929936305732484,
                    "f1-score": 0.22604422604422605,
                    "support": 157.0
                },
                "accuracy": 0.2497331910352188,
                "macro avg": {
                    "precision": 0.25207657698326713,
                    "recall": 0.25700645015389895,
                    "f1-score": 0.2473252282649995,
                    "support": 937.0
                },
                "weighted avg": {
                    "precision": 0.26984665932821567,
                    "recall": 0.2497331910352188,
                    "f1-score": 0.25285648860344356,
                    "support": 937.0
                }
            },
            "auroc_per_class": {
                "class_0": 0.5088061621210792,
                "class_1": 0.5306858801250518,
                "class_2": 0.47413141618439636,
                "class_3": 0.5179323860852524
            }
        },
        {
            "fold": 3,
            "accuracy": 0.20704375667022412,
            "auroc": NaN,
            "n_train_samples": 3747,
            "n_test_samples": 937,
            "classification_report": {
                "0": {
                    "precision": 0.5668449197860963,
                    "recall": 0.17845117845117844,
                    "f1-score": 0.2714468629961588,
                    "support": 594.0
                },
                "1": {
                    "precision": 0.25311203319502074,
                    "recall": 0.25523012552301255,
                    "f1-score": 0.25416666666666665,
                    "support": 239.0
                },
                "2": {
                    "precision": 0.0,
                    "recall": 0.0,
                    "f1-score": 0.0,
                    "support": 0.0
                },
                "3": {
                    "precision": 0.11790393013100436,
                    "recall": 0.25961538461538464,
                    "f1-score": 0.16216216216216217,
                    "support": 104.0
                },
                "accuracy": 0.20704375667022412,
                "macro avg": {
                    "precision": 0.23446522077803034,
                    "recall": 0.17332417214739393,
                    "f1-score": 0.17194392295624691,
                    "support": 937.0
                },
                "weighted avg": {
                    "precision": 0.4369921739809772,
                    "recall": 0.20704375667022412,
                    "f1-score": 0.25490942883448936,
                    "support": 937.0
                }
            },
            "auroc_per_class": {
                "class_0": 0.45597863965210905,
                "class_1": 0.497410413494623,
                "class_2": NaN
            }
        },
        {
            "fold": 4,
            "accuracy": 0.2710779082177161,
            "auroc": 0.5268741138922804,
            "n_train_samples": 3747,
            "n_test_samples": 937,
            "classification_report": {
                "0": {
                    "precision": 0.2826086956521739,
                    "recall": 0.2838427947598253,
                    "f1-score": 0.28322440087145967,
                    "support": 229.0
                },
                "1": {
                    "precision": 0.2589641434262948,
                    "recall": 0.2754237288135593,
                    "f1-score": 0.2669404517453799,
                    "support": 236.0
                },
                "2": {
                    "precision": 0.1836734693877551,
                    "recall": 0.26011560693641617,
                    "f1-score": 0.215311004784689,
                    "support": 173.0
                },
                "3": {
                    "precision": 0.3744075829383886,
                    "recall": 0.26421404682274247,
                    "f1-score": 0.30980392156862746,
                    "support": 299.0
                },
                "accuracy": 0.2710779082177161,
                "macro avg": {
                    "precision": 0.2749134728511531,
                    "recall": 0.27089904433313583,
                    "f1-score": 0.268819944742539,
                    "support": 937.0
                },
                "weighted avg": {
                    "precision": 0.2876801565161293,
                    "recall": 0.2710779082177161,
                    "f1-score": 0.27506564651893783,
                    "support": 937.0
                }
            },
            "auroc_per_class": {
                "class_0": 0.5419473021982089,
                "class_1": 0.5149242002949781,
                "class_2": 0.5073616197076537,
                "class_3": 0.5432633333682809
            }
        },
        {
            "fold": 5,