{
    "subject_id": 4,
    "trial_id": 2,
    "eval_name": "word_part_speech",
    "k_folds": 5,
    "mean_accuracy": 0.2771052966641202,
    "std_accuracy": 0.011774425384938069,
    "fold_results": [
        {
            "fold": 1,
            "accuracy": 0.26737967914438504,
            "auroc": 0.5124210060735156,
            "n_train_samples": 2243,
            "n_test_samples": 561,
            "classification_report": {
                "0": {
                    "precision": 0.26811594202898553,
                    "recall": 0.29133858267716534,
                    "f1-score": 0.2792452830188679,
                    "support": 127.0
                },
                "1": {
                    "precision": 0.2994011976047904,
                    "recall": 0.32051282051282054,
                    "f1-score": 0.30959752321981426,
                    "support": 156.0
                },
                "2": {
                    "precision": 0.26595744680851063,
                    "recall": 0.16891891891891891,
                    "f1-score": 0.2066115702479339,
                    "support": 148.0
                },
                "3": {
                    "precision": 0.2345679012345679,
                    "recall": 0.2923076923076923,
                    "f1-score": 0.2602739726027397,
                    "support": 130.0
                },
                "accuracy": 0.26737967914438504,
                "macro avg": {
                    "precision": 0.2670106219192136,
                    "recall": 0.2682695036041493,
                    "f1-score": 0.2639320872723389,
                    "support": 561.0
                },
                "weighted avg": {
                    "precision": 0.26847208690228497,
                    "recall": 0.26737967914438504,
                    "f1-score": 0.2641274392170011,
                    "support": 561.0
                }
            },
            "auroc_per_class": {
                "class_0": 0.5302623462389782,
                "class_1": 0.5249129471351693,
                "class_2": 0.527419671487468,
                "class_3": 0.46708905943244694
            }
        },
        {
            "fold": 2,
            "accuracy": 0.2798573975044563,
            "auroc": 0.5341694452944852,
            "n_train_samples": 2243,
            "n_test_samples": 561,
            "classification_report": {
                "0": {
                    "precision": 0.3925925925925926,
                    "recall": 0.3464052287581699,
                    "f1-score": 0.3680555555555556,
                    "support": 153.0
                },
                "1": {
                    "precision": 0.23703703703703705,
                    "recall": 0.25,
                    "f1-score": 0.24334600760456274,
                    "support": 128.0
                },
                "2": {
                    "precision": 0.20512820512820512,
                    "recall": 0.25806451612903225,
                    "f1-score": 0.22857142857142856,
                    "support": 124.0
                },
                "3": {
                    "precision": 0.2962962962962963,
                    "recall": 0.2564102564102564,
                    "f1-score": 0.27491408934707906,
                    "support": 156.0
                },
                "accuracy": 0.2798573975044563,
                "macro avg": {
                    "precision": 0.2827635327635328,
                    "recall": 0.2777200003243646,
                    "f1-score": 0.2787217702696565,
                    "support": 561.0
                },
                "weighted avg": {
                    "precision": 0.28888685751430854,
                    "recall": 0.2798573975044563,
                    "f1-score": 0.2828703102573717,
                    "support": 561.0
                }
            },
            "auroc_per_class": {
                "class_0": 0.5917595796488531,
                "class_1": 0.5197477627020786,
                "class_2": 0.5186019044806969,
                "class_3": 0.5065685343463122
            }
        },
        {
            "fold": 3,
            "accuracy": 0.29590017825311943,
            "auroc": 0.5351649382910668,
            "n_train_samples": 2243,
            "n_test_samples": 561,
            "classification_report": {
                "0": {
                    "precision": 0.23809523809523808,
                    "recall": 0.2966101694915254,
                    "f1-score": 0.2641509433962264,
                    "support": 118.0
                },
                "1": {
                    "precision": 0.3230769230769231,
                    "recall": 0.28,
                    "f1-score": 0.3,
                    "support": 150.0
                },
                "2": {
                    "precision": 0.3013698630136986,
                    "recall": 0.2913907284768212,
                    "f1-score": 0.2962962962962963,
                    "support": 151.0
                },
                "3": {
                    "precision": 0.32608695652173914,
                    "recall": 0.31690140845070425,
                    "f1-score": 0.32142857142857145,
                    "support": 142.0
                },
                "accuracy": 0.29590017825311943,
                "macro avg": {
                    "precision": 0.29715724517689973,
                    "recall": 0.29622557660476273,
                    "f1-score": 0.2954689527802735,
                    "support": 561.0
                },
                "weighted avg": {
                    "precision": 0.3001211652369554,
                    "recall": 0.29590017825311943,
                    "f1-score": 0.2968866474230884,
                    "support": 561.0
                }
            },
            "auroc_per_class": {
                "class_0": 0.503443394421701,
                "class_1": 0.5422546634225467,
                "class_2": 0.5638345986108867,
                "class_3": 0.531127096709133
            }
        },
        {
            "fold": 4,
            "accuracy": 0.2620320855614973,
            "auroc": 0.5276653089596517,
            "n_train_samples": 2243,
            "n_test_samples": 561,
            "classification_report": {
                "0": {
                    "precision": 0.31496062992125984,
                    "recall": 0.26666666666666666,
                    "f1-score": 0.2888086642599278,
                    "support": 150.0
                },
                "1": {
                    "precision": 0.24615384615384617,
                    "recall": 0.24242424242424243,
                    "f1-score": 0.24427480916030533,
                    "support": 132.0
                },
                "2": {
                    "precision": 0.30656934306569344,
                    "recall": 0.2857142857142857,
                    "f1-score": 0.29577464788732394,
                    "support": 147.0
                },
                "3": {
                    "precision": 0.19760479041916168,
                    "recall": 0.25,
                    "f1-score": 0.22073578595317725,
                    "support": 132.0
                },
                "accuracy": 0.2620320855614973,
                "macro avg": {
                    "precision": 0.26632215238999024,
                    "recall": 0.2612012987012987,
                    "f1-score": 0.2623984768151836,
                    "support": 561.0
                },
                "weighted avg": {
                    "precision": 0.2689588733448894,
                    "recall": 0.2620320855614973,
                    "f1-score": 0.2641382734998315,
                    "support": 561.0
                }
            },
            "auroc_per_class": {
                "class_0": 0.5345579886455798,
                "class_1": 0.5286607332061878,
                "class_2": 0.5726773801307963,