{
    "subject_id": 3,
    "trial_id": 1,
    "eval_name": "global_flow",
    "k_folds": 5,
    "mean_accuracy": 0.5318236089286572,
    "std_accuracy": 0.0222148735920649,
    "fold_results": [
        {
            "fold": 1,
            "accuracy": 0.5484293193717278,
            "auroc": 0.5585689391514634,
            "n_train_samples": 3055,
            "n_test_samples": 764,
            "classification_report": {
                "0": {
                    "precision": 0.45287958115183247,
                    "recall": 0.5598705501618123,
                    "f1-score": 0.5007235890014472,
                    "support": 309.0
                },
                "1": {
                    "precision": 0.643979057591623,
                    "recall": 0.5406593406593406,
                    "f1-score": 0.5878136200716846,
                    "support": 455.0
                },
                "accuracy": 0.5484293193717278,
                "macro avg": {
                    "precision": 0.5484293193717278,
                    "recall": 0.5502649454105765,
                    "f1-score": 0.5442686045365659,
                    "support": 764.0
                },
                "weighted avg": {
                    "precision": 0.5666888243195087,
                    "recall": 0.5484293193717278,
                    "f1-score": 0.5525900342068896,
                    "support": 764.0
                }
            }
        },
        {
            "fold": 2,
            "accuracy": 0.506544502617801,
            "auroc": 0.5351868361218806,
            "n_train_samples": 3055,
            "n_test_samples": 764,
            "classification_report": {
                "0": {
                    "precision": 0.553475935828877,
                    "recall": 0.49640287769784175,
                    "f1-score": 0.5233881163084703,
                    "support": 417.0
                },
                "1": {
                    "precision": 0.46153846153846156,
                    "recall": 0.5187319884726225,
                    "f1-score": 0.48846675712347354,
                    "support": 347.0
                },
                "accuracy": 0.506544502617801,
                "macro avg": {
                    "precision": 0.5075071986836692,
                    "recall": 0.5075674330852321,
                    "f1-score": 0.5059274367159718,
                    "support": 764.0
                },
                "weighted avg": {
                    "precision": 0.5117189939718427,
                    "recall": 0.506544502617801,
                    "f1-score": 0.5075272372021956,
                    "support": 764.0
                }
            }
        },
        {
            "fold": 3,
            "accuracy": 0.5235602094240838,
            "auroc": 0.5144209212005821,
            "n_train_samples": 3055,
            "n_test_samples": 764,
            "classification_report": {
                "0": {
                    "precision": 0.48293963254593175,
                    "recall": 0.5242165242165242,
                    "f1-score": 0.5027322404371585,
                    "support": 351.0
                },
                "1": {
                    "precision": 0.5639686684073107,
                    "recall": 0.5230024213075061,
                    "f1-score": 0.542713567839196,
                    "support": 413.0
                },
                "accuracy": 0.5235602094240838,
                "macro avg": {
                    "precision": 0.5234541504766212,
                    "recall": 0.5236094727620151,
                    "f1-score": 0.5227229041381772,
                    "support": 764.0
                },
                "weighted avg": {
                    "precision": 0.52674197784796,
                    "recall": 0.5235602094240838,
                    "f1-score": 0.5243451831296211,
                    "support": 764.0
                }
            }
        },
        {
            "fold": 4,
            "accuracy": 0.5143979057591623,
            "auroc": 0.5163488952245189,
            "n_train_samples": 3055,
            "n_test_samples": 764,
            "classification_report": {
                "0": {
                    "precision": 0.6503856041131105,
                    "recall": 0.5184426229508197,
                    "f1-score": 0.5769669327251995,
                    "support": 488.0
                },
                "1": {
                    "precision": 0.37333333333333335,
                    "recall": 0.5072463768115942,
                    "f1-score": 0.43010752688172044,
                    "support": 276.0
                },
                "accuracy": 0.5143979057591623,
                "macro avg": {
                    "precision": 0.511859468723222,
                    "recall": 0.512844499881207,
                    "f1-score": 0.5035372298034599,
                    "support": 764.0
                },
                "weighted avg": {
                    "precision": 0.5502986581246047,
                    "recall": 0.5143979057591623,
                    "f1-score": 0.5239130112424767,
                    "support": 764.0
                }
            }
        },
        {
            "fold": 5,
            "accuracy": 0.5661861074705111,
            "auroc": 0.5776159767006449,
            "n_train_samples": 3056,
            "n_test_samples": 763,
            "classification_report": {
                "0": {
                    "precision": 0.518918918918919,
                    "recall": 0.5565217391304348,
                    "f1-score": 0.5370629370629371,
                    "support": 345.0
                },
                "1": {
                    "precision": 0.6106870229007634,
                    "recall": 0.5741626794258373,
                    "f1-score": 0.591861898890259,
                    "support": 418.0
                },
                "accuracy": 0.5661861074705111,
                "macro avg": {
                    "precision": 0.5648029709098412,
                    "recall": 0.565342209278136,
                    "f1-score": 0.564462417976598,
                    "support": 763.0
                },
                "weighted avg": {
                    "precision": 0.5691929260806633,
                    "recall": 0.5661861074705111,
                    "f1-score": 0.5670838624152575,
                    "support": 763.0
                }
            }
        }
    ],
    "n_classes": 2
}