{
    "subject_id": 4,
    "trial_id": 2,
    "eval_name": "word_length",
    "k_folds": 5,
    "mean_accuracy": 0.49777783164852574,
    "std_accuracy": 0.024366349458879884,
    "fold_results": [
        {
            "fold": 1,
            "accuracy": 0.4959839357429719,
            "auroc": 0.48603608109910623,
            "n_train_samples": 1991,
            "n_test_samples": 498,
            "classification_report": {
                "0": {
                    "precision": 0.5892116182572614,
                    "recall": 0.48299319727891155,
                    "f1-score": 0.5308411214953271,
                    "support": 294.0
                },
                "1": {
                    "precision": 0.4085603112840467,
                    "recall": 0.5147058823529411,
                    "f1-score": 0.455531453362256,
                    "support": 204.0
                },
                "accuracy": 0.4959839357429719,
                "macro avg": {
                    "precision": 0.49888596477065406,
                    "recall": 0.49884953981592633,
                    "f1-score": 0.49318628742879156,
                    "support": 498.0
                },
                "weighted avg": {
                    "precision": 0.5152098780513662,
                    "recall": 0.4959839357429719,
                    "f1-score": 0.4999913779227438,
                    "support": 498.0
                }
            }
        },
        {
            "fold": 2,
            "accuracy": 0.5020080321285141,
            "auroc": 0.4992736311983471,
            "n_train_samples": 1991,
            "n_test_samples": 498,
            "classification_report": {
                "0": {
                    "precision": 0.5166666666666667,
                    "recall": 0.484375,
                    "f1-score": 0.5,
                    "support": 256.0
                },
                "1": {
                    "precision": 0.4883720930232558,
                    "recall": 0.5206611570247934,
                    "f1-score": 0.504,
                    "support": 242.0
                },
                "accuracy": 0.5020080321285141,
                "macro avg": {
                    "precision": 0.5025193798449612,
                    "recall": 0.5025180785123967,
                    "f1-score": 0.502,
                    "support": 498.0
                },
                "weighted avg": {
                    "precision": 0.5029170947355313,
                    "recall": 0.5020080321285141,
                    "f1-score": 0.5019437751004017,
                    "support": 498.0
                }
            }
        },
        {
            "fold": 3,
            "accuracy": 0.4839357429718876,
            "auroc": 0.474134565330557,
            "n_train_samples": 1991,
            "n_test_samples": 498,
            "classification_report": {
                "0": {
                    "precision": 0.5291828793774319,
                    "recall": 0.5,
                    "f1-score": 0.5141776937618148,
                    "support": 272.0
                },
                "1": {
                    "precision": 0.43568464730290457,
                    "recall": 0.4646017699115044,
                    "f1-score": 0.44967880085653106,
                    "support": 226.0
                },
                "accuracy": 0.4839357429718876,
                "macro avg": {
                    "precision": 0.48243376334016824,
                    "recall": 0.4823008849557522,
                    "f1-score": 0.48192824730917294,
                    "support": 498.0
                },
                "weighted avg": {
                    "precision": 0.48675195478136124,
                    "recall": 0.4839357429718876,
                    "f1-score": 0.4849071118409431,
                    "support": 498.0
                }
            }
        },
        {
            "fold": 4,
            "accuracy": 0.5401606425702812,
            "auroc": 0.5166775884665792,
            "n_train_samples": 1991,
            "n_test_samples": 498,
            "classification_report": {
                "0": {
                    "precision": 0.47368421052631576,
                    "recall": 0.4541284403669725,
                    "f1-score": 0.4637002341920375,
                    "support": 218.0
                },
                "1": {
                    "precision": 0.5882352941176471,
                    "recall": 0.6071428571428571,
                    "f1-score": 0.5975395430579965,
                    "support": 280.0
                },
                "accuracy": 0.5401606425702812,
                "macro avg": {
                    "precision": 0.5309597523219814,
                    "recall": 0.5306356487549148,
                    "f1-score": 0.530619888625017,
                    "support": 498.0
                },
                "weighted avg": {
                    "precision": 0.5380904422644137,
                    "recall": 0.5401606425702812,
                    "f1-score": 0.5389512512251068,
                    "support": 498.0
                }
            }
        },
        {
            "fold": 5,
            "accuracy": 0.46680080482897385,
            "auroc": 0.49246014648858255,
            "n_train_samples": 1992,
            "n_test_samples": 497,
            "classification_report": {
                "0": {
                    "precision": 0.4105960264900662,
                    "recall": 0.5876777251184834,
                    "f1-score": 0.4834307992202729,
                    "support": 211.0
                },
                "1": {
                    "precision": 0.5538461538461539,
                    "recall": 0.3776223776223776,
                    "f1-score": 0.4490644490644491,
                    "support": 286.0
                },
                "accuracy": 0.46680080482897385,
                "macro avg": {
                    "precision": 0.48222109016811004,
                    "recall": 0.4826500513704305,
                    "f1-score": 0.466247624142361,
                    "support": 497.0
                },
                "weighted avg": {
                    "precision": 0.49302970138713076,
                    "recall": 0.46680080482897385,
                    "f1-score": 0.46365458967386325,
                    "support": 497.0
                }
            }
        }
    ],
    "n_classes": 2
}