{
    "subject_id": 2,
    "trial_id": 3,
    "eval_name": "face_num",
    "k_folds": 5,
    "mean_accuracy": 0.33292162305048906,
    "std_accuracy": 0.011192148964211284,
    "fold_results": [
        {
            "fold": 1,
            "accuracy": 0.34203296703296704,
            "auroc": 0.5114839875898026,
            "n_train_samples": 5822,
            "n_test_samples": 1456,
            "classification_report": {
                "0": {
                    "precision": 0.2657200811359026,
                    "recall": 0.3275,
                    "f1-score": 0.2933930571108623,
                    "support": 400.0
                },
                "1": {
                    "precision": 0.3291139240506329,
                    "recall": 0.3383947939262473,
                    "f1-score": 0.3336898395721925,
                    "support": 461.0
                },
                "2": {
                    "precision": 0.43149284253578735,
                    "recall": 0.3546218487394958,
                    "f1-score": 0.3892988929889299,
                    "support": 595.0
                },
                "accuracy": 0.34203296703296704,
                "macro avg": {
                    "precision": 0.3421089492407743,
                    "recall": 0.34017221422191435,
                    "f1-score": 0.33879392989066154,
                    "support": 1456.0
                },
                "weighted avg": {
                    "precision": 0.3535355719440222,
                    "recall": 0.34203296703296704,
                    "f1-score": 0.3453441484996833,
                    "support": 1456.0
                }
            },
            "auroc_per_class": {
                "class_0": 0.49680634469696966,
                "class_1": 0.5317847371346973,
                "class_2": 0.505860880937741
            }
        },
        {
            "fold": 2,
            "accuracy": 0.33104395604395603,
            "auroc": 0.49527201964452083,
            "n_train_samples": 5822,
            "n_test_samples": 1456,
            "classification_report": {
                "0": {
                    "precision": 0.2845849802371542,
                    "recall": 0.35036496350364965,
                    "f1-score": 0.31406761177753545,
                    "support": 411.0
                },
                "1": {
                    "precision": 0.3603411513859275,
                    "recall": 0.3206831119544592,
                    "f1-score": 0.3393574297188755,
                    "support": 527.0
                },
                "2": {
                    "precision": 0.35135135135135137,
                    "recall": 0.32625482625482627,
                    "f1-score": 0.3383383383383383,
                    "support": 518.0
                },
                "accuracy": 0.33104395604395603,
                "macro avg": {
                    "precision": 0.33209249432481097,
                    "recall": 0.3324343005709784,
                    "f1-score": 0.3305877932782497,
                    "support": 1456.0
                },
                "weighted avg": {
                    "precision": 0.33575838850127343,
                    "recall": 0.33104395604395603,
                    "f1-score": 0.331856052995655,
                    "support": 1456.0
                }
            },
            "auroc_per_class": {
                "class_0": 0.4993143109931431,
                "class_1": 0.49948221241342117,
                "class_2": 0.4870195355269982
            }
        },
        {
            "fold": 3,
            "accuracy": 0.32211538461538464,
            "auroc": 0.49907161100985126,
            "n_train_samples": 5822,
            "n_test_samples": 1456,
            "classification_report": {
                "0": {
                    "precision": 0.38865546218487396,
                    "recall": 0.33154121863799285,
                    "f1-score": 0.3578336557059961,
                    "support": 558.0
                },
                "1": {
                    "precision": 0.32264957264957267,
                    "recall": 0.31006160164271046,
                    "f1-score": 0.3162303664921466,
                    "support": 487.0
                },
                "2": {
                    "precision": 0.259765625,
                    "recall": 0.3236009732360097,
                    "f1-score": 0.28819068255687974,
                    "support": 411.0
                },
                "accuracy": 0.32211538461538464,
                "macro avg": {
                    "precision": 0.32369021994481556,
                    "recall": 0.32173459783890435,
                    "f1-score": 0.3207515682516741,
                    "support": 1456.0
                },
                "weighted avg": {
                    "precision": 0.3301948912462236,
                    "recall": 0.32211538461538464,
                    "f1-score": 0.3242594360552876,
                    "support": 1456.0
                }
            },
            "auroc_per_class": {
                "class_0": 0.5071065929065786,
                "class_1": 0.5032178223067029,
                "class_2": 0.4868904178162726
            }
        },
        {
            "fold": 4,
            "accuracy": 0.32027491408934705,
            "auroc": 0.5015866497263403,
            "n_train_samples": 5823,
            "n_test_samples": 1455,
            "classification_report": {
                "0": {
                    "precision": 0.30612244897959184,
                    "recall": 0.32397408207343414,
                    "f1-score": 0.3147953830010493,
                    "support": 463.0
                },
                "1": {
                    "precision": 0.2718253968253968,
                    "recall": 0.3277511961722488,
                    "f1-score": 0.29718004338394793,
                    "support": 418.0
                },
                "2": {
                    "precision": 0.3882863340563991,
                    "recall": 0.3118466898954704,
                    "f1-score": 0.3458937198067633,
                    "support": 574.0
                },
                "accuracy": 0.32027491408934705,
                "macro avg": {
                    "precision": 0.32207805995379596,
                    "recall": 0.3211906560470511,
                    "f1-score": 0.31928971539725354,
                    "support": 1455.0
                },
                "weighted avg": {
                    "precision": 0.3286832065284811,
                    "recall": 0.32027491408934705,
                    "f1-score": 0.32200310352787503,
                    "support": 1455.0
                }
            },
            "auroc_per_class": {
                "class_0": 0.5116395527067512,
                "class_1": 0.49842202156570525,
                "class_2": 0.49469837490656404
            }
        },
        {
            "fold": 5,
            "accuracy": 0.34914089347079036,
            "auroc": 0.5143841351741335,
            "n_train_samples": 5823,
            "n_test_samples": 1455,
            "classification_report": {
                "0": {
                    "precision": 0.4249471458773784,
                    "recall": 0.3383838383838384,
                    "f1-score": 0.3767572633552015,
                    "support": 594.0
                },
                "1": {
                    "precision": 0.3878787878787879,
                    "recall": 0.3602251407129456,
                    "f1-score": 0.3735408560311284,
                    "support": 533.0
                },
                "2": {
                    "precision": 0.23613963039014374,
                    "recall": 0.35060975609756095,
                    "f1-score": 0.2822085889570552,
                    "support": 328.0
                },
                "accuracy": 0.34914089347079036,