{
    "subject_id": 3,
    "trial_id": 1,
    "eval_name": "word_index",
    "k_folds": 5,
    "mean_accuracy": 0.3695057666454397,
    "std_accuracy": 0.02126570814387505,
    "fold_results": [
        {
            "fold": 1,
            "accuracy": 0.3610698365527489,
            "auroc": 0.6161003078904346,
            "n_train_samples": 2691,
            "n_test_samples": 673,
            "classification_report": {
                "0": {
                    "precision": 0.4,
                    "recall": 0.5194805194805194,
                    "f1-score": 0.4519774011299435,
                    "support": 154.0
                },
                "1": {
                    "precision": 0.3310344827586207,
                    "recall": 0.3116883116883117,
                    "f1-score": 0.3210702341137124,
                    "support": 154.0
                },
                "2": {
                    "precision": 0.2578616352201258,
                    "recall": 0.271523178807947,
                    "f1-score": 0.2645161290322581,
                    "support": 151.0
                },
                "3": {
                    "precision": 0.4378698224852071,
                    "recall": 0.34579439252336447,
                    "f1-score": 0.38642297650130547,
                    "support": 214.0
                },
                "accuracy": 0.3610698365527489,
                "macro avg": {
                    "precision": 0.3566914851159884,
                    "recall": 0.3621216006250356,
                    "f1-score": 0.3559966851943049,
                    "support": 673.0
                },
                "weighted avg": {
                    "precision": 0.3643693302747413,
                    "recall": 0.3610698365527489,
                    "f1-score": 0.3591170702565726,
                    "support": 673.0
                }
            },
            "auroc_per_class": {
                "class_0": 0.696969696969697,
                "class_1": 0.573349097915572,
                "class_2": 0.5619687396919641,
                "class_3": 0.6321136969845051
            }
        },
        {
            "fold": 2,
            "accuracy": 0.37444279346210996,
            "auroc": 0.6315286653700862,
            "n_train_samples": 2691,
            "n_test_samples": 673,
            "classification_report": {
                "0": {
                    "precision": 0.4830917874396135,
                    "recall": 0.5847953216374269,
                    "f1-score": 0.5291005291005291,
                    "support": 171.0
                },
                "1": {
                    "precision": 0.3680555555555556,
                    "recall": 0.31736526946107785,
                    "f1-score": 0.3408360128617363,
                    "support": 167.0
                },
                "2": {
                    "precision": 0.2727272727272727,
                    "recall": 0.24,
                    "f1-score": 0.2553191489361702,
                    "support": 175.0
                },
                "3": {
                    "precision": 0.3392857142857143,
                    "recall": 0.35625,
                    "f1-score": 0.3475609756097561,
                    "support": 160.0
                },
                "accuracy": 0.37444279346210996,
                "macro avg": {
                    "precision": 0.36579008250203904,
                    "recall": 0.37460264777462615,
                    "f1-score": 0.3682041666270479,
                    "support": 673.0
                },
                "weighted avg": {
                    "precision": 0.36565670199545125,
                    "recall": 0.37444279346210996,
                    "f1-score": 0.3680333013157373,
                    "support": 673.0
                }
            },
            "auroc_per_class": {
                "class_0": 0.7296311828708557,
                "class_1": 0.5968261106246006,
                "class_2": 0.5540676993689042,
                "class_3": 0.6455896686159845
            }
        },
        {
            "fold": 3,
            "accuracy": 0.3922734026745914,
            "auroc": 0.6422634537836245,
            "n_train_samples": 2691,
            "n_test_samples": 673,
            "classification_report": {
                "0": {
                    "precision": 0.5431472081218274,
                    "recall": 0.5323383084577115,
                    "f1-score": 0.5376884422110553,
                    "support": 201.0
                },
                "1": {
                    "precision": 0.34146341463414637,
                    "recall": 0.32558139534883723,
                    "f1-score": 0.3333333333333333,
                    "support": 172.0
                },
                "2": {
                    "precision": 0.3541666666666667,
                    "recall": 0.2914285714285714,
                    "f1-score": 0.31974921630094044,
                    "support": 175.0
                },
                "3": {
                    "precision": 0.2976190476190476,
                    "recall": 0.4,
                    "f1-score": 0.3412969283276451,
                    "support": 125.0
                },
                "accuracy": 0.3922734026745914,
                "macro avg": {
                    "precision": 0.38409908426042205,
                    "recall": 0.38733706880878005,
                    "f1-score": 0.3830169800432435,
                    "support": 673.0
                },
                "weighted avg": {
                    "precision": 0.3968586088686599,
                    "recall": 0.3922734026745914,
                    "f1-score": 0.39231343107188066,
                    "support": 673.0
                }
            },
            "auroc_per_class": {
                "class_0": 0.7313011215110886,
                "class_1": 0.5974562502901175,
                "class_2": 0.60368330464716,
                "class_3": 0.6366131386861313
            }
        },
        {
            "fold": 4,
            "accuracy": 0.3328380386329866,
            "auroc": 0.6075256393846944,
            "n_train_samples": 2691,
            "n_test_samples": 673,
            "classification_report": {
                "0": {
                    "precision": 0.42134831460674155,
                    "recall": 0.5244755244755245,
                    "f1-score": 0.4672897196261682,
                    "support": 143.0
                },
                "1": {
                    "precision": 0.3202614379084967,
                    "recall": 0.2677595628415301,
                    "f1-score": 0.2916666666666667,
                    "support": 183.0
                },
                "2": {
                    "precision": 0.25595238095238093,
                    "recall": 0.24431818181818182,
                    "f1-score": 0.25,
                    "support": 176.0
                },
                "3": {
                    "precision": 0.3275862068965517,
                    "recall": 0.3333333333333333,
                    "f1-score": 0.33043478260869563,
                    "support": 171.0
                },
                "accuracy": 0.3328380386329866,
                "macro avg": {
                    "precision": 0.33128708509104277,
                    "recall": 0.3424716506171424,
                    "f1-score": 0.33484779222538263,
                    "support": 673.0
                },
                "weighted avg": {
                    "precision": 0.326783822515525,
                    "recall": 0.3328380386329866,
                    "f1-score": 0.3279372626042036,
                    "support": 673.0
                }
            },
            "auroc_per_class": {
                "class_0": 0.7326758147512864,
                "class_1": 0.5586874093899855,
                "class_2": 0.5314957929394549,