{
    "subject_id": 5,
    "trial_id": 0,
    "eval_name": "word_head_pos",
    "k_folds": 5,
    "mean_accuracy": 0.5134337593274724,
    "std_accuracy": 0.015944856760356285,
    "fold_results": [
        {
            "fold": 1,
            "accuracy": 0.511660777385159,
            "auroc": 0.5038443546162243,
            "n_train_samples": 5657,
            "n_test_samples": 1415,
            "classification_report": {
                "0": {
                    "precision": 0.49855907780979825,
                    "recall": 0.502177068214804,
                    "f1-score": 0.5003615328994938,
                    "support": 689.0
                },
                "1": {
                    "precision": 0.5242718446601942,
                    "recall": 0.5206611570247934,
                    "f1-score": 0.5224602626123013,
                    "support": 726.0
                },
                "accuracy": 0.511660777385159,
                "macro avg": {
                    "precision": 0.5114154612349961,
                    "recall": 0.5114191126197987,
                    "f1-score": 0.5114108977558975,
                    "support": 1415.0
                },
                "weighted avg": {
                    "precision": 0.5117516352185526,
                    "recall": 0.511660777385159,
                    "f1-score": 0.5116998210772311,
                    "support": 1415.0
                }
            }
        },
        {
            "fold": 2,
            "accuracy": 0.511660777385159,
            "auroc": 0.5026092550636729,
            "n_train_samples": 5657,
            "n_test_samples": 1415,
            "classification_report": {
                "0": {
                    "precision": 0.5079136690647482,
                    "recall": 0.5028490028490028,
                    "f1-score": 0.5053686471009305,
                    "support": 702.0
                },
                "1": {
                    "precision": 0.5152777777777777,
                    "recall": 0.520336605890603,
                    "f1-score": 0.5177948360083741,
                    "support": 713.0
                },
                "accuracy": 0.511660777385159,
                "macro avg": {
                    "precision": 0.5115957234212629,
                    "recall": 0.5115928043698029,
                    "f1-score": 0.5115817415546523,
                    "support": 1415.0
                },
                "weighted avg": {
                    "precision": 0.5116243471653773,
                    "recall": 0.5116607773851589,
                    "f1-score": 0.5116300412288508,
                    "support": 1415.0
                }
            }
        },
        {
            "fold": 3,
            "accuracy": 0.4893917963224894,
            "auroc": 0.49527198851238613,
            "n_train_samples": 5658,
            "n_test_samples": 1414,
            "classification_report": {
                "0": {
                    "precision": 0.46867167919799496,
                    "recall": 0.5565476190476191,
                    "f1-score": 0.508843537414966,
                    "support": 672.0
                },
                "1": {
                    "precision": 0.5162337662337663,
                    "recall": 0.42857142857142855,
                    "f1-score": 0.4683357879234168,
                    "support": 742.0
                },
                "accuracy": 0.4893917963224894,
                "macro avg": {
                    "precision": 0.4924527227158806,
                    "recall": 0.49255952380952384,
                    "f1-score": 0.4885896626691914,
                    "support": 1414.0
                },
                "weighted avg": {
                    "precision": 0.4936300020979542,
                    "recall": 0.4893917963224894,
                    "f1-score": 0.48758699560256885,
                    "support": 1414.0
                }
            }
        },
        {
            "fold": 4,
            "accuracy": 0.5396039603960396,
            "auroc": 0.5393442260718648,
            "n_train_samples": 5658,
            "n_test_samples": 1414,
            "classification_report": {
                "0": {
                    "precision": 0.5714285714285714,
                    "recall": 0.5372340425531915,
                    "f1-score": 0.5538039753255655,
                    "support": 752.0
                },
                "1": {
                    "precision": 0.5077793493635078,
                    "recall": 0.5422960725075529,
                    "f1-score": 0.5244704163623083,
                    "support": 662.0
                },
                "accuracy": 0.5396039603960396,
                "macro avg": {
                    "precision": 0.5396039603960396,
                    "recall": 0.5397650575303722,
                    "f1-score": 0.5391371958439368,
                    "support": 1414.0
                },
                "weighted avg": {
                    "precision": 0.5416295721307834,
                    "recall": 0.5396039603960396,
                    "f1-score": 0.5400707249481423,
                    "support": 1414.0
                }
            }
        },
        {
            "fold": 5,
            "accuracy": 0.5148514851485149,
            "auroc": 0.5150014109792196,
            "n_train_samples": 5658,
            "n_test_samples": 1414,
            "classification_report": {
                "0": {
                    "precision": 0.5242047026279392,
                    "recall": 0.5256588072122053,
                    "f1-score": 0.5249307479224377,
                    "support": 721.0
                },
                "1": {
                    "precision": 0.5050651230101303,
                    "recall": 0.5036075036075036,
                    "f1-score": 0.5043352601156069,
                    "support": 693.0
                },
                "accuracy": 0.5148514851485149,
                "macro avg": {
                    "precision": 0.5146349128190347,
                    "recall": 0.5146331554098544,
                    "f1-score": 0.5146330040190223,
                    "support": 1414.0
                },
                "weighted avg": {
                    "precision": 0.5148244136073299,
                    "recall": 0.5148514851485149,
                    "f1-score": 0.514836919739882,
                    "support": 1414.0
                }
            }
        }
    ],
    "n_classes": 2
}