{
    "subject_id": 3,
    "trial_id": 2,
    "eval_name": "gpt2_surprisal",
    "k_folds": 5,
    "mean_accuracy": 0.5857368106822003,
    "std_accuracy": 0.01913986618729434,
    "fold_results": [
        {
            "fold": 1,
            "accuracy": 0.6095954844778928,
            "auroc": 0.641466115511694,
            "n_train_samples": 4250,
            "n_test_samples": 1063,
            "classification_report": {
                "0": {
                    "precision": 0.5454545454545454,
                    "recall": 0.5751633986928104,
                    "f1-score": 0.559915164369035,
                    "support": 459.0
                },
                "1": {
                    "precision": 0.6632124352331606,
                    "recall": 0.6357615894039735,
                    "f1-score": 0.6491969568892646,
                    "support": 604.0
                },
                "accuracy": 0.6095954844778928,
                "macro avg": {
                    "precision": 0.6043334903438531,
                    "recall": 0.6054624940483919,
                    "f1-score": 0.6045560606291498,
                    "support": 1063.0
                },
                "weighted avg": {
                    "precision": 0.6123649550747557,
                    "recall": 0.6095954844778928,
                    "f1-score": 0.610645364446381,
                    "support": 1063.0
                }
            }
        },
        {
            "fold": 2,
            "accuracy": 0.5569143932267169,
            "auroc": 0.5770110289679073,
            "n_train_samples": 4250,
            "n_test_samples": 1063,
            "classification_report": {
                "0": {
                    "precision": 0.5318275154004107,
                    "recall": 0.5159362549800797,
                    "f1-score": 0.5237613751263903,
                    "support": 502.0
                },
                "1": {
                    "precision": 0.578125,
                    "recall": 0.5935828877005348,
                    "f1-score": 0.5857519788918206,
                    "support": 561.0
                },
                "accuracy": 0.5569143932267169,
                "macro avg": {
                    "precision": 0.5549762577002053,
                    "recall": 0.5547595713403073,
                    "f1-score": 0.5547566770091055,
                    "support": 1063.0
                },
                "weighted avg": {
                    "precision": 0.5562610891166568,
                    "recall": 0.5569143932267169,
                    "f1-score": 0.5564770183177417,
                    "support": 1063.0
                }
            }
        },
        {
            "fold": 3,
            "accuracy": 0.5710253998118533,
            "auroc": 0.6100681801956165,
            "n_train_samples": 4250,
            "n_test_samples": 1063,
            "classification_report": {
                "0": {
                    "precision": 0.62109375,
                    "recall": 0.5482758620689655,
                    "f1-score": 0.5824175824175825,
                    "support": 580.0
                },
                "1": {
                    "precision": 0.5245009074410163,
                    "recall": 0.598343685300207,
                    "f1-score": 0.5589941972920697,
                    "support": 483.0
                },
                "accuracy": 0.5710253998118533,
                "macro avg": {
                    "precision": 0.5727973287205081,
                    "recall": 0.5733097736845862,
                    "f1-score": 0.5707058898548261,
                    "support": 1063.0
                },
                "weighted avg": {
                    "precision": 0.577204433954855,
                    "recall": 0.5710253998118533,
                    "f1-score": 0.5717745955731585,
                    "support": 1063.0
                }
            }
        },
        {
            "fold": 4,
            "accuracy": 0.5922787193973634,
            "auroc": 0.6314816736503484,
            "n_train_samples": 4251,
            "n_test_samples": 1062,
            "classification_report": {
                "0": {
                    "precision": 0.6587982832618026,
                    "recall": 0.5283993115318416,
                    "f1-score": 0.5864374403056352,
                    "support": 581.0
                },
                "1": {
                    "precision": 0.540268456375839,
                    "recall": 0.6694386694386695,
                    "f1-score": 0.5979572887650882,
                    "support": 481.0
                },
                "accuracy": 0.5922787193973634,
                "macro avg": {
                    "precision": 0.5995333698188208,
                    "recall": 0.5989189904852555,
                    "f1-score": 0.5921973645353618,
                    "support": 1062.0
                },
                "weighted avg": {
                    "precision": 0.6051138701430187,
                    "recall": 0.5922787193973634,
                    "f1-score": 0.5916549987886831,
                    "support": 1062.0
                }
            }
        },
        {
            "fold": 5,
            "accuracy": 0.5988700564971752,
            "auroc": 0.6258490131053929,
            "n_train_samples": 4251,
            "n_test_samples": 1062,
            "classification_report": {
                "0": {
                    "precision": 0.6079207920792079,
                    "recall": 0.5738317757009346,
                    "f1-score": 0.5903846153846154,
                    "support": 535.0
                },
                "1": {
                    "precision": 0.5906642728904847,
                    "recall": 0.6242884250474383,
                    "f1-score": 0.6070110701107011,
                    "support": 527.0
                },
                "accuracy": 0.5988700564971752,
                "macro avg": {
                    "precision": 0.5992925324848464,
                    "recall": 0.5990601003741864,
                    "f1-score": 0.5986978427476582,
                    "support": 1062.0
                },
                "weighted avg": {
                    "precision": 0.599357528790642,
                    "recall": 0.5988700564971752,
                    "f1-score": 0.5986352195660157,
                    "support": 1062.0
                }
            }
        }
    ],
    "n_classes": 2
}