{
    "subject_id": 6,
    "trial_id": 4,
    "eval_name": "local_flow",
    "k_folds": 5,
    "mean_accuracy": 0.49592187760084333,
    "std_accuracy": 0.024043734356332665,
    "fold_results": [
        {
            "fold": 1,
            "accuracy": 0.4646840148698885,
            "auroc": 0.4419637706242068,
            "n_train_samples": 1072,
            "n_test_samples": 269,
            "classification_report": {
                "0": {
                    "precision": 0.56,
                    "recall": 0.5185185185185185,
                    "f1-score": 0.5384615384615384,
                    "support": 162.0
                },
                "1": {
                    "precision": 0.3445378151260504,
                    "recall": 0.38317757009345793,
                    "f1-score": 0.36283185840707965,
                    "support": 107.0
                },
                "accuracy": 0.4646840148698885,
                "macro avg": {
                    "precision": 0.45226890756302524,
                    "recall": 0.45084804430598824,
                    "f1-score": 0.45064669843430905,
                    "support": 269.0
                },
                "weighted avg": {
                    "precision": 0.4742957108493956,
                    "recall": 0.4646840148698885,
                    "f1-score": 0.46860140550307344,
                    "support": 269.0
                }
            }
        },
        {
            "fold": 2,
            "accuracy": 0.5261194029850746,
            "auroc": 0.48807173876261917,
            "n_train_samples": 1073,
            "n_test_samples": 268,
            "classification_report": {
                "0": {
                    "precision": 0.5632183908045977,
                    "recall": 0.6577181208053692,
                    "f1-score": 0.6068111455108359,
                    "support": 149.0
                },
                "1": {
                    "precision": 0.4574468085106383,
                    "recall": 0.36134453781512604,
                    "f1-score": 0.40375586854460094,
                    "support": 119.0
                },
                "accuracy": 0.5261194029850746,
                "macro avg": {
                    "precision": 0.510332599657618,
                    "recall": 0.5095313293102476,
                    "f1-score": 0.5052835070277184,
                    "support": 268.0
                },
                "weighted avg": {
                    "precision": 0.5162526509054142,
                    "recall": 0.5261194029850746,
                    "f1-score": 0.5166485411862763,
                    "support": 268.0
                }
            }
        },
        {
            "fold": 3,
            "accuracy": 0.47388059701492535,
            "auroc": 0.49362843729040917,
            "n_train_samples": 1073,
            "n_test_samples": 268,
            "classification_report": {
                "0": {
                    "precision": 0.45454545454545453,
                    "recall": 0.5952380952380952,
                    "f1-score": 0.5154639175257731,
                    "support": 126.0
                },
                "1": {
                    "precision": 0.5048543689320388,
                    "recall": 0.36619718309859156,
                    "f1-score": 0.42448979591836733,
                    "support": 142.0
                },
                "accuracy": 0.47388059701492535,
                "macro avg": {
                    "precision": 0.4796999117387467,
                    "recall": 0.4807176391683434,
                    "f1-score": 0.46997685672207024,
                    "support": 268.0
                },
                "weighted avg": {
                    "precision": 0.48120167037715217,
                    "recall": 0.47388059701492535,
                    "f1-score": 0.4672612113009536,
                    "support": 268.0
                }
            }
        },
        {
            "fold": 4,
            "accuracy": 0.5186567164179104,
            "auroc": 0.4813541234362957,
            "n_train_samples": 1073,
            "n_test_samples": 268,
            "classification_report": {
                "0": {
                    "precision": 0.32051282051282054,
                    "recall": 0.24752475247524752,
                    "f1-score": 0.27932960893854747,
                    "support": 101.0
                },
                "1": {
                    "precision": 0.6,
                    "recall": 0.6826347305389222,
                    "f1-score": 0.6386554621848739,
                    "support": 167.0
                },
                "accuracy": 0.5186567164179104,
                "macro avg": {
                    "precision": 0.4602564102564103,
                    "recall": 0.46507974150708487,
                    "f1-score": 0.4589925355617107,
                    "support": 268.0
                },
                "weighted avg": {
                    "precision": 0.49467087638729434,
                    "recall": 0.5186567164179104,
                    "f1-score": 0.5032378831629375,
                    "support": 268.0
                }
            }
        },
        {
            "fold": 5,
            "accuracy": 0.4962686567164179,
            "auroc": 0.4944026733500418,
            "n_train_samples": 1073,
            "n_test_samples": 268,
            "classification_report": {
                "0": {
                    "precision": 0.4897959183673469,
                    "recall": 0.3609022556390977,
                    "f1-score": 0.4155844155844156,
                    "support": 133.0
                },
                "1": {
                    "precision": 0.5,
                    "recall": 0.6296296296296297,
                    "f1-score": 0.5573770491803278,
                    "support": 135.0
                },
                "accuracy": 0.4962686567164179,
                "macro avg": {
                    "precision": 0.49489795918367346,
                    "recall": 0.4952659426343637,
                    "f1-score": 0.4864807323823717,
                    "support": 268.0
                },
                "weighted avg": {
                    "precision": 0.4949360341151386,
                    "recall": 0.4962686567164179,
                    "f1-score": 0.48700980937340127,
                    "support": 268.0
                }
            }
        }
    ],
    "n_classes": 2
}