{
    "subject_id": 4,
    "trial_id": 2,
    "eval_name": "global_flow_angle",
    "k_folds": 5,
    "mean_accuracy": 0.26288293621429626,
    "std_accuracy": 0.031900442977586756,
    "fold_results": [
        {
            "fold": 1,
            "accuracy": 0.21030042918454936,
            "auroc": 0.4967047971537972,
            "n_train_samples": 931,
            "n_test_samples": 233,
            "classification_report": {
                "0": {
                    "precision": 0.2054794520547945,
                    "recall": 0.22727272727272727,
                    "f1-score": 0.2158273381294964,
                    "support": 66.0
                },
                "1": {
                    "precision": 0.14285714285714285,
                    "recall": 0.18181818181818182,
                    "f1-score": 0.16,
                    "support": 44.0
                },
                "2": {
                    "precision": 0.24561403508771928,
                    "recall": 0.2222222222222222,
                    "f1-score": 0.23333333333333334,
                    "support": 63.0
                },
                "3": {
                    "precision": 0.2553191489361702,
                    "recall": 0.2,
                    "f1-score": 0.22429906542056074,
                    "support": 60.0
                },
                "accuracy": 0.21030042918454936,
                "macro avg": {
                    "precision": 0.2123174447339567,
                    "recall": 0.2078282828282828,
                    "f1-score": 0.20836493422084762,
                    "support": 233.0
                },
                "weighted avg": {
                    "precision": 0.21733987668681223,
                    "recall": 0.21030042918454936,
                    "f1-score": 0.21219977786171848,
                    "support": 233.0
                }
            },
            "auroc_per_class": {
                "class_0": 0.48657230992560335,
                "class_1": 0.4850889850889851,
                "class_2": 0.46563958916900094,
                "class_3": 0.5495183044315992
            }
        },
        {
            "fold": 2,
            "accuracy": 0.296137339055794,
            "auroc": 0.5442728737182503,
            "n_train_samples": 931,
            "n_test_samples": 233,
            "classification_report": {
                "0": {
                    "precision": 0.43137254901960786,
                    "recall": 0.2894736842105263,
                    "f1-score": 0.3464566929133858,
                    "support": 76.0
                },
                "1": {
                    "precision": 0.19642857142857142,
                    "recall": 0.28205128205128205,
                    "f1-score": 0.23157894736842105,
                    "support": 39.0
                },
                "2": {
                    "precision": 0.3,
                    "recall": 0.3157894736842105,
                    "f1-score": 0.3076923076923077,
                    "support": 57.0
                },
                "3": {
                    "precision": 0.2727272727272727,
                    "recall": 0.29508196721311475,
                    "f1-score": 0.28346456692913385,
                    "support": 61.0
                },
                "accuracy": 0.296137339055794,
                "macro avg": {
                    "precision": 0.300132098293863,
                    "recall": 0.29559910178978344,
                    "f1-score": 0.2922981287258121,
                    "support": 233.0
                },
                "weighted avg": {
                    "precision": 0.31837507144879024,
                    "recall": 0.296137339055794,
                    "f1-score": 0.3012535954074011,
                    "support": 233.0
                }
            },
            "auroc_per_class": {
                "class_0": 0.5736674488769695,
                "class_1": 0.5167856198784033,
                "class_2": 0.5935007974481659,
                "class_3": 0.4931376286694625
            }
        },
        {
            "fold": 3,
            "accuracy": 0.296137339055794,
            "auroc": 0.5241317316063704,
            "n_train_samples": 931,
            "n_test_samples": 233,
            "classification_report": {
                "0": {
                    "precision": 0.3191489361702128,
                    "recall": 0.22058823529411764,
                    "f1-score": 0.2608695652173913,
                    "support": 68.0
                },
                "1": {
                    "precision": 0.1694915254237288,
                    "recall": 0.2564102564102564,
                    "f1-score": 0.20408163265306123,
                    "support": 39.0
                },
                "2": {
                    "precision": 0.2,
                    "recall": 0.2608695652173913,
                    "f1-score": 0.22641509433962265,
                    "support": 46.0
                },
                "3": {
                    "precision": 0.47761194029850745,
                    "recall": 0.4,
                    "f1-score": 0.43537414965986393,
                    "support": 80.0
                },
                "accuracy": 0.296137339055794,
                "macro avg": {
                    "precision": 0.2915631004731123,
                    "recall": 0.2844670142304413,
                    "f1-score": 0.2816851104674848,
                    "support": 233.0
                },
                "weighted avg": {
                    "precision": 0.3249839157724484,
                    "recall": 0.296137339055794,
                    "f1-score": 0.30447785588267706,
                    "support": 233.0
                }
            },
            "auroc_per_class": {
                "class_0": 0.5470142602495544,
                "class_1": 0.47343378271213327,
                "class_2": 0.51929783771216,
                "class_3": 0.556781045751634
            }
        },
        {
            "fold": 4,
            "accuracy": 0.2532188841201717,
            "auroc": 0.5308319630780505,
            "n_train_samples": 931,
            "n_test_samples": 233,
            "classification_report": {
                "0": {
                    "precision": 0.1686746987951807,
                    "recall": 0.4375,
                    "f1-score": 0.24347826086956523,
                    "support": 32.0
                },
                "1": {
                    "precision": 0.425531914893617,
                    "recall": 0.20618556701030927,
                    "f1-score": 0.2777777777777778,
                    "support": 97.0
                },
                "2": {
                    "precision": 0.275,
                    "recall": 0.2,
                    "f1-score": 0.23157894736842105,
                    "support": 55.0
                },
                "3": {
                    "precision": 0.2222222222222222,
                    "recall": 0.2857142857142857,
                    "f1-score": 0.25,
                    "support": 49.0
                },
                "accuracy": 0.2532188841201717,
                "macro avg": {
                    "precision": 0.272857208977755,
                    "recall": 0.2823499631811487,
                    "f1-score": 0.25070874650394104,
                    "support": 233.0
                },
                "weighted avg": {
                    "precision": 0.31196598710307094,
                    "recall": 0.2532188841201717,
                    "f1-score": 0.25632013260744074,
                    "support": 233.0
                }
            },
            "auroc_per_class": {
                "class_0": 0.5595460199004976,
                "class_1": 0.47089144936325045,
                "class_2": 0.57170582226762,
                "class_3": 0.5211845607808341
            }
        },
        {
            "fold": 5,
            "accuracy": 0.25862068965517243,