{
    "subject_id": 4,
    "trial_id": 1,
    "eval_name": "word_index",
    "k_folds": 5,
    "mean_accuracy": 0.33581730769230766,
    "std_accuracy": 0.032648089440009215,
    "fold_results": [
        {
            "fold": 1,
            "accuracy": 0.3233173076923077,
            "auroc": 0.5880410689524165,
            "n_train_samples": 3328,
            "n_test_samples": 832,
            "classification_report": {
                "0": {
                    "precision": 0.3763440860215054,
                    "recall": 0.35353535353535354,
                    "f1-score": 0.3645833333333333,
                    "support": 198.0
                },
                "1": {
                    "precision": 0.3068181818181818,
                    "recall": 0.3951219512195122,
                    "f1-score": 0.34541577825159914,
                    "support": 205.0
                },
                "2": {
                    "precision": 0.27380952380952384,
                    "recall": 0.32547169811320753,
                    "f1-score": 0.2974137931034483,
                    "support": 212.0
                },
                "3": {
                    "precision": 0.3769230769230769,
                    "recall": 0.22580645161290322,
                    "f1-score": 0.2824207492795389,
                    "support": 217.0
                },
                "accuracy": 0.3233173076923077,
                "macro avg": {
                    "precision": 0.33347371714307195,
                    "recall": 0.3249838636202441,
                    "f1-score": 0.3224584134919799,
                    "support": 832.0
                },
                "weighted avg": {
                    "precision": 0.33323772000590396,
                    "recall": 0.3233173076923077,
                    "f1-score": 0.32131581883794325,
                    "support": 832.0
                }
            },
            "auroc_per_class": {
                "class_0": 0.6622853137048722,
                "class_1": 0.5558563815303225,
                "class_2": 0.5463937918441875,
                "class_3": 0.5876287887302836
            }
        },
        {
            "fold": 2,
            "accuracy": 0.38341346153846156,
            "auroc": 0.6274040425655162,
            "n_train_samples": 3328,
            "n_test_samples": 832,
            "classification_report": {
                "0": {
                    "precision": 0.4883720930232558,
                    "recall": 0.5550660792951542,
                    "f1-score": 0.5195876288659794,
                    "support": 227.0
                },
                "1": {
                    "precision": 0.3065326633165829,
                    "recall": 0.2932692307692308,
                    "f1-score": 0.29975429975429974,
                    "support": 208.0
                },
                "2": {
                    "precision": 0.33658536585365856,
                    "recall": 0.3415841584158416,
                    "f1-score": 0.33906633906633904,
                    "support": 202.0
                },
                "3": {
                    "precision": 0.37058823529411766,
                    "recall": 0.3230769230769231,
                    "f1-score": 0.3452054794520548,
                    "support": 195.0
                },
                "accuracy": 0.38341346153846156,
                "macro avg": {
                    "precision": 0.3755195893719037,
                    "recall": 0.3782490978892874,
                    "f1-score": 0.3759034367846683,
                    "support": 832.0
                },
                "weighted avg": {
                    "precision": 0.3784545779698561,
                    "recall": 0.38341346153846156,
                    "f1-score": 0.3799299940937775,
                    "support": 832.0
                }
            },
            "auroc_per_class": {
                "class_0": 0.7336148833145228,
                "class_1": 0.5484390409270217,
                "class_2": 0.603072450102153,
                "class_3": 0.6244897959183674
            }
        },
        {
            "fold": 3,
            "accuracy": 0.33413461538461536,
            "auroc": 0.5942141990553567,
            "n_train_samples": 3328,
            "n_test_samples": 832,
            "classification_report": {
                "0": {
                    "precision": 0.4346153846153846,
                    "recall": 0.5,
                    "f1-score": 0.46502057613168724,
                    "support": 226.0
                },
                "1": {
                    "precision": 0.2825112107623318,
                    "recall": 0.3088235294117647,
                    "f1-score": 0.29508196721311475,
                    "support": 204.0
                },
                "2": {
                    "precision": 0.2897196261682243,
                    "recall": 0.2966507177033493,
                    "f1-score": 0.29314420803782504,
                    "support": 209.0
                },
                "3": {
                    "precision": 0.2962962962962963,
                    "recall": 0.20725388601036268,
                    "f1-score": 0.24390243902439024,
                    "support": 193.0
                },
                "accuracy": 0.33413461538461536,
                "macro avg": {
                    "precision": 0.3257856294605592,
                    "recall": 0.3281820332813692,
                    "f1-score": 0.3242872976017543,
                    "support": 832.0
                },
                "weighted avg": {
                    "precision": 0.3288364795347797,
                    "recall": 0.33413461538461536,
                    "f1-score": 0.32888423284717483,
                    "support": 832.0
                }
            },
            "auroc_per_class": {
                "class_0": 0.6695909635211309,
                "class_1": 0.5385404958161608,
                "class_2": 0.5703648805363767,
                "class_3": 0.5983604563477584
            }
        },
        {
            "fold": 4,
            "accuracy": 0.35336538461538464,
            "auroc": 0.6198573859534429,
            "n_train_samples": 3328,
            "n_test_samples": 832,
            "classification_report": {
                "0": {
                    "precision": 0.40239043824701193,
                    "recall": 0.4926829268292683,
                    "f1-score": 0.44298245614035087,
                    "support": 205.0
                },
                "1": {
                    "precision": 0.31797235023041476,
                    "recall": 0.323943661971831,
                    "f1-score": 0.3209302325581395,
                    "support": 213.0
                },
                "2": {
                    "precision": 0.2962962962962963,
                    "recall": 0.27053140096618356,
                    "f1-score": 0.2828282828282828,
                    "support": 207.0
                },
                "3": {
                    "precision": 0.38857142857142857,
                    "recall": 0.3285024154589372,
                    "f1-score": 0.35602094240837695,
                    "support": 207.0
                },
                "accuracy": 0.35336538461538464,
                "macro avg": {
                    "precision": 0.35130762833628787,
                    "recall": 0.353915101306555,
                    "f1-score": 0.35069047848378754,
                    "support": 832.0
                },
                "weighted avg": {
                    "precision": 0.35094443447996976,
                    "recall": 0.35336538461538464,
                    "f1-score": 0.35025400561014935,
                    "support": 832.0
                }
            },
            "auroc_per_class": {
                "class_0": 0.6924534173571399,
                "class_1": 0.5865548704179845,
                "class_2": 0.5708637681159421,