{
    "subject_id": 5,
    "trial_id": 0,
    "eval_name": "word_gap",
    "k_folds": 5,
    "mean_accuracy": 0.5430877028714107,
    "std_accuracy": 0.010073639747919222,
    "fold_results": [
        {
            "fold": 1,
            "accuracy": 0.550561797752809,
            "auroc": 0.5562608023883099,
            "n_train_samples": 3202,
            "n_test_samples": 801,
            "classification_report": {
                "0": {
                    "precision": 0.6461187214611872,
                    "recall": 0.5799180327868853,
                    "f1-score": 0.6112311015118791,
                    "support": 488.0
                },
                "1": {
                    "precision": 0.43526170798898073,
                    "recall": 0.5047923322683706,
                    "f1-score": 0.46745562130177515,
                    "support": 313.0
                },
                "accuracy": 0.550561797752809,
                "macro avg": {
                    "precision": 0.5406902147250839,
                    "recall": 0.5423551825276279,
                    "f1-score": 0.5393433614068271,
                    "support": 801.0
                },
                "weighted avg": {
                    "precision": 0.5637239084564424,
                    "recall": 0.550561797752809,
                    "f1-score": 0.5550491722912018,
                    "support": 801.0
                }
            }
        },
        {
            "fold": 2,
            "accuracy": 0.5568039950062422,
            "auroc": 0.5692257485518479,
            "n_train_samples": 3202,
            "n_test_samples": 801,
            "classification_report": {
                "0": {
                    "precision": 0.7714932126696833,
                    "recall": 0.573109243697479,
                    "f1-score": 0.6576663452266153,
                    "support": 595.0
                },
                "1": {
                    "precision": 0.2924791086350975,
                    "recall": 0.5097087378640777,
                    "f1-score": 0.37168141592920356,
                    "support": 206.0
                },
                "accuracy": 0.5568039950062422,
                "macro avg": {
                    "precision": 0.5319861606523903,
                    "recall": 0.5414089907807783,
                    "f1-score": 0.5146738805779094,
                    "support": 801.0
                },
                "weighted avg": {
                    "precision": 0.6483010710577923,
                    "recall": 0.5568039950062422,
                    "f1-score": 0.5841171624110512,
                    "support": 801.0
                }
            }
        },
        {
            "fold": 3,
            "accuracy": 0.5418227215980025,
            "auroc": 0.5304449110834044,
            "n_train_samples": 3202,
            "n_test_samples": 801,
            "classification_report": {
                "0": {
                    "precision": 0.6351648351648351,
                    "recall": 0.5897959183673469,
                    "f1-score": 0.6116402116402117,
                    "support": 490.0
                },
                "1": {
                    "precision": 0.4190751445086705,
                    "recall": 0.4662379421221865,
                    "f1-score": 0.441400304414003,
                    "support": 311.0
                },
                "accuracy": 0.5418227215980025,
                "macro avg": {
                    "precision": 0.5271199898367528,
                    "recall": 0.5280169302447667,
                    "f1-score": 0.5265202580271073,
                    "support": 801.0
                },
                "weighted avg": {
                    "precision": 0.5512648429125665,
                    "recall": 0.5418227215980025,
                    "f1-score": 0.5455420703825951,
                    "support": 801.0
                }
            }
        },
        {
            "fold": 4,
            "accuracy": 0.53875,
            "auroc": 0.5406343473107963,
            "n_train_samples": 3203,
            "n_test_samples": 800,
            "classification_report": {
                "0": {
                    "precision": 0.5610859728506787,
                    "recall": 0.5862884160756501,
                    "f1-score": 0.5734104046242775,
                    "support": 423.0
                },
                "1": {
                    "precision": 0.5111731843575419,
                    "recall": 0.4854111405835544,
                    "f1-score": 0.49795918367346936,
                    "support": 377.0
                },
                "accuracy": 0.53875,
                "macro avg": {
                    "precision": 0.5361295786041103,
                    "recall": 0.5358497783296022,
                    "f1-score": 0.5356847941488734,
                    "support": 800.0
                },
                "weighted avg": {
                    "precision": 0.537564571273288,
                    "recall": 0.53875,
                    "f1-score": 0.5378540167512091,
                    "support": 800.0
                }
            }
        },
        {
            "fold": 5,
            "accuracy": 0.5275,
            "auroc": 0.551974115334207,
            "n_train_samples": 3203,
            "n_test_samples": 800,
            "classification_report": {
                "0": {
                    "precision": 0.48504273504273504,
                    "recall": 0.6236263736263736,
                    "f1-score": 0.5456730769230769,
                    "support": 364.0
                },
                "1": {
                    "precision": 0.5873493975903614,
                    "recall": 0.44724770642201833,
                    "f1-score": 0.5078125,
                    "support": 436.0
                },
                "accuracy": 0.5275,
                "macro avg": {
                    "precision": 0.5361960663165483,
                    "recall": 0.535437040024196,
                    "f1-score": 0.5267427884615384,
                    "support": 800.0
                },
                "weighted avg": {
                    "precision": 0.5407998661311914,
                    "recall": 0.5275,
                    "f1-score": 0.5250390625,
                    "support": 800.0
                }
            }
        }
    ],
    "n_classes": 2
}