{
    "subject_id": 5,
    "trial_id": 0,
    "eval_name": "word_index",
    "k_folds": 5,
    "mean_accuracy": 0.2850877192982456,
    "std_accuracy": 0.010940518674777598,
    "fold_results": [
        {
            "fold": 1,
            "accuracy": 0.29239766081871343,
            "auroc": 0.5315655183849398,
            "n_train_samples": 2736,
            "n_test_samples": 684,
            "classification_report": {
                "0": {
                    "precision": 0.30726256983240224,
                    "recall": 0.3395061728395062,
                    "f1-score": 0.3225806451612903,
                    "support": 162.0
                },
                "1": {
                    "precision": 0.2822085889570552,
                    "recall": 0.27380952380952384,
                    "f1-score": 0.27794561933534745,
                    "support": 168.0
                },
                "2": {
                    "precision": 0.2795031055900621,
                    "recall": 0.26785714285714285,
                    "f1-score": 0.2735562310030395,
                    "support": 168.0
                },
                "3": {
                    "precision": 0.2983425414364641,
                    "recall": 0.2903225806451613,
                    "f1-score": 0.29427792915531337,
                    "support": 186.0
                },
                "accuracy": 0.29239766081871343,
                "macro avg": {
                    "precision": 0.29182920145399593,
                    "recall": 0.29287385503783353,
                    "f1-score": 0.29209010616374764,
                    "support": 684.0
                },
                "weighted avg": {
                    "precision": 0.2918652247133731,
                    "recall": 0.29239766081871343,
                    "f1-score": 0.2918802195845999,
                    "support": 684.0
                }
            },
            "auroc_per_class": {
                "class_0": 0.5604985573057093,
                "class_1": 0.5096783868586194,
                "class_2": 0.5299753137689184,
                "class_3": 0.526109815606512
            }
        },
        {
            "fold": 2,
            "accuracy": 0.2646198830409357,
            "auroc": 0.5160055092464954,
            "n_train_samples": 2736,
            "n_test_samples": 684,
            "classification_report": {
                "0": {
                    "precision": 0.2849462365591398,
                    "recall": 0.2864864864864865,
                    "f1-score": 0.2857142857142857,
                    "support": 185.0
                },
                "1": {
                    "precision": 0.25766871165644173,
                    "recall": 0.2485207100591716,
                    "f1-score": 0.25301204819277107,
                    "support": 169.0
                },
                "2": {
                    "precision": 0.24528301886792453,
                    "recall": 0.22807017543859648,
                    "f1-score": 0.23636363636363636,
                    "support": 171.0
                },
                "3": {
                    "precision": 0.26704545454545453,
                    "recall": 0.29559748427672955,
                    "f1-score": 0.28059701492537314,
                    "support": 159.0
                },
                "accuracy": 0.2646198830409357,
                "macro avg": {
                    "precision": 0.26373585540724015,
                    "recall": 0.264668714065246,
                    "f1-score": 0.26392174629901655,
                    "support": 684.0
                },
                "weighted avg": {
                    "precision": 0.2641296630592425,
                    "recall": 0.2646198830409357,
                    "f1-score": 0.2641071435570721,
                    "support": 684.0
                }
            },
            "auroc_per_class": {
                "class_0": 0.5291231110870389,
                "class_1": 0.5207043143562935,
                "class_2": 0.4782497178619063,
                "class_3": 0.5359448936807427
            }
        },
        {
            "fold": 3,
            "accuracy": 0.28362573099415206,
            "auroc": 0.5439815227113491,
            "n_train_samples": 2736,
            "n_test_samples": 684,
            "classification_report": {
                "0": {
                    "precision": 0.3,
                    "recall": 0.3269230769230769,
                    "f1-score": 0.3128834355828221,
                    "support": 156.0
                },
                "1": {
                    "precision": 0.2833333333333333,
                    "recall": 0.3,
                    "f1-score": 0.2914285714285714,
                    "support": 170.0
                },
                "2": {
                    "precision": 0.24260355029585798,
                    "recall": 0.23699421965317918,
                    "f1-score": 0.23976608187134502,
                    "support": 173.0
                },
                "3": {
                    "precision": 0.3090909090909091,
                    "recall": 0.2756756756756757,
                    "f1-score": 0.2914285714285714,
                    "support": 185.0
                },
                "accuracy": 0.28362573099415206,
                "macro avg": {
                    "precision": 0.28375694818002506,
                    "recall": 0.28489824306298295,
                    "f1-score": 0.2838766650778275,
                    "support": 684.0
                },
                "weighted avg": {
                    "precision": 0.2837995600141349,
                    "recall": 0.28362573099415206,
                    "f1-score": 0.28325510375994994,
                    "support": 684.0
                }
            },
            "auroc_per_class": {
                "class_0": 0.5565996503496504,
                "class_1": 0.5533817807278554,
                "class_2": 0.48739296177731517,
                "class_3": 0.5785516979905757
            }
        },
        {
            "fold": 4,
            "accuracy": 0.2894736842105263,
            "auroc": 0.5388342886628725,
            "n_train_samples": 2736,
            "n_test_samples": 684,
            "classification_report": {
                "0": {
                    "precision": 0.2857142857142857,
                    "recall": 0.2840909090909091,
                    "f1-score": 0.2849002849002849,
                    "support": 176.0
                },
                "1": {
                    "precision": 0.2982456140350877,
                    "recall": 0.2947976878612717,
                    "f1-score": 0.29651162790697677,
                    "support": 173.0
                },
                "2": {
                    "precision": 0.23648648648648649,
                    "recall": 0.21341463414634146,
                    "f1-score": 0.22435897435897437,
                    "support": 164.0
                },
                "3": {
                    "precision": 0.3263157894736842,
                    "recall": 0.36257309941520466,
                    "f1-score": 0.34349030470914127,
                    "support": 171.0
                },
                "accuracy": 0.2894736842105263,
                "macro avg": {
                    "precision": 0.286690543927386,
                    "recall": 0.2887190826284317,
                    "f1-score": 0.2873152979688443,
                    "support": 684.0
                },
                "weighted avg": {
                    "precision": 0.2872309785052167,
                    "recall": 0.2894736842105263,
                    "f1-score": 0.28796882407966673,
                    "support": 684.0
                }
            },
            "auroc_per_class": {
                "class_0": 0.5343817108088762,
                "class_1": 0.5428605364071355,
                "class_2": 0.4941545497185741,