{
    "subject_id": 10,
    "trial_id": 0,
    "eval_name": "frame_brightness",
    "k_folds": 5,
    "mean_accuracy": 0.528374108443899,
    "std_accuracy": 0.040466505930003824,
    "fold_results": [
        {
            "fold": 1,
            "accuracy": 0.5864406779661017,
            "auroc": 0.6188977185337093,
            "n_train_samples": 3536,
            "n_test_samples": 885,
            "classification_report": {
                "0": {
                    "precision": 0.5581947743467933,
                    "recall": 0.5662650602409639,
                    "f1-score": 0.562200956937799,
                    "support": 415.0
                },
                "1": {
                    "precision": 0.6120689655172413,
                    "recall": 0.6042553191489362,
                    "f1-score": 0.6081370449678801,
                    "support": 470.0
                },
                "accuracy": 0.5864406779661017,
                "macro avg": {
                    "precision": 0.5851318699320174,
                    "recall": 0.5852601896949501,
                    "f1-score": 0.5851690009528396,
                    "support": 885.0
                },
                "weighted avg": {
                    "precision": 0.5868059267197996,
                    "recall": 0.5864406779661017,
                    "f1-score": 0.586596393518746,
                    "support": 885.0
                }
            }
        },
        {
            "fold": 2,
            "accuracy": 0.4649321266968326,
            "auroc": 0.3938979289940828,
            "n_train_samples": 3537,
            "n_test_samples": 884,
            "classification_report": {
                "0": {
                    "precision": 0.8465011286681715,
                    "recall": 0.4807692307692308,
                    "f1-score": 0.6132461161079313,
                    "support": 780.0
                },
                "1": {
                    "precision": 0.08163265306122448,
                    "recall": 0.34615384615384615,
                    "f1-score": 0.13211009174311927,
                    "support": 104.0
                },
                "accuracy": 0.4649321266968326,
                "macro avg": {
                    "precision": 0.464066890864698,
                    "recall": 0.41346153846153844,
                    "f1-score": 0.3726781039255253,
                    "support": 884.0
                },
                "weighted avg": {
                    "precision": 0.7565166021261778,
                    "recall": 0.4649321266968326,
                    "f1-score": 0.5566418779473652,
                    "support": 884.0
                }
            }
        },
        {
            "fold": 3,
            "accuracy": 0.5135746606334841,
            "auroc": 0.5313580882142754,
            "n_train_samples": 3537,
            "n_test_samples": 884,
            "classification_report": {
                "0": {
                    "precision": 0.35476718403547675,
                    "recall": 0.5351170568561873,
                    "f1-score": 0.4266666666666667,
                    "support": 299.0
                },
                "1": {
                    "precision": 0.6789838337182448,
                    "recall": 0.5025641025641026,
                    "f1-score": 0.5776031434184676,
                    "support": 585.0
                },
                "accuracy": 0.5135746606334841,
                "macro avg": {
                    "precision": 0.5168755088768607,
                    "recall": 0.518840579710145,
                    "f1-score": 0.5021349050425672,
                    "support": 884.0
                },
                "weighted avg": {
                    "precision": 0.5693223198549555,
                    "recall": 0.5135746606334841,
                    "f1-score": 0.5265510998112408,
                    "support": 884.0
                }
            }
        },
        {
            "fold": 4,
            "accuracy": 0.5520361990950227,
            "auroc": 0.559600497039082,
            "n_train_samples": 3537,
            "n_test_samples": 884,
            "classification_report": {
                "0": {
                    "precision": 0.48997772828507796,
                    "recall": 0.5684754521963824,
                    "f1-score": 0.5263157894736842,
                    "support": 387.0
                },
                "1": {
                    "precision": 0.6160919540229886,
                    "recall": 0.5392354124748491,
                    "f1-score": 0.575107296137339,
                    "support": 497.0
                },
                "accuracy": 0.5520361990950227,
                "macro avg": {
                    "precision": 0.5530348411540332,
                    "recall": 0.5538554323356157,
                    "f1-score": 0.5507115428055116,
                    "support": 884.0
                },
                "weighted avg": {
                    "precision": 0.5608813144748308,
                    "recall": 0.5520361990950227,
                    "f1-score": 0.5537472134689743,
                    "support": 884.0
                }
            }
        },
        {
            "fold": 5,
            "accuracy": 0.5248868778280543,
            "auroc": 0.5232523793895635,
            "n_train_samples": 3537,
            "n_test_samples": 884,
            "classification_report": {
                "0": {
                    "precision": 0.38095238095238093,
                    "recall": 0.43636363636363634,
                    "f1-score": 0.4067796610169492,
                    "support": 330.0
                },
                "1": {
                    "precision": 0.6324110671936759,
                    "recall": 0.5776173285198556,
                    "f1-score": 0.6037735849056604,
                    "support": 554.0
                },
                "accuracy": 0.5248868778280543,
                "macro avg": {
                    "precision": 0.5066817240730284,
                    "recall": 0.5069904824417459,
                    "f1-score": 0.5052766229613048,
                    "support": 884.0
                },
                "weighted avg": {
                    "precision": 0.5385407431443238,
                    "recall": 0.5248868778280543,
                    "f1-score": 0.5302351291553496,
                    "support": 884.0
                }
            }
        }
    ],
    "n_classes": 2
}