{
    "subject_id": 7,
    "trial_id": 1,
    "eval_name": "word_part_speech",
    "k_folds": 5,
    "mean_accuracy": 0.25021295986311054,
    "std_accuracy": 0.013103532485345662,
    "fold_results": [
        {
            "fold": 1,
            "accuracy": 0.2629310344827586,
            "auroc": 0.5083249616080671,
            "n_train_samples": 3708,
            "n_test_samples": 928,
            "classification_report": {
                "0": {
                    "precision": 0.2850467289719626,
                    "recall": 0.23828125,
                    "f1-score": 0.25957446808510637,
                    "support": 256.0
                },
                "1": {
                    "precision": 0.21338912133891214,
                    "recall": 0.2328767123287671,
                    "f1-score": 0.22270742358078602,
                    "support": 219.0
                },
                "2": {
                    "precision": 0.2794759825327511,
                    "recall": 0.32989690721649484,
                    "f1-score": 0.30260047281323876,
                    "support": 194.0
                },
                "3": {
                    "precision": 0.2764227642276423,
                    "recall": 0.2625482625482625,
                    "f1-score": 0.2693069306930693,
                    "support": 259.0
                },
                "accuracy": 0.2629310344827586,
                "macro avg": {
                    "precision": 0.263583649267817,
                    "recall": 0.2659007830233811,
                    "f1-score": 0.2635473237930501,
                    "support": 928.0
                },
                "weighted avg": {
                    "precision": 0.2645646732072815,
                    "recall": 0.2629310344827586,
                    "f1-score": 0.2625851038461774,
                    "support": 928.0
                }
            },
            "auroc_per_class": {
                "class_0": 0.49221656436011907,
                "class_1": 0.49506668985193625,
                "class_2": 0.5550717716789798,
                "class_3": 0.4909448205412331
            }
        },
        {
            "fold": 2,
            "accuracy": 0.25674217907227614,
            "auroc": 0.5017886166550772,
            "n_train_samples": 3709,
            "n_test_samples": 927,
            "classification_report": {
                "0": {
                    "precision": 0.2620967741935484,
                    "recall": 0.2777777777777778,
                    "f1-score": 0.2697095435684647,
                    "support": 234.0
                },
                "1": {
                    "precision": 0.24553571428571427,
                    "recall": 0.2391304347826087,
                    "f1-score": 0.2422907488986784,
                    "support": 230.0
                },
                "2": {
                    "precision": 0.27391304347826084,
                    "recall": 0.2669491525423729,
                    "f1-score": 0.2703862660944206,
                    "support": 236.0
                },
                "3": {
                    "precision": 0.24444444444444444,
                    "recall": 0.2422907488986784,
                    "f1-score": 0.24336283185840707,
                    "support": 227.0
                },
                "accuracy": 0.25674217907227614,
                "macro avg": {
                    "precision": 0.256497494100492,
                    "recall": 0.2565370285003594,
                    "f1-score": 0.2564373476049927,
                    "support": 927.0
                },
                "weighted avg": {
                    "precision": 0.2566733835995286,
                    "recall": 0.25674217907227614,
                    "f1-score": 0.2566272136697502,
                    "support": 927.0
                }
            },
            "auroc_per_class": {
                "class_0": 0.4948014948014948,
                "class_1": 0.49320379265173725,
                "class_2": 0.5135764919424073,
                "class_3": 0.5055726872246695
            }
        },
        {
            "fold": 3,
            "accuracy": 0.22869471413160733,
            "auroc": 0.47036562964414047,
            "n_train_samples": 3709,
            "n_test_samples": 927,
            "classification_report": {
                "0": {
                    "precision": 0.23109243697478993,
                    "recall": 0.22727272727272727,
                    "f1-score": 0.22916666666666666,
                    "support": 242.0
                },
                "1": {
                    "precision": 0.21951219512195122,
                    "recall": 0.25,
                    "f1-score": 0.23376623376623376,
                    "support": 216.0
                },
                "2": {
                    "precision": 0.22448979591836735,
                    "recall": 0.24444444444444444,
                    "f1-score": 0.23404255319148937,
                    "support": 225.0
                },
                "3": {
                    "precision": 0.24242424242424243,
                    "recall": 0.19672131147540983,
                    "f1-score": 0.2171945701357466,
                    "support": 244.0
                },
                "accuracy": 0.22869471413160733,
                "macro avg": {
                    "precision": 0.22937966760983775,
                    "recall": 0.2296096207981454,
                    "f1-score": 0.22854250594003409,
                    "support": 927.0
                },
                "weighted avg": {
                    "precision": 0.2297742428558667,
                    "recall": 0.22869471413160733,
                    "f1-score": 0.22827064661062257,
                    "support": 927.0
                }
            },
            "auroc_per_class": {
                "class_0": 0.47832237437413283,
                "class_1": 0.46041699223837057,
                "class_2": 0.4934726179170624,
                "class_3": 0.44925053404699616
            }
        },
        {
            "fold": 4,
            "accuracy": 0.24163969795037757,
            "auroc": 0.4949223176440064,
            "n_train_samples": 3709,
            "n_test_samples": 927,
            "classification_report": {
                "0": {
                    "precision": 0.1889400921658986,
                    "recall": 0.19902912621359223,
                    "f1-score": 0.1938534278959811,
                    "support": 206.0
                },
                "1": {
                    "precision": 0.22746781115879827,
                    "recall": 0.22268907563025211,
                    "f1-score": 0.22505307855626328,
                    "support": 238.0
                },
                "2": {
                    "precision": 0.3135593220338983,
                    "recall": 0.2890625,
                    "f1-score": 0.3008130081300813,
                    "support": 256.0
                },
                "3": {
                    "precision": 0.23236514522821577,
                    "recall": 0.24669603524229075,
                    "f1-score": 0.23931623931623933,
                    "support": 227.0
                },
                "accuracy": 0.24163969795037757,
                "macro avg": {
                    "precision": 0.24058309264670275,
                    "recall": 0.23936918427153378,
                    "f1-score": 0.23975893847464125,
                    "support": 927.0
                },
                "weighted avg": {
                    "precision": 0.24388033705442505,
                    "recall": 0.24163969795037757,
                    "f1-score": 0.24253436380695784,
                    "support": 927.0
                }
            },
            "auroc_per_class": {
                "class_0": 0.47392712387056807,
                "class_1": 0.5030003293044358,
                "class_2": 0.528164586438152,