{
    "subject_id": 10,
    "trial_id": 1,
    "eval_name": "local_flow",
    "k_folds": 5,
    "mean_accuracy": 0.4991825613079019,
    "std_accuracy": 0.014013987024605762,
    "fold_results": [
        {
            "fold": 1,
            "accuracy": 0.49591280653950953,
            "auroc": 0.5334821126665313,
            "n_train_samples": 4400,
            "n_test_samples": 1101,
            "classification_report": {
                "0": {
                    "precision": 0.41697416974169743,
                    "recall": 0.4860215053763441,
                    "f1-score": 0.44885799404170806,
                    "support": 465.0
                },
                "1": {
                    "precision": 0.5724508050089445,
                    "recall": 0.5031446540880503,
                    "f1-score": 0.5355648535564853,
                    "support": 636.0
                },
                "accuracy": 0.49591280653950953,
                "macro avg": {
                    "precision": 0.494712487375321,
                    "recall": 0.4945830797321972,
                    "f1-score": 0.49221142379909666,
                    "support": 1101.0
                },
                "weighted avg": {
                    "precision": 0.5067862860268647,
                    "recall": 0.49591280653950953,
                    "f1-score": 0.49894479027367744,
                    "support": 1101.0
                }
            }
        },
        {
            "fold": 2,
            "accuracy": 0.4863636363636364,
            "auroc": 0.4895035714285714,
            "n_train_samples": 4401,
            "n_test_samples": 1100,
            "classification_report": {
                "0": {
                    "precision": 0.6220614828209765,
                    "recall": 0.49142857142857144,
                    "f1-score": 0.5490822027134876,
                    "support": 700.0
                },
                "1": {
                    "precision": 0.3491773308957952,
                    "recall": 0.4775,
                    "f1-score": 0.4033790918690602,
                    "support": 400.0
                },
                "accuracy": 0.4863636363636364,
                "macro avg": {
                    "precision": 0.4856194068583859,
                    "recall": 0.4844642857142857,
                    "f1-score": 0.4762306472912739,
                    "support": 1100.0
                },
                "weighted avg": {
                    "precision": 0.5228308821209106,
                    "recall": 0.4863636363636364,
                    "f1-score": 0.496099253315514,
                    "support": 1100.0
                }
            }
        },
        {
            "fold": 3,
            "accuracy": 0.5136363636363637,
            "auroc": 0.5149747720224044,
            "n_train_samples": 4401,
            "n_test_samples": 1100,
            "classification_report": {
                "0": {
                    "precision": 0.6919104991394148,
                    "recall": 0.5303430079155673,
                    "f1-score": 0.6004480955937267,
                    "support": 758.0
                },
                "1": {
                    "precision": 0.3140655105973025,
                    "recall": 0.4766081871345029,
                    "f1-score": 0.3786295005807201,
                    "support": 342.0
                },
                "accuracy": 0.5136363636363637,
                "macro avg": {
                    "precision": 0.5029880048683586,
                    "recall": 0.5034755975250351,
                    "f1-score": 0.4895387980872234,
                    "support": 1100.0
                },
                "weighted avg": {
                    "precision": 0.5744350572472308,
                    "recall": 0.5136363636363637,
                    "f1-score": 0.5314826778715009,
                    "support": 1100.0
                }
            }
        },
        {
            "fold": 4,
            "accuracy": 0.4827272727272727,
            "auroc": 0.47506327130133813,
            "n_train_samples": 4401,
            "n_test_samples": 1100,
            "classification_report": {
                "0": {
                    "precision": 0.5304182509505704,
                    "recall": 0.46422628951747086,
                    "f1-score": 0.4951197870452529,
                    "support": 601.0
                },
                "1": {
                    "precision": 0.43902439024390244,
                    "recall": 0.5050100200400801,
                    "f1-score": 0.46971109040074555,
                    "support": 499.0
                },
                "accuracy": 0.4827272727272727,
                "macro avg": {
                    "precision": 0.4847213205972364,
                    "recall": 0.48461815477877546,
                    "f1-score": 0.4824154387229992,
                    "support": 1100.0
                },
                "weighted avg": {
                    "precision": 0.48895867232090917,
                    "recall": 0.4827272727272727,
                    "f1-score": 0.4835934782946992,
                    "support": 1100.0
                }
            }
        },
        {
            "fold": 5,
            "accuracy": 0.5172727272727272,
            "auroc": 0.5201467419551802,
            "n_train_samples": 4401,
            "n_test_samples": 1100,
            "classification_report": {
                "0": {
                    "precision": 0.21428571428571427,
                    "recall": 0.5022026431718062,
                    "f1-score": 0.30039525691699603,
                    "support": 227.0
                },
                "1": {
                    "precision": 0.801056338028169,
                    "recall": 0.5211912943871707,
                    "f1-score": 0.6315058986814712,
                    "support": 873.0
                },
                "accuracy": 0.5172727272727272,
                "macro avg": {
                    "precision": 0.5076710261569416,
                    "recall": 0.5116969687794884,
                    "f1-score": 0.46595057779923366,
                    "support": 1100.0
                },
                "weighted avg": {
                    "precision": 0.6799682184013169,
                    "recall": 0.5172727272727272,
                    "f1-score": 0.5631767026082569,
                    "support": 1100.0
                }
            }
        }
    ],
    "n_classes": 2
}