{
    "subject_id": 3,
    "trial_id": 1,
    "eval_name": "speech",
    "k_folds": 5,
    "mean_accuracy": 0.7831075847804526,
    "std_accuracy": 0.037943598261974194,
    "fold_results": [
        {
            "fold": 1,
            "accuracy": 0.7855772919064058,
            "auroc": 0.8690224658527512,
            "n_train_samples": 10427,
            "n_test_samples": 2607,
            "classification_report": {
                "0": {
                    "precision": 0.756551724137931,
                    "recall": 0.841903300076746,
                    "f1-score": 0.7969487831456593,
                    "support": 1303.0
                },
                "1": {
                    "precision": 0.8219533275713051,
                    "recall": 0.7292944785276073,
                    "f1-score": 0.7728565623730191,
                    "support": 1304.0
                },
                "accuracy": 0.7855772919064058,
                "macro avg": {
                    "precision": 0.7892525258546181,
                    "recall": 0.7855988893021766,
                    "f1-score": 0.7849026727593392,
                    "support": 2607.0
                },
                "weighted avg": {
                    "precision": 0.7892650693151922,
                    "recall": 0.7855772919064058,
                    "f1-score": 0.7848980520802498,
                    "support": 2607.0
                }
            }
        },
        {
            "fold": 2,
            "accuracy": 0.7863444572305331,
            "auroc": 0.8576991981693967,
            "n_train_samples": 10427,
            "n_test_samples": 2607,
            "classification_report": {
                "0": {
                    "precision": 0.8200514138817481,
                    "recall": 0.7338957055214724,
                    "f1-score": 0.7745851881829219,
                    "support": 1304.0
                },
                "1": {
                    "precision": 0.7590277777777777,
                    "recall": 0.8388334612432847,
                    "f1-score": 0.7969376594969012,
                    "support": 1303.0
                },
                "accuracy": 0.7863444572305331,
                "macro avg": {
                    "precision": 0.7895395958297629,
                    "recall": 0.7863645833823786,
                    "f1-score": 0.7857614238399115,
                    "support": 2607.0
                },
                "weighted avg": {
                    "precision": 0.7895512996341556,
                    "recall": 0.7863444572305331,
                    "f1-score": 0.7857571368296864,
                    "support": 2607.0
                }
            }
        },
        {
            "fold": 3,
            "accuracy": 0.7126965861143076,
            "auroc": 0.7942219229809453,
            "n_train_samples": 10427,
            "n_test_samples": 2607,
            "classification_report": {
                "0": {
                    "precision": 0.7579143389199255,
                    "recall": 0.624712202609363,
                    "f1-score": 0.6848969289019773,
                    "support": 1303.0
                },
                "1": {
                    "precision": 0.6810176125244618,
                    "recall": 0.8006134969325154,
                    "f1-score": 0.7359887204793796,
                    "support": 1304.0
                },
                "accuracy": 0.7126965861143076,
                "macro avg": {
                    "precision": 0.7194659757221937,
                    "recall": 0.7126628497709392,
                    "f1-score": 0.7104428246906784,
                    "support": 2607.0
                },
                "weighted avg": {
                    "precision": 0.7194512275966863,
                    "recall": 0.7126965861143076,
                    "f1-score": 0.7104526236533899,
                    "support": 2607.0
                }
            }
        },
        {
            "fold": 4,
            "accuracy": 0.8235519754507096,
            "auroc": 0.8996246274524575,
            "n_train_samples": 10427,
            "n_test_samples": 2607,
            "classification_report": {
                "0": {
                    "precision": 0.8163418290854573,
                    "recall": 0.8351226993865031,
                    "f1-score": 0.8256254738438211,
                    "support": 1304.0
                },
                "1": {
                    "precision": 0.8311076197957581,
                    "recall": 0.8119723714504988,
                    "f1-score": 0.8214285714285714,
                    "support": 1303.0
                },
                "accuracy": 0.8235519754507096,
                "macro avg": {
                    "precision": 0.8237247244406076,
                    "recall": 0.8235475354185009,
                    "f1-score": 0.8235270226361963,
                    "support": 2607.0
                },
                "weighted avg": {
                    "precision": 0.8237218924899536,
                    "recall": 0.8235519754507096,
                    "f1-score": 0.8235278275656968,
                    "support": 2607.0
                }
            }
        },
        {
            "fold": 5,
            "accuracy": 0.807367613200307,
            "auroc": 0.8893830224719035,
            "n_train_samples": 10428,
            "n_test_samples": 2606,
            "classification_report": {
                "0": {
                    "precision": 0.7779319916724496,
                    "recall": 0.8603223330775134,
                    "f1-score": 0.8170553935860059,
                    "support": 1303.0
                },
                "1": {
                    "precision": 0.8437768240343347,
                    "recall": 0.7544128933231006,
                    "f1-score": 0.7965964343598055,
                    "support": 1303.0
                },
                "accuracy": 0.807367613200307,
                "macro avg": {
                    "precision": 0.8108544078533921,
                    "recall": 0.8073676132003069,
                    "f1-score": 0.8068259139729057,
                    "support": 2606.0
                },
                "weighted avg": {
                    "precision": 0.8108544078533921,
                    "recall": 0.807367613200307,
                    "f1-score": 0.8068259139729056,
                    "support": 2606.0
                }
            }
        }
    ],
    "n_classes": 2
}