{
    "subject_id": 4,
    "trial_id": 2,
    "eval_name": "onset",
    "k_folds": 5,
    "mean_accuracy": 0.5822006663906469,
    "std_accuracy": 0.10518861722692643,
    "fold_results": [
        {
            "fold": 1,
            "accuracy": 0.670846394984326,
            "auroc": 0.7083333333333333,
            "n_train_samples": 1275,
            "n_test_samples": 319,
            "classification_report": {
                "0": {
                    "precision": 0.6730769230769231,
                    "recall": 0.660377358490566,
                    "f1-score": 0.6666666666666666,
                    "support": 159.0
                },
                "1": {
                    "precision": 0.6687116564417178,
                    "recall": 0.68125,
                    "f1-score": 0.6749226006191951,
                    "support": 160.0
                },
                "accuracy": 0.670846394984326,
                "macro avg": {
                    "precision": 0.6708942897593204,
                    "recall": 0.670813679245283,
                    "f1-score": 0.6707946336429309,
                    "support": 319.0
                },
                "weighted avg": {
                    "precision": 0.670887447648607,
                    "recall": 0.670846394984326,
                    "f1-score": 0.6708075739782796,
                    "support": 319.0
                }
            }
        },
        {
            "fold": 2,
            "accuracy": 0.664576802507837,
            "auroc": 0.7052672955974844,
            "n_train_samples": 1275,
            "n_test_samples": 319,
            "classification_report": {
                "0": {
                    "precision": 0.6625766871165644,
                    "recall": 0.675,
                    "f1-score": 0.6687306501547987,
                    "support": 160.0
                },
                "1": {
                    "precision": 0.6666666666666666,
                    "recall": 0.6540880503144654,
                    "f1-score": 0.6603174603174603,
                    "support": 159.0
                },
                "accuracy": 0.664576802507837,
                "macro avg": {
                    "precision": 0.6646216768916156,
                    "recall": 0.6645440251572328,
                    "f1-score": 0.6645240552361296,
                    "support": 319.0
                },
                "weighted avg": {
                    "precision": 0.6646152662653614,
                    "recall": 0.664576802507837,
                    "f1-score": 0.6645372420540564,
                    "support": 319.0
                }
            }
        },
        {
            "fold": 3,
            "accuracy": 0.5830721003134797,
            "auroc": 0.6319575471698113,
            "n_train_samples": 1275,
            "n_test_samples": 319,
            "classification_report": {
                "0": {
                    "precision": 0.5822784810126582,
                    "recall": 0.5786163522012578,
                    "f1-score": 0.580441640378549,
                    "support": 159.0
                },
                "1": {
                    "precision": 0.5838509316770186,
                    "recall": 0.5875,
                    "f1-score": 0.5856697819314641,
                    "support": 160.0
                },
                "accuracy": 0.5830721003134797,
                "macro avg": {
                    "precision": 0.5830647063448384,
                    "recall": 0.5830581761006289,
                    "f1-score": 0.5830557111550065,
                    "support": 319.0
                },
                "weighted avg": {
                    "precision": 0.5830671710010522,
                    "recall": 0.5830721003134797,
                    "f1-score": 0.583063905734243,
                    "support": 319.0
                }
            }
        },
        {
            "fold": 4,
            "accuracy": 0.3824451410658307,
            "auroc": 0.3553852201257862,
            "n_train_samples": 1275,
            "n_test_samples": 319,
            "classification_report": {
                "0": {
                    "precision": 0.3821656050955414,
                    "recall": 0.375,
                    "f1-score": 0.3785488958990536,
                    "support": 160.0
                },
                "1": {
                    "precision": 0.38271604938271603,
                    "recall": 0.389937106918239,
                    "f1-score": 0.3862928348909657,
                    "support": 159.0
                },
                "accuracy": 0.3824451410658307,
                "macro avg": {
                    "precision": 0.38244082723912876,
                    "recall": 0.3824685534591195,
                    "f1-score": 0.38242086539500963,
                    "support": 319.0
                },
                "weighted avg": {
                    "precision": 0.3824399644737883,
                    "recall": 0.3824451410658307,
                    "f1-score": 0.38240872755959915,
                    "support": 319.0
                }
            }
        },
        {
            "fold": 5,
            "accuracy": 0.610062893081761,
            "auroc": 0.6479569637277006,
            "n_train_samples": 1276,
            "n_test_samples": 318,
            "classification_report": {
                "0": {
                    "precision": 0.6114649681528662,
                    "recall": 0.6037735849056604,
                    "f1-score": 0.6075949367088608,
                    "support": 159.0
                },
                "1": {
                    "precision": 0.6086956521739131,
                    "recall": 0.6163522012578616,
                    "f1-score": 0.6125,
                    "support": 159.0
                },
                "accuracy": 0.610062893081761,
                "macro avg": {
                    "precision": 0.6100803101633896,
                    "recall": 0.610062893081761,
                    "f1-score": 0.6100474683544304,
                    "support": 318.0
                },
                "weighted avg": {
                    "precision": 0.6100803101633896,
                    "recall": 0.610062893081761,
                    "f1-score": 0.6100474683544305,
                    "support": 318.0
                }
            }
        }
    ],
    "n_classes": 2
}