{
    "subject_id": 4,
    "trial_id": 0,
    "eval_name": "local_flow",
    "k_folds": 5,
    "mean_accuracy": 0.4932044461292445,
    "std_accuracy": 0.031035836898041635,
    "fold_results": [
        {
            "fold": 1,
            "accuracy": 0.5412979351032449,
            "auroc": 0.5475995599559956,
            "n_train_samples": 2710,
            "n_test_samples": 678,
            "classification_report": {
                "0": {
                    "precision": 0.5930232558139535,
                    "recall": 0.544,
                    "f1-score": 0.5674547983310153,
                    "support": 375.0
                },
                "1": {
                    "precision": 0.4880239520958084,
                    "recall": 0.5379537953795379,
                    "f1-score": 0.5117739403453689,
                    "support": 303.0
                },
                "accuracy": 0.5412979351032449,
                "macro avg": {
                    "precision": 0.540523603954881,
                    "recall": 0.540976897689769,
                    "f1-score": 0.5396143693381921,
                    "support": 678.0
                },
                "weighted avg": {
                    "precision": 0.5460987882231011,
                    "recall": 0.5412979351032449,
                    "f1-score": 0.5425708750719432,
                    "support": 678.0
                }
            }
        },
        {
            "fold": 2,
            "accuracy": 0.4808259587020649,
            "auroc": 0.5011272368606454,
            "n_train_samples": 2710,
            "n_test_samples": 678,
            "classification_report": {
                "0": {
                    "precision": 0.5359281437125748,
                    "recall": 0.47606382978723405,
                    "f1-score": 0.504225352112676,
                    "support": 376.0
                },
                "1": {
                    "precision": 0.4273255813953488,
                    "recall": 0.4867549668874172,
                    "f1-score": 0.4551083591331269,
                    "support": 302.0
                },
                "accuracy": 0.4808259587020649,
                "macro avg": {
                    "precision": 0.4816268625539618,
                    "recall": 0.48140939833732566,
                    "f1-score": 0.47966685562290146,
                    "support": 678.0
                },
                "weighted avg": {
                    "precision": 0.4875535510579992,
                    "recall": 0.4808259587020649,
                    "f1-score": 0.48234728149346684,
                    "support": 678.0
                }
            }
        },
        {
            "fold": 3,
            "accuracy": 0.4808259587020649,
            "auroc": 0.5199034149706796,
            "n_train_samples": 2710,
            "n_test_samples": 678,
            "classification_report": {
                "0": {
                    "precision": 0.31412103746397696,
                    "recall": 0.48878923766816146,
                    "f1-score": 0.3824561403508772,
                    "support": 223.0
                },
                "1": {
                    "precision": 0.6555891238670695,
                    "recall": 0.47692307692307695,
                    "f1-score": 0.5521628498727735,
                    "support": 455.0
                },
                "accuracy": 0.4808259587020649,
                "macro avg": {
                    "precision": 0.4848550806655232,
                    "recall": 0.4828561572956192,
                    "f1-score": 0.4673094951118254,
                    "support": 678.0
                },
                "weighted avg": {
                    "precision": 0.5432773491356688,
                    "recall": 0.4808259587020649,
                    "f1-score": 0.49634486134271033,
                    "support": 678.0
                }
            }
        },
        {
            "fold": 4,
            "accuracy": 0.4505169867060561,
            "auroc": 0.44667888627040236,
            "n_train_samples": 2711,
            "n_test_samples": 677,
            "classification_report": {
                "0": {
                    "precision": 0.4539877300613497,
                    "recall": 0.4327485380116959,
                    "f1-score": 0.4431137724550898,
                    "support": 342.0
                },
                "1": {
                    "precision": 0.4472934472934473,
                    "recall": 0.46865671641791046,
                    "f1-score": 0.4577259475218659,
                    "support": 335.0
                },
                "accuracy": 0.4505169867060561,
                "macro avg": {
                    "precision": 0.4506405886773985,
                    "recall": 0.45070262721480314,
                    "f1-score": 0.4504198599884779,
                    "support": 677.0
                },
                "weighted avg": {
                    "precision": 0.4506751972293744,
                    "recall": 0.4505169867060561,
                    "f1-score": 0.450344316985917,
                    "support": 677.0
                }
            }
        },
        {
            "fold": 5,
            "accuracy": 0.5125553914327917,
            "auroc": 0.5182748667457633,
            "n_train_samples": 2711,
            "n_test_samples": 677,
            "classification_report": {
                "0": {
                    "precision": 0.5722713864306784,
                    "recall": 0.5118733509234829,
                    "f1-score": 0.5403899721448467,
                    "support": 379.0
                },
                "1": {
                    "precision": 0.4526627218934911,
                    "recall": 0.5134228187919463,
                    "f1-score": 0.4811320754716981,
                    "support": 298.0
                },
                "accuracy": 0.5125553914327917,
                "macro avg": {
                    "precision": 0.5124670541620848,
                    "recall": 0.5126480848577146,
                    "f1-score": 0.5107610238082725,
                    "support": 677.0
                },
                "weighted avg": {
                    "precision": 0.5196223730893464,
                    "recall": 0.5125553914327917,
                    "f1-score": 0.5143059939932983,
                    "support": 677.0
                }
            }
        }
    ],
    "n_classes": 2
}