{
    "subject_id": 2,
    "trial_id": 3,
    "eval_name": "local_flow",
    "k_folds": 5,
    "mean_accuracy": 0.48242667523014343,
    "std_accuracy": 0.04054522167352202,
    "fold_results": [
        {
            "fold": 1,
            "accuracy": 0.41040462427745666,
            "auroc": 0.43147216435412655,
            "n_train_samples": 3457,
            "n_test_samples": 865,
            "classification_report": {
                "0": {
                    "precision": 0.24952380952380954,
                    "recall": 0.5303643724696356,
                    "f1-score": 0.3393782383419689,
                    "support": 247.0
                },
                "1": {
                    "precision": 0.6588235294117647,
                    "recall": 0.36245954692556637,
                    "f1-score": 0.46764091858037576,
                    "support": 618.0
                },
                "accuracy": 0.41040462427745666,
                "macro avg": {
                    "precision": 0.45417366946778714,
                    "recall": 0.446411959697601,
                    "f1-score": 0.4035095784611723,
                    "support": 865.0
                },
                "weighted avg": {
                    "precision": 0.5419483492819093,
                    "recall": 0.41040462427745666,
                    "f1-score": 0.4310156214487151,
                    "support": 865.0
                }
            }
        },
        {
            "fold": 2,
            "accuracy": 0.5063583815028901,
            "auroc": 0.5212141439036078,
            "n_train_samples": 3457,
            "n_test_samples": 865,
            "classification_report": {
                "0": {
                    "precision": 0.631336405529954,
                    "recall": 0.5064695009242144,
                    "f1-score": 0.5620512820512821,
                    "support": 541.0
                },
                "1": {
                    "precision": 0.3805104408352668,
                    "recall": 0.5061728395061729,
                    "f1-score": 0.43443708609271525,
                    "support": 324.0
                },
                "accuracy": 0.5063583815028901,
                "macro avg": {
                    "precision": 0.5059234231826104,
                    "recall": 0.5063211702151936,
                    "f1-score": 0.49824418407199866,
                    "support": 865.0
                },
                "weighted avg": {
                    "precision": 0.5373854083495163,
                    "recall": 0.5063583815028901,
                    "f1-score": 0.5142512826402119,
                    "support": 865.0
                }
            }
        },
        {
            "fold": 3,
            "accuracy": 0.5231481481481481,
            "auroc": 0.5247570332480818,
            "n_train_samples": 3458,
            "n_test_samples": 864,
            "classification_report": {
                "0": {
                    "precision": 0.673036093418259,
                    "recall": 0.551304347826087,
                    "f1-score": 0.6061185468451242,
                    "support": 575.0
                },
                "1": {
                    "precision": 0.3435114503816794,
                    "recall": 0.4671280276816609,
                    "f1-score": 0.39589442815249265,
                    "support": 289.0
                },
                "accuracy": 0.5231481481481481,
                "macro avg": {
                    "precision": 0.5082737718999693,
                    "recall": 0.5092161877538739,
                    "f1-score": 0.5010064874988085,
                    "support": 864.0
                },
                "weighted avg": {
                    "precision": 0.5628131514766253,
                    "recall": 0.5231481481481481,
                    "f1-score": 0.5358005256620565,
                    "support": 864.0
                }
            }
        },
        {
            "fold": 4,
            "accuracy": 0.4664351851851852,
            "auroc": 0.4642621473291165,
            "n_train_samples": 3458,
            "n_test_samples": 864,
            "classification_report": {
                "0": {
                    "precision": 0.48364485981308414,
                    "recall": 0.46308724832214765,
                    "f1-score": 0.47314285714285714,
                    "support": 447.0
                },
                "1": {
                    "precision": 0.44954128440366975,
                    "recall": 0.47002398081534774,
                    "f1-score": 0.45955451348182885,
                    "support": 417.0
                },
                "accuracy": 0.4664351851851852,
                "macro avg": {
                    "precision": 0.46659307210837697,
                    "recall": 0.4665556145687477,
                    "f1-score": 0.46634868531234297,
                    "support": 864.0
                },
                "weighted avg": {
                    "precision": 0.46718514807034595,
                    "recall": 0.4664351851851852,
                    "f1-score": 0.466584594056458,
                    "support": 864.0
                }
            }
        },
        {
            "fold": 5,
            "accuracy": 0.5057870370370371,
            "auroc": 0.5242448286576704,
            "n_train_samples": 3458,
            "n_test_samples": 864,
            "classification_report": {
                "0": {
                    "precision": 0.41217798594847777,
                    "recall": 0.5,
                    "f1-score": 0.45186136071887034,
                    "support": 352.0
                },
                "1": {
                    "precision": 0.597254004576659,
                    "recall": 0.509765625,
                    "f1-score": 0.5500526870389885,
                    "support": 512.0
                },
                "accuracy": 0.5057870370370371,
                "macro avg": {
                    "precision": 0.5047159952625684,
                    "recall": 0.5048828125,
                    "f1-score": 0.5009570238789294,
                    "support": 864.0
                },
                "weighted avg": {
                    "precision": 0.5218526636540667,
                    "recall": 0.5057870370370371,
                    "f1-score": 0.5100488133530144,
                    "support": 864.0
                }
            }
        }
    ],
    "n_classes": 2
}