{
    "subject_id": 2,
    "trial_id": 6,
    "eval_name": "word_part_speech",
    "k_folds": 5,
    "mean_accuracy": 0.29163241039578736,
    "std_accuracy": 0.01920762617092602,
    "fold_results": [
        {
            "fold": 1,
            "accuracy": 0.2901307966706302,
            "auroc": 0.5412203060409321,
            "n_train_samples": 3363,
            "n_test_samples": 841,
            "classification_report": {
                "0": {
                    "precision": 0.35960591133004927,
                    "recall": 0.33796296296296297,
                    "f1-score": 0.34844868735083534,
                    "support": 216.0
                },
                "1": {
                    "precision": 0.25957446808510637,
                    "recall": 0.2904761904761905,
                    "f1-score": 0.27415730337078653,
                    "support": 210.0
                },
                "2": {
                    "precision": 0.3026315789473684,
                    "recall": 0.33014354066985646,
                    "f1-score": 0.3157894736842105,
                    "support": 209.0
                },
                "3": {
                    "precision": 0.2342857142857143,
                    "recall": 0.19902912621359223,
                    "f1-score": 0.2152230971128609,
                    "support": 206.0
                },
                "accuracy": 0.2901307966706302,
                "macro avg": {
                    "precision": 0.28902441816205954,
                    "recall": 0.2894029550806505,
                    "f1-score": 0.28840464037967334,
                    "support": 841.0
                },
                "weighted avg": {
                    "precision": 0.28977214302975046,
                    "recall": 0.2901307966706302,
                    "f1-score": 0.2891485234017776,
                    "support": 841.0
                }
            },
            "auroc_per_class": {
                "class_0": 0.5888185185185185,
                "class_1": 0.5214851709304958,
                "class_2": 0.5662853552177336,
                "class_3": 0.48829217949698034
            }
        },
        {
            "fold": 2,
            "accuracy": 0.2568370986920333,
            "auroc": 0.4919240885004227,
            "n_train_samples": 3363,
            "n_test_samples": 841,
            "classification_report": {
                "0": {
                    "precision": 0.2850678733031674,
                    "recall": 0.27155172413793105,
                    "f1-score": 0.2781456953642384,
                    "support": 232.0
                },
                "1": {
                    "precision": 0.265625,
                    "recall": 0.2512315270935961,
                    "f1-score": 0.2582278481012658,
                    "support": 203.0
                },
                "2": {
                    "precision": 0.20754716981132076,
                    "recall": 0.24175824175824176,
                    "f1-score": 0.2233502538071066,
                    "support": 182.0
                },
                "3": {
                    "precision": 0.26851851851851855,
                    "recall": 0.25892857142857145,
                    "f1-score": 0.2636363636363636,
                    "support": 224.0
                },
                "accuracy": 0.2568370986920333,
                "macro avg": {
                    "precision": 0.2566896404082517,
                    "recall": 0.2558675161045851,
                    "f1-score": 0.2558400402272436,
                    "support": 841.0
                },
                "weighted avg": {
                    "precision": 0.2591906714151526,
                    "recall": 0.2568370986920333,
                    "f1-score": 0.2576151559292499,
                    "support": 841.0
                }
            },
            "auroc_per_class": {
                "class_0": 0.512991195289055,
                "class_1": 0.4807781398150007,
                "class_2": 0.47101835948573423,
                "class_3": 0.5029086594119009
            }
        },
        {
            "fold": 3,
            "accuracy": 0.29488703923900117,
            "auroc": 0.5460167106329877,
            "n_train_samples": 3363,
            "n_test_samples": 841,
            "classification_report": {
                "0": {
                    "precision": 0.33031674208144796,
                    "recall": 0.3862433862433862,
                    "f1-score": 0.35609756097560974,
                    "support": 189.0
                },
                "1": {
                    "precision": 0.3056768558951965,
                    "recall": 0.30973451327433627,
                    "f1-score": 0.3076923076923077,
                    "support": 226.0
                },
                "2": {
                    "precision": 0.28292682926829266,
                    "recall": 0.25,
                    "f1-score": 0.2654462242562929,
                    "support": 232.0
                },
                "3": {
                    "precision": 0.25268817204301075,
                    "recall": 0.2422680412371134,
                    "f1-score": 0.24736842105263157,
                    "support": 194.0
                },
                "accuracy": 0.29488703923900117,
                "macro avg": {
                    "precision": 0.292902149821987,
                    "recall": 0.29706148518870895,
                    "f1-score": 0.29415112849421043,
                    "support": 841.0
                },
                "weighted avg": {
                    "precision": 0.29271505761271827,
                    "recall": 0.29488703923900117,
                    "f1-score": 0.29300106810288024,
                    "support": 841.0
                }
            },
            "auroc_per_class": {
                "class_0": 0.6435306910767034,
                "class_1": 0.49716526368803515,
                "class_2": 0.5133273880301229,
                "class_3": 0.5300434997370895
            }
        },
        {
            "fold": 4,
            "accuracy": 0.30202140309155767,
            "auroc": 0.5634255256888018,
            "n_train_samples": 3363,
            "n_test_samples": 841,
            "classification_report": {
                "0": {
                    "precision": 0.37254901960784315,
                    "recall": 0.35023041474654376,
                    "f1-score": 0.36104513064133015,
                    "support": 217.0
                },
                "1": {
                    "precision": 0.24299065420560748,
                    "recall": 0.26,
                    "f1-score": 0.25120772946859904,
                    "support": 200.0
                },
                "2": {
                    "precision": 0.3142857142857143,
                    "recall": 0.32038834951456313,
                    "f1-score": 0.3173076923076923,
                    "support": 206.0
                },
                "3": {
                    "precision": 0.28169014084507044,
                    "recall": 0.27522935779816515,
                    "f1-score": 0.27842227378190254,
                    "support": 218.0
                },
                "accuracy": 0.30202140309155767,
                "macro avg": {
                    "precision": 0.30287888223605886,
                    "recall": 0.301462030514818,
                    "f1-score": 0.301995706549881,
                    "support": 841.0
                },
                "weighted avg": {
                    "precision": 0.3039150724650487,
                    "recall": 0.30202140309155767,
                    "f1-score": 0.3027940303718524,
                    "support": 841.0
                }
            },
            "auroc_per_class": {
                "class_0": 0.6651416459884201,
                "class_1": 0.5082410296411857,
                "class_2": 0.5643490558825779,