{
    "subject_id": 2,
    "trial_id": 1,
    "eval_name": "pitch",
    "k_folds": 5,
    "mean_accuracy": 0.5118917912762921,
    "std_accuracy": 0.008715816727005212,
    "fold_results": [
        {
            "fold": 1,
            "accuracy": 0.5158450704225352,
            "auroc": 0.528425856464116,
            "n_train_samples": 4541,
            "n_test_samples": 1136,
            "classification_report": {
                "0": {
                    "precision": 0.4744744744744745,
                    "recall": 0.6124031007751938,
                    "f1-score": 0.5346869712351946,
                    "support": 516.0
                },
                "1": {
                    "precision": 0.574468085106383,
                    "recall": 0.43548387096774194,
                    "f1-score": 0.4954128440366973,
                    "support": 620.0
                },
                "accuracy": 0.5158450704225352,
                "macro avg": {
                    "precision": 0.5244712797904287,
                    "recall": 0.5239434858714679,
                    "f1-score": 0.5150499076359459,
                    "support": 1136.0
                },
                "weighted avg": {
                    "precision": 0.5290484521080866,
                    "recall": 0.5158450704225352,
                    "f1-score": 0.5132521482923528,
                    "support": 1136.0
                }
            }
        },
        {
            "fold": 2,
            "accuracy": 0.4982394366197183,
            "auroc": 0.5110142783637767,
            "n_train_samples": 4541,
            "n_test_samples": 1136,
            "classification_report": {
                "0": {
                    "precision": 0.5949820788530465,
                    "recall": 0.4911242603550296,
                    "f1-score": 0.5380875202593193,
                    "support": 676.0
                },
                "1": {
                    "precision": 0.40484429065743943,
                    "recall": 0.508695652173913,
                    "f1-score": 0.4508670520231214,
                    "support": 460.0
                },
                "accuracy": 0.4982394366197183,
                "macro avg": {
                    "precision": 0.499913184755243,
                    "recall": 0.4999099562644713,
                    "f1-score": 0.49447728614122033,
                    "support": 1136.0
                },
                "weighted avg": {
                    "precision": 0.5179896646189098,
                    "recall": 0.4982394366197183,
                    "f1-score": 0.5027693729101547,
                    "support": 1136.0
                }
            }
        },
        {
            "fold": 3,
            "accuracy": 0.5171806167400881,
            "auroc": 0.5297764227642277,
            "n_train_samples": 4542,
            "n_test_samples": 1135,
            "classification_report": {
                "0": {
                    "precision": 0.5599284436493739,
                    "recall": 0.5089430894308943,
                    "f1-score": 0.5332197614991482,
                    "support": 615.0
                },
                "1": {
                    "precision": 0.4756944444444444,
                    "recall": 0.5269230769230769,
                    "f1-score": 0.5,
                    "support": 520.0
                },
                "accuracy": 0.5171806167400881,
                "macro avg": {
                    "precision": 0.5178114440469092,
                    "recall": 0.5179330831769856,
                    "f1-score": 0.516609880749574,
                    "support": 1135.0
                },
                "weighted avg": {
                    "precision": 0.5213366554673797,
                    "recall": 0.5171806167400881,
                    "f1-score": 0.5180001350854415,
                    "support": 1135.0
                }
            }
        },
        {
            "fold": 4,
            "accuracy": 0.505726872246696,
            "auroc": 0.5035673026875372,
            "n_train_samples": 4542,
            "n_test_samples": 1135,
            "classification_report": {
                "0": {
                    "precision": 0.43257443082311736,
                    "recall": 0.5103305785123967,
                    "f1-score": 0.46824644549763034,
                    "support": 484.0
                },
                "1": {
                    "precision": 0.5797872340425532,
                    "recall": 0.5023041474654378,
                    "f1-score": 0.5382716049382716,
                    "support": 651.0
                },
                "accuracy": 0.505726872246696,
                "macro avg": {
                    "precision": 0.5061808324328353,
                    "recall": 0.5063173629889173,
                    "f1-score": 0.503259025217951,
                    "support": 1135.0
                },
                "weighted avg": {
                    "precision": 0.5170110254450141,
                    "recall": 0.505726872246696,
                    "f1-score": 0.5084106558904564,
                    "support": 1135.0
                }
            }
        },
        {
            "fold": 5,
            "accuracy": 0.5224669603524229,
            "auroc": 0.5288364689936458,
            "n_train_samples": 4542,
            "n_test_samples": 1135,
            "classification_report": {
                "0": {
                    "precision": 0.5054151624548736,
                    "recall": 0.5109489051094891,
                    "f1-score": 0.5081669691470054,
                    "support": 548.0
                },
                "1": {
                    "precision": 0.5387263339070568,
                    "recall": 0.5332197614991482,
                    "f1-score": 0.535958904109589,
                    "support": 587.0
                },
                "accuracy": 0.5224669603524229,
                "macro avg": {
                    "precision": 0.5220707481809652,
                    "recall": 0.5220843333043186,
                    "f1-score": 0.5220629366282972,
                    "support": 1135.0
                },
                "weighted avg": {
                    "precision": 0.5226430546508485,
                    "recall": 0.5224669603524229,
                    "f1-score": 0.5225404192113549,
                    "support": 1135.0
                }
            }
        }
    ],
    "n_classes": 2
}