{
    "subject_id": 1,
    "trial_id": 0,
    "eval_name": "word_part_speech",
    "k_folds": 5,
    "mean_accuracy": 0.26773781026246635,
    "std_accuracy": 0.012169080367827989,
    "fold_results": [
        {
            "fold": 1,
            "accuracy": 0.26288659793814434,
            "auroc": 0.5015340066775396,
            "n_train_samples": 3878,
            "n_test_samples": 970,
            "classification_report": {
                "0": {
                    "precision": 0.2578125,
                    "recall": 0.25882352941176473,
                    "f1-score": 0.2583170254403131,
                    "support": 255.0
                },
                "1": {
                    "precision": 0.26104417670682734,
                    "recall": 0.2838427947598253,
                    "f1-score": 0.2719665271966527,
                    "support": 229.0
                },
                "2": {
                    "precision": 0.2375,
                    "recall": 0.2544642857142857,
                    "f1-score": 0.24568965517241378,
                    "support": 224.0
                },
                "3": {
                    "precision": 0.29777777777777775,
                    "recall": 0.25572519083969464,
                    "f1-score": 0.2751540041067762,
                    "support": 262.0
                },
                "accuracy": 0.26288659793814434,
                "macro avg": {
                    "precision": 0.26353361362115124,
                    "recall": 0.2632139501813926,
                    "f1-score": 0.26278180297903897,
                    "support": 970.0
                },
                "weighted avg": {
                    "precision": 0.26467946571509404,
                    "recall": 0.26288659793814434,
                    "f1-score": 0.2631711423194942,
                    "support": 970.0
                }
            },
            "auroc_per_class": {
                "class_0": 0.5069079939668175,
                "class_1": 0.4964523333863715,
                "class_2": 0.5124174166985829,
                "class_3": 0.4903582826583862
            }
        },
        {
            "fold": 2,
            "accuracy": 0.2752577319587629,
            "auroc": 0.5280284975146258,
            "n_train_samples": 3878,
            "n_test_samples": 970,
            "classification_report": {
                "0": {
                    "precision": 0.30952380952380953,
                    "recall": 0.2480916030534351,
                    "f1-score": 0.2754237288135593,
                    "support": 262.0
                },
                "1": {
                    "precision": 0.25675675675675674,
                    "recall": 0.24358974358974358,
                    "f1-score": 0.25,
                    "support": 234.0
                },
                "2": {
                    "precision": 0.26373626373626374,
                    "recall": 0.3050847457627119,
                    "f1-score": 0.2829076620825147,
                    "support": 236.0
                },
                "3": {
                    "precision": 0.27547169811320754,
                    "recall": 0.3067226890756303,
                    "f1-score": 0.29025844930417494,
                    "support": 238.0
                },
                "accuracy": 0.2752577319587629,
                "macro avg": {
                    "precision": 0.2763721320325094,
                    "recall": 0.2758721953703802,
                    "f1-score": 0.27464746005006224,
                    "support": 970.0
                },
                "weighted avg": {
                    "precision": 0.2772993212051761,
                    "recall": 0.2752577319587629,
                    "f1-score": 0.27475127436599966,
                    "support": 970.0
                }
            },
            "auroc_per_class": {
                "class_0": 0.536890283348428,
                "class_1": 0.5282016443701226,
                "class_2": 0.5272133191705538,
                "class_3": 0.5198087431693988
            }
        },
        {
            "fold": 3,
            "accuracy": 0.2721649484536082,
            "auroc": 0.5277805176971739,
            "n_train_samples": 3878,
            "n_test_samples": 970,
            "classification_report": {
                "0": {
                    "precision": 0.2862903225806452,
                    "recall": 0.3169642857142857,
                    "f1-score": 0.3008474576271186,
                    "support": 224.0
                },
                "1": {
                    "precision": 0.27167630057803466,
                    "recall": 0.1934156378600823,
                    "f1-score": 0.22596153846153846,
                    "support": 243.0
                },
                "2": {
                    "precision": 0.2736842105263158,
                    "recall": 0.20883534136546184,
                    "f1-score": 0.23690205011389523,
                    "support": 249.0
                },
                "3": {
                    "precision": 0.2618384401114206,
                    "recall": 0.3700787401574803,
                    "f1-score": 0.3066884176182708,
                    "support": 254.0
                },
                "accuracy": 0.2721649484536082,
                "macro avg": {
                    "precision": 0.2733723184491041,
                    "recall": 0.27232350127432753,
                    "f1-score": 0.2675998659552058,
                    "support": 970.0
                },
                "weighted avg": {
                    "precision": 0.27299041804936125,
                    "recall": 0.2721649484536082,
                    "f1-score": 0.26720201330724647,
                    "support": 970.0
                }
            },
            "auroc_per_class": {
                "class_0": 0.5684424071237074,
                "class_1": 0.5152184126660666,
                "class_2": 0.5315687159177626,
                "class_3": 0.4958925350811595
            }
        },
        {
            "fold": 4,
            "accuracy": 0.28173374613003094,
            "auroc": 0.5209066247908423,
            "n_train_samples": 3879,
            "n_test_samples": 969,
            "classification_report": {
                "0": {
                    "precision": 0.27049180327868855,
                    "recall": 0.29464285714285715,
                    "f1-score": 0.28205128205128205,
                    "support": 224.0
                },
                "1": {
                    "precision": 0.2878787878787879,
                    "recall": 0.29343629343629346,
                    "f1-score": 0.29063097514340347,
                    "support": 259.0
                },
                "2": {
                    "precision": 0.3034188034188034,
                    "recall": 0.2751937984496124,
                    "f1-score": 0.2886178861788618,
                    "support": 258.0
                },
                "3": {
                    "precision": 0.2643171806167401,
                    "recall": 0.2631578947368421,
                    "f1-score": 0.26373626373626374,
                    "support": 228.0
                },
                "accuracy": 0.28173374613003094,
                "macro avg": {
                    "precision": 0.281526643798255,
                    "recall": 0.28160771094140125,
                    "f1-score": 0.2812591017774527,
                    "support": 969.0
                },
                "weighted avg": {
                    "precision": 0.2824531872628486,
                    "recall": 0.28173374613003094,
                    "f1-score": 0.28178348040004453,
                    "support": 969.0
                }
            },
            "auroc_per_class": {
                "class_0": 0.5279422339405561,
                "class_1": 0.5067105334710968,
                "class_2": 0.5374731516915796,