{
    "subject_id": 2,
    "trial_id": 3,
    "eval_name": "local_flow_angle",
    "k_folds": 5,
    "mean_accuracy": 0.22913968547641073,
    "std_accuracy": 0.06825332153954872,
    "fold_results": [
        {
            "fold": 1,
            "accuracy": 0.1276595744680851,
            "auroc": 0.4476996307878661,
            "n_train_samples": 185,
            "n_test_samples": 47,
            "classification_report": {
                "0": {
                    "precision": 0.125,
                    "recall": 0.07692307692307693,
                    "f1-score": 0.09523809523809523,
                    "support": 13.0
                },
                "1": {
                    "precision": 0.0,
                    "recall": 0.0,
                    "f1-score": 0.0,
                    "support": 10.0
                },
                "2": {
                    "precision": 0.14285714285714285,
                    "recall": 0.16666666666666666,
                    "f1-score": 0.15384615384615385,
                    "support": 12.0
                },
                "3": {
                    "precision": 0.23076923076923078,
                    "recall": 0.25,
                    "f1-score": 0.24,
                    "support": 12.0
                },
                "accuracy": 0.1276595744680851,
                "macro avg": {
                    "precision": 0.12465659340659341,
                    "recall": 0.1233974358974359,
                    "f1-score": 0.12227106227106227,
                    "support": 47.0
                },
                "weighted avg": {
                    "precision": 0.12996843581949966,
                    "recall": 0.1276595744680851,
                    "f1-score": 0.12689891668615075,
                    "support": 47.0
                }
            },
            "auroc_per_class": {
                "class_0": 0.5429864253393666,
                "class_1": 0.3216216216216216,
                "class_2": 0.3880952380952381,
                "class_3": 0.5380952380952381
            }
        },
        {
            "fold": 2,
            "accuracy": 0.1702127659574468,
            "auroc": 0.48565683102503987,
            "n_train_samples": 185,
            "n_test_samples": 47,
            "classification_report": {
                "0": {
                    "precision": 0.16666666666666666,
                    "recall": 0.2222222222222222,
                    "f1-score": 0.19047619047619047,
                    "support": 9.0
                },
                "1": {
                    "precision": 0.125,
                    "recall": 0.07142857142857142,
                    "f1-score": 0.09090909090909091,
                    "support": 14.0
                },
                "2": {
                    "precision": 0.0,
                    "recall": 0.0,
                    "f1-score": 0.0,
                    "support": 8.0
                },
                "3": {
                    "precision": 0.38461538461538464,
                    "recall": 0.3125,
                    "f1-score": 0.3448275862068966,
                    "support": 16.0
                },
                "accuracy": 0.1702127659574468,
                "macro avg": {
                    "precision": 0.16907051282051283,
                    "recall": 0.1515376984126984,
                    "f1-score": 0.1565532168980445,
                    "support": 47.0
                },
                "weighted avg": {
                    "precision": 0.20008183306055646,
                    "recall": 0.1702127659574468,
                    "f1-score": 0.18094158226219856,
                    "support": 47.0
                }
            },
            "auroc_per_class": {
                "class_0": 0.48830409356725146,
                "class_1": 0.47619047619047616,
                "class_2": 0.4519230769230769,
                "class_3": 0.5262096774193549
            }
        },
        {
            "fold": 3,
            "accuracy": 0.30434782608695654,
            "auroc": 0.5723944360836659,
            "n_train_samples": 186,
            "n_test_samples": 46,
            "classification_report": {
                "0": {
                    "precision": 0.38461538461538464,
                    "recall": 0.3333333333333333,
                    "f1-score": 0.35714285714285715,
                    "support": 15.0
                },
                "1": {
                    "precision": 0.25,
                    "recall": 0.5,
                    "f1-score": 0.3333333333333333,
                    "support": 6.0
                },
                "2": {
                    "precision": 0.4166666666666667,
                    "recall": 0.29411764705882354,
                    "f1-score": 0.3448275862068966,
                    "support": 17.0
                },
                "3": {
                    "precision": 0.1111111111111111,
                    "recall": 0.125,
                    "f1-score": 0.11764705882352941,
                    "support": 8.0
                },
                "accuracy": 0.30434782608695654,
                "macro avg": {
                    "precision": 0.2905982905982906,
                    "recall": 0.3131127450980392,
                    "f1-score": 0.2882377088766541,
                    "support": 46.0
                },
                "weighted avg": {
                    "precision": 0.33133593459680416,
                    "recall": 0.30434782608695654,
                    "f1-score": 0.30783452811409423,
                    "support": 46.0
                }
            },
            "auroc_per_class": {
                "class_0": 0.5849462365591398,
                "class_1": 0.5583333333333333,
                "class_2": 0.5212981744421906,
                "class_3": 0.625
            }
        },
        {
            "fold": 4,
            "accuracy": 0.2608695652173913,
            "auroc": 0.5709814695108812,
            "n_train_samples": 186,
            "n_test_samples": 46,
            "classification_report": {
                "0": {
                    "precision": 0.25,
                    "recall": 0.3,
                    "f1-score": 0.2727272727272727,
                    "support": 10.0
                },
                "1": {
                    "precision": 0.16666666666666666,
                    "recall": 0.058823529411764705,
                    "f1-score": 0.08695652173913043,
                    "support": 17.0
                },
                "2": {
                    "precision": 0.09090909090909091,
                    "recall": 0.14285714285714285,
                    "f1-score": 0.1111111111111111,
                    "support": 7.0
                },
                "3": {
                    "precision": 0.4117647058823529,
                    "recall": 0.5833333333333334,
                    "f1-score": 0.4827586206896552,
                    "support": 12.0
                },
                "accuracy": 0.2608695652173913,
                "macro avg": {
                    "precision": 0.22983511586452762,
                    "recall": 0.27125350140056026,
                    "f1-score": 0.23838838156679237,
                    "support": 46.0
                },
                "weighted avg": {
                    "precision": 0.2371929008757653,
                    "recall": 0.2608695652173913,
                    "f1-score": 0.23426988745416488,
                    "support": 46.0
                }
            },
            "auroc_per_class": {
                "class_0": 0.5750000000000001,
                "class_1": 0.5294117647058824,
                "class_2": 0.5054945054945055,
                "class_3": 0.6740196078431373
            }
        },
        {
            "fold": 5,
            "accuracy": 0.2826086956521739,
            "auroc": 0.5267507665945166,
            "n_train_samples": 186,
            "n_test_samples": 46,