{
    "subject_id": 2,
    "trial_id": 5,
    "eval_name": "word_length",
    "k_folds": 5,
    "mean_accuracy": 0.5164047270955165,
    "std_accuracy": 0.020546272258188027,
    "fold_results": [
        {
            "fold": 1,
            "accuracy": 0.5165692007797271,
            "auroc": 0.5505721103836505,
            "n_train_samples": 2049,
            "n_test_samples": 513,
            "classification_report": {
                "0": {
                    "precision": 0.47692307692307695,
                    "recall": 0.5254237288135594,
                    "f1-score": 0.5,
                    "support": 236.0
                },
                "1": {
                    "precision": 0.5573122529644269,
                    "recall": 0.5090252707581228,
                    "f1-score": 0.5320754716981132,
                    "support": 277.0
                },
                "accuracy": 0.5165692007797271,
                "macro avg": {
                    "precision": 0.5171176649437519,
                    "recall": 0.5172244997858411,
                    "f1-score": 0.5160377358490567,
                    "support": 513.0
                },
                "weighted avg": {
                    "precision": 0.5203300979044686,
                    "recall": 0.5165692007797271,
                    "f1-score": 0.5173195042112619,
                    "support": 513.0
                }
            }
        },
        {
            "fold": 2,
            "accuracy": 0.4873294346978557,
            "auroc": 0.5148476963110363,
            "n_train_samples": 2049,
            "n_test_samples": 513,
            "classification_report": {
                "0": {
                    "precision": 0.4485294117647059,
                    "recall": 0.5191489361702127,
                    "f1-score": 0.4812623274161736,
                    "support": 235.0
                },
                "1": {
                    "precision": 0.5311203319502075,
                    "recall": 0.460431654676259,
                    "f1-score": 0.4932562620423892,
                    "support": 278.0
                },
                "accuracy": 0.4873294346978557,
                "macro avg": {
                    "precision": 0.4898248718574567,
                    "recall": 0.4897902954232359,
                    "f1-score": 0.4872592947292814,
                    "support": 513.0
                },
                "weighted avg": {
                    "precision": 0.4932862846917418,
                    "recall": 0.4873294346978557,
                    "f1-score": 0.4877619645040643,
                    "support": 513.0
                }
            }
        },
        {
            "fold": 3,
            "accuracy": 0.55078125,
            "auroc": 0.5825360878741661,
            "n_train_samples": 2050,
            "n_test_samples": 512,
            "classification_report": {
                "0": {
                    "precision": 0.5984555984555985,
                    "recall": 0.5516014234875445,
                    "f1-score": 0.5740740740740741,
                    "support": 281.0
                },
                "1": {
                    "precision": 0.5019762845849802,
                    "recall": 0.5497835497835498,
                    "f1-score": 0.5247933884297521,
                    "support": 231.0
                },
                "accuracy": 0.55078125,
                "macro avg": {
                    "precision": 0.5502159415202894,
                    "recall": 0.5506924866355472,
                    "f1-score": 0.5494337312519131,
                    "support": 512.0
                },
                "weighted avg": {
                    "precision": 0.5549268455178782,
                    "recall": 0.55078125,
                    "f1-score": 0.5518400147306397,
                    "support": 512.0
                }
            }
        },
        {
            "fold": 4,
            "accuracy": 0.51953125,
            "auroc": 0.5171672171441739,
            "n_train_samples": 2050,
            "n_test_samples": 512,
            "classification_report": {
                "0": {
                    "precision": 0.5612648221343873,
                    "recall": 0.5126353790613718,
                    "f1-score": 0.5358490566037736,
                    "support": 277.0
                },
                "1": {
                    "precision": 0.47876447876447875,
                    "recall": 0.5276595744680851,
                    "f1-score": 0.5020242914979757,
                    "support": 235.0
                },
                "accuracy": 0.51953125,
                "macro avg": {
                    "precision": 0.5200146504494331,
                    "recall": 0.5201474767647285,
                    "f1-score": 0.5189366740508746,
                    "support": 512.0
                },
                "weighted avg": {
                    "precision": 0.5233984535954644,
                    "recall": 0.51953125,
                    "f1-score": 0.5203240179321671,
                    "support": 512.0
                }
            }
        },
        {
            "fold": 5,
            "accuracy": 0.5078125,
            "auroc": 0.49437636394158135,
            "n_train_samples": 2050,
            "n_test_samples": 512,
            "classification_report": {
                "0": {
                    "precision": 0.5019762845849802,
                    "recall": 0.5019762845849802,
                    "f1-score": 0.5019762845849802,
                    "support": 253.0
                },
                "1": {
                    "precision": 0.5135135135135135,
                    "recall": 0.5135135135135135,
                    "f1-score": 0.5135135135135135,
                    "support": 259.0
                },
                "accuracy": 0.5078125,
                "macro avg": {
                    "precision": 0.5077448990492468,
                    "recall": 0.5077448990492468,
                    "f1-score": 0.5077448990492468,
                    "support": 512.0
                },
                "weighted avg": {
                    "precision": 0.5078125,
                    "recall": 0.5078125,
                    "f1-score": 0.5078125,
                    "support": 512.0
                }
            }
        }
    ],
    "n_classes": 2
}