{
    "subject_id": 2,
    "trial_id": 5,
    "eval_name": "word_part_speech",
    "k_folds": 5,
    "mean_accuracy": 0.30232268487154096,
    "std_accuracy": 0.016683859414475786,
    "fold_results": [
        {
            "fold": 1,
            "accuracy": 0.31129032258064515,
            "auroc": 0.5609868284884083,
            "n_train_samples": 2476,
            "n_test_samples": 620,
            "classification_report": {
                "0": {
                    "precision": 0.36,
                    "recall": 0.36627906976744184,
                    "f1-score": 0.3631123919308357,
                    "support": 172.0
                },
                "1": {
                    "precision": 0.2679738562091503,
                    "recall": 0.2645161290322581,
                    "f1-score": 0.2662337662337662,
                    "support": 155.0
                },
                "2": {
                    "precision": 0.3108108108108108,
                    "recall": 0.3382352941176471,
                    "f1-score": 0.323943661971831,
                    "support": 136.0
                },
                "3": {
                    "precision": 0.2986111111111111,
                    "recall": 0.27388535031847133,
                    "f1-score": 0.2857142857142857,
                    "support": 157.0
                },
                "accuracy": 0.31129032258064515,
                "macro avg": {
                    "precision": 0.30934894453276807,
                    "recall": 0.31072896080895457,
                    "f1-score": 0.30975102646267966,
                    "support": 620.0
                },
                "weighted avg": {
                    "precision": 0.3106583264953758,
                    "recall": 0.31129032258064515,
                    "f1-score": 0.3107016871994345,
                    "support": 620.0
                }
            },
            "auroc_per_class": {
                "class_0": 0.6104456499169435,
                "class_1": 0.5282344779743322,
                "class_2": 0.5854779411764706,
                "class_3": 0.5197892448858868
            }
        },
        {
            "fold": 2,
            "accuracy": 0.2988691437802908,
            "auroc": 0.582084341549329,
            "n_train_samples": 2477,
            "n_test_samples": 619,
            "classification_report": {
                "0": {
                    "precision": 0.35714285714285715,
                    "recall": 0.3873239436619718,
                    "f1-score": 0.3716216216216216,
                    "support": 142.0
                },
                "1": {
                    "precision": 0.30057803468208094,
                    "recall": 0.31137724550898205,
                    "f1-score": 0.3058823529411765,
                    "support": 167.0
                },
                "2": {
                    "precision": 0.2857142857142857,
                    "recall": 0.23841059602649006,
                    "f1-score": 0.259927797833935,
                    "support": 151.0
                },
                "3": {
                    "precision": 0.25301204819277107,
                    "recall": 0.2641509433962264,
                    "f1-score": 0.25846153846153846,
                    "support": 159.0
                },
                "accuracy": 0.2988691437802908,
                "macro avg": {
                    "precision": 0.29911180643299873,
                    "recall": 0.3003156821484176,
                    "f1-score": 0.2989733277145679,
                    "support": 619.0
                },
                "weighted avg": {
                    "precision": 0.2977101620544442,
                    "recall": 0.2988691437802908,
                    "f1-score": 0.2975720602580865,
                    "support": 619.0
                }
            },
            "auroc_per_class": {
                "class_0": 0.6669397938996663,
                "class_1": 0.5447909490753008,
                "class_2": 0.6025924039169072,
                "class_3": 0.5140142193054417
            }
        },
        {
            "fold": 3,
            "accuracy": 0.28917609046849757,
            "auroc": 0.5437698277376449,
            "n_train_samples": 2477,
            "n_test_samples": 619,
            "classification_report": {
                "0": {
                    "precision": 0.36486486486486486,
                    "recall": 0.3576158940397351,
                    "f1-score": 0.3612040133779264,
                    "support": 151.0
                },
                "1": {
                    "precision": 0.2988505747126437,
                    "recall": 0.30409356725146197,
                    "f1-score": 0.30144927536231886,
                    "support": 171.0
                },
                "2": {
                    "precision": 0.2986111111111111,
                    "recall": 0.2847682119205298,
                    "f1-score": 0.29152542372881357,
                    "support": 151.0
                },
                "3": {
                    "precision": 0.19607843137254902,
                    "recall": 0.2054794520547945,
                    "f1-score": 0.20066889632107024,
                    "support": 146.0
                },
                "accuracy": 0.28917609046849757,
                "macro avg": {
                    "precision": 0.28960124551529215,
                    "recall": 0.2879892813166304,
                    "f1-score": 0.2887119021975323,
                    "support": 619.0
                },
                "weighted avg": {
                    "precision": 0.2906555276714485,
                    "recall": 0.28917609046849757,
                    "f1-score": 0.28983462027940315,
                    "support": 619.0
                }
            },
            "auroc_per_class": {
                "class_0": 0.6292522782589008,
                "class_1": 0.5164995822890559,
                "class_2": 0.5814937454010303,
                "class_3": 0.44783370500159286
            }
        },
        {
            "fold": 4,
            "accuracy": 0.2827140549273021,
            "auroc": 0.5452048609475566,
            "n_train_samples": 2477,
            "n_test_samples": 619,
            "classification_report": {
                "0": {
                    "precision": 0.359375,
                    "recall": 0.3087248322147651,
                    "f1-score": 0.33212996389891697,
                    "support": 149.0
                },
                "1": {
                    "precision": 0.2138728323699422,
                    "recall": 0.2483221476510067,
                    "f1-score": 0.22981366459627328,
                    "support": 149.0
                },
                "2": {
                    "precision": 0.34545454545454546,
                    "recall": 0.32386363636363635,
                    "f1-score": 0.3343108504398827,
                    "support": 176.0
                },
                "3": {
                    "precision": 0.22875816993464052,
                    "recall": 0.2413793103448276,
                    "f1-score": 0.2348993288590604,
                    "support": 145.0
                },
                "accuracy": 0.2827140549273021,
                "macro avg": {
                    "precision": 0.28686513693978205,
                    "recall": 0.2805724816435589,
                    "f1-score": 0.2827884519485333,
                    "support": 619.0
                },
                "weighted avg": {
                    "precision": 0.2897962223968405,
                    "recall": 0.2827140549273021,
                    "f1-score": 0.2853452552629507,
                    "support": 619.0
                }
            },
            "auroc_per_class": {
                "class_0": 0.6303298586320147,
                "class_1": 0.4944023989718692,
                "class_2": 0.5524061153293659,