{
    "subject_id": 3,
    "trial_id": 0,
    "eval_name": "onset",
    "k_folds": 5,
    "mean_accuracy": 0.782550282140446,
    "std_accuracy": 0.051206131111737704,
    "fold_results": [
        {
            "fold": 1,
            "accuracy": 0.8083228247162674,
            "auroc": 0.8974696588046713,
            "n_train_samples": 3171,
            "n_test_samples": 793,
            "classification_report": {
                "0": {
                    "precision": 0.7837209302325582,
                    "recall": 0.851010101010101,
                    "f1-score": 0.8159806295399515,
                    "support": 396.0
                },
                "1": {
                    "precision": 0.837465564738292,
                    "recall": 0.7657430730478589,
                    "f1-score": 0.8,
                    "support": 397.0
                },
                "accuracy": 0.8083228247162674,
                "macro avg": {
                    "precision": 0.8105932474854252,
                    "recall": 0.80837658702898,
                    "f1-score": 0.8079903147699758,
                    "support": 793.0
                },
                "weighted avg": {
                    "precision": 0.8106271343924274,
                    "recall": 0.8083228247162674,
                    "f1-score": 0.8079802387109973,
                    "support": 793.0
                }
            }
        },
        {
            "fold": 2,
            "accuracy": 0.682219419924338,
            "auroc": 0.7918415897005318,
            "n_train_samples": 3171,
            "n_test_samples": 793,
            "classification_report": {
                "0": {
                    "precision": 0.7617328519855595,
                    "recall": 0.5314861460957179,
                    "f1-score": 0.6261127596439169,
                    "support": 397.0
                },
                "1": {
                    "precision": 0.6395348837209303,
                    "recall": 0.8333333333333334,
                    "f1-score": 0.7236842105263158,
                    "support": 396.0
                },
                "accuracy": 0.682219419924338,
                "macro avg": {
                    "precision": 0.7006338678532449,
                    "recall": 0.6824097397145257,
                    "f1-score": 0.6748984850851163,
                    "support": 793.0
                },
                "weighted avg": {
                    "precision": 0.700710915752529,
                    "recall": 0.682219419924338,
                    "f1-score": 0.6748369646242826,
                    "support": 793.0
                }
            }
        },
        {
            "fold": 3,
            "accuracy": 0.7894073139974779,
            "auroc": 0.8768859883469455,
            "n_train_samples": 3171,
            "n_test_samples": 793,
            "classification_report": {
                "0": {
                    "precision": 0.7841191066997518,
                    "recall": 0.797979797979798,
                    "f1-score": 0.7909887359198998,
                    "support": 396.0
                },
                "1": {
                    "precision": 0.7948717948717948,
                    "recall": 0.7808564231738035,
                    "f1-score": 0.7878017789072427,
                    "support": 397.0
                },
                "accuracy": 0.7894073139974779,
                "macro avg": {
                    "precision": 0.7894954507857733,
                    "recall": 0.7894181105768008,
                    "f1-score": 0.7893952574135712,
                    "support": 793.0
                },
                "weighted avg": {
                    "precision": 0.789502230538719,
                    "recall": 0.7894073139974779,
                    "f1-score": 0.7893932479829202,
                    "support": 793.0
                }
            }
        },
        {
            "fold": 4,
            "accuracy": 0.8209331651954602,
            "auroc": 0.9007613922601329,
            "n_train_samples": 3171,
            "n_test_samples": 793,
            "classification_report": {
                "0": {
                    "precision": 0.7944572748267898,
                    "recall": 0.8664987405541562,
                    "f1-score": 0.8289156626506025,
                    "support": 397.0
                },
                "1": {
                    "precision": 0.8527777777777777,
                    "recall": 0.7752525252525253,
                    "f1-score": 0.8121693121693122,
                    "support": 396.0
                },
                "accuracy": 0.8209331651954602,
                "macro avg": {
                    "precision": 0.8236175263022838,
                    "recall": 0.8208756329033408,
                    "f1-score": 0.8205424874099574,
                    "support": 793.0
                },
                "weighted avg": {
                    "precision": 0.8235807542323272,
                    "recall": 0.8209331651954602,
                    "f1-score": 0.820553046269025,
                    "support": 793.0
                }
            }
        },
        {
            "fold": 5,
            "accuracy": 0.8118686868686869,
            "auroc": 0.9112973166003469,
            "n_train_samples": 3172,
            "n_test_samples": 792,
            "classification_report": {
                "0": {
                    "precision": 0.8191214470284238,
                    "recall": 0.8005050505050505,
                    "f1-score": 0.80970625798212,
                    "support": 396.0
                },
                "1": {
                    "precision": 0.8049382716049382,
                    "recall": 0.8232323232323232,
                    "f1-score": 0.8139825218476904,
                    "support": 396.0
                },
                "accuracy": 0.8118686868686869,
                "macro avg": {
                    "precision": 0.812029859316681,
                    "recall": 0.8118686868686869,
                    "f1-score": 0.8118443899149053,
                    "support": 792.0
                },
                "weighted avg": {
                    "precision": 0.8120298593166811,
                    "recall": 0.8118686868686869,
                    "f1-score": 0.8118443899149052,
                    "support": 792.0
                }
            }
        }
    ],
    "n_classes": 2
}