{
    "subject_id": 10,
    "trial_id": 1,
    "eval_name": "delta_pitch",
    "k_folds": 5,
    "mean_accuracy": 0.4877286764098753,
    "std_accuracy": 0.01047687141984354,
    "fold_results": [
        {
            "fold": 1,
            "accuracy": 0.49227974568574023,
            "auroc": 0.49702659890436285,
            "n_train_samples": 4400,
            "n_test_samples": 1101,
            "classification_report": {
                "0": {
                    "precision": 0.4972972972972973,
                    "recall": 0.49640287769784175,
                    "f1-score": 0.49684968496849685,
                    "support": 556.0
                },
                "1": {
                    "precision": 0.48717948717948717,
                    "recall": 0.48807339449541287,
                    "f1-score": 0.48762603116406966,
                    "support": 545.0
                },
                "accuracy": 0.49227974568574023,
                "macro avg": {
                    "precision": 0.4922383922383923,
                    "recall": 0.4922381360966273,
                    "f1-score": 0.4922378580662833,
                    "support": 1101.0
                },
                "weighted avg": {
                    "precision": 0.49228893534070656,
                    "recall": 0.49227974568574023,
                    "f1-score": 0.4922839344476859,
                    "support": 1101.0
                }
            }
        },
        {
            "fold": 2,
            "accuracy": 0.4809090909090909,
            "auroc": 0.48700335183688614,
            "n_train_samples": 4401,
            "n_test_samples": 1100,
            "classification_report": {
                "0": {
                    "precision": 0.4603174603174603,
                    "recall": 0.49619771863117873,
                    "f1-score": 0.4775846294602013,
                    "support": 526.0
                },
                "1": {
                    "precision": 0.5028142589118199,
                    "recall": 0.46689895470383275,
                    "f1-score": 0.48419150858175247,
                    "support": 574.0
                },
                "accuracy": 0.4809090909090909,
                "macro avg": {
                    "precision": 0.48156585961464005,
                    "recall": 0.48154833666750574,
                    "f1-score": 0.4808880690209769,
                    "support": 1100.0
                },
                "weighted avg": {
                    "precision": 0.4824930624930625,
                    "recall": 0.4809090909090909,
                    "f1-score": 0.48103221911090166,
                    "support": 1100.0
                }
            }
        },
        {
            "fold": 3,
            "accuracy": 0.48727272727272725,
            "auroc": 0.4954770848985725,
            "n_train_samples": 4401,
            "n_test_samples": 1100,
            "classification_report": {
                "0": {
                    "precision": 0.5378927911275416,
                    "recall": 0.4809917355371901,
                    "f1-score": 0.5078534031413613,
                    "support": 605.0
                },
                "1": {
                    "precision": 0.43828264758497315,
                    "recall": 0.494949494949495,
                    "f1-score": 0.4648956356736243,
                    "support": 495.0
                },
                "accuracy": 0.48727272727272725,
                "macro avg": {
                    "precision": 0.4880877193562574,
                    "recall": 0.4879706152433425,
                    "f1-score": 0.48637451940749277,
                    "support": 1100.0
                },
                "weighted avg": {
                    "precision": 0.4930682265333858,
                    "recall": 0.48727272727272725,
                    "f1-score": 0.48852240778087963,
                    "support": 1100.0
                }
            }
        },
        {
            "fold": 4,
            "accuracy": 0.5045454545454545,
            "auroc": 0.5165243296921549,
            "n_train_samples": 4401,
            "n_test_samples": 1100,
            "classification_report": {
                "0": {
                    "precision": 0.4865831842576029,
                    "recall": 0.5132075471698113,
                    "f1-score": 0.4995408631772268,
                    "support": 530.0
                },
                "1": {
                    "precision": 0.5231053604436229,
                    "recall": 0.4964912280701754,
                    "f1-score": 0.5094509450945095,
                    "support": 570.0
                },
                "accuracy": 0.5045454545454545,
                "macro avg": {
                    "precision": 0.5048442723506129,
                    "recall": 0.5048493876199933,
                    "f1-score": 0.5044959041358681,
                    "support": 1100.0
                },
                "weighted avg": {
                    "precision": 0.5055083119176313,
                    "recall": 0.5045454545454545,
                    "f1-score": 0.5046760874434552,
                    "support": 1100.0
                }
            }
        },
        {
            "fold": 5,
            "accuracy": 0.47363636363636363,
            "auroc": 0.4838673389711624,
            "n_train_samples": 4401,
            "n_test_samples": 1100,
            "classification_report": {
                "0": {
                    "precision": 0.45960502692998206,
                    "recall": 0.4794007490636704,
                    "f1-score": 0.4692942254812099,
                    "support": 534.0
                },
                "1": {
                    "precision": 0.4880294659300184,
                    "recall": 0.46819787985865724,
                    "f1-score": 0.47790802524797116,
                    "support": 566.0
                },
                "accuracy": 0.47363636363636363,
                "macro avg": {
                    "precision": 0.4738172464300002,
                    "recall": 0.47379931446116386,
                    "f1-score": 0.47360112536459054,
                    "support": 1100.0
                },
                "weighted avg": {
                    "precision": 0.47423069281545527,
                    "recall": 0.47363636363636363,
                    "f1-score": 0.47372641699756163,
                    "support": 1100.0
                }
            }
        }
    ],
    "n_classes": 2
}