{
    "subject_id": 1,
    "trial_id": 2,
    "eval_name": "word_length",
    "k_folds": 5,
    "mean_accuracy": 0.5055902796410787,
    "std_accuracy": 0.012692524762976727,
    "fold_results": [
        {
            "fold": 1,
            "accuracy": 0.5083135391923991,
            "auroc": 0.5157570925294473,
            "n_train_samples": 3365,
            "n_test_samples": 842,
            "classification_report": {
                "0": {
                    "precision": 0.48448687350835323,
                    "recall": 0.5062344139650873,
                    "f1-score": 0.4951219512195122,
                    "support": 401.0
                },
                "1": {
                    "precision": 0.5319148936170213,
                    "recall": 0.5102040816326531,
                    "f1-score": 0.5208333333333334,
                    "support": 441.0
                },
                "accuracy": 0.5083135391923991,
                "macro avg": {
                    "precision": 0.5082008835626872,
                    "recall": 0.5082192477988702,
                    "f1-score": 0.5079776422764228,
                    "support": 842.0
                },
                "weighted avg": {
                    "precision": 0.5093274398598052,
                    "recall": 0.5083135391923991,
                    "f1-score": 0.5085883639418343,
                    "support": 842.0
                }
            }
        },
        {
            "fold": 2,
            "accuracy": 0.4845605700712589,
            "auroc": 0.49224005598446885,
            "n_train_samples": 3365,
            "n_test_samples": 842,
            "classification_report": {
                "0": {
                    "precision": 0.47737556561085975,
                    "recall": 0.5096618357487923,
                    "f1-score": 0.4929906542056075,
                    "support": 414.0
                },
                "1": {
                    "precision": 0.4925,
                    "recall": 0.4602803738317757,
                    "f1-score": 0.4758454106280193,
                    "support": 428.0
                },
                "accuracy": 0.4845605700712589,
                "macro avg": {
                    "precision": 0.4849377828054299,
                    "recall": 0.48497110479028405,
                    "f1-score": 0.4844180324168134,
                    "support": 842.0
                },
                "weighted avg": {
                    "precision": 0.4850635203834869,
                    "recall": 0.4845605700712589,
                    "f1-score": 0.4842754947623679,
                    "support": 842.0
                }
            }
        },
        {
            "fold": 3,
            "accuracy": 0.5208085612366231,
            "auroc": 0.5236889794993771,
            "n_train_samples": 3366,
            "n_test_samples": 841,
            "classification_report": {
                "0": {
                    "precision": 0.5024630541871922,
                    "recall": 0.5037037037037037,
                    "f1-score": 0.5030826140567201,
                    "support": 405.0
                },
                "1": {
                    "precision": 0.5379310344827586,
                    "recall": 0.536697247706422,
                    "f1-score": 0.5373134328358209,
                    "support": 436.0
                },
                "accuracy": 0.5208085612366231,
                "macro avg": {
                    "precision": 0.5201970443349754,
                    "recall": 0.5202004757050629,
                    "f1-score": 0.5201980234462704,
                    "support": 841.0
                },
                "weighted avg": {
                    "precision": 0.520850734816047,
                    "recall": 0.5208085612366231,
                    "f1-score": 0.5208289124963015,
                    "support": 841.0
                }
            }
        },
        {
            "fold": 4,
            "accuracy": 0.5148632580261593,
            "auroc": 0.5057639990931762,
            "n_train_samples": 3366,
            "n_test_samples": 841,
            "classification_report": {
                "0": {
                    "precision": 0.536697247706422,
                    "recall": 0.5318181818181819,
                    "f1-score": 0.5342465753424658,
                    "support": 440.0
                },
                "1": {
                    "precision": 0.49135802469135803,
                    "recall": 0.49625935162094764,
                    "f1-score": 0.49379652605459057,
                    "support": 401.0
                },
                "accuracy": 0.5148632580261593,
                "macro avg": {
                    "precision": 0.51402763619889,
                    "recall": 0.5140387667195647,
                    "f1-score": 0.5140215506985282,
                    "support": 841.0
                },
                "weighted avg": {
                    "precision": 0.5150789023686805,
                    "recall": 0.5148632580261593,
                    "f1-score": 0.5149594531493171,
                    "support": 841.0
                }
            }
        },
        {
            "fold": 5,
            "accuracy": 0.4994054696789536,
            "auroc": 0.5094231511108085,
            "n_train_samples": 3366,
            "n_test_samples": 841,
            "classification_report": {
                "0": {
                    "precision": 0.5273159144893111,
                    "recall": 0.5,
                    "f1-score": 0.5132947976878612,
                    "support": 444.0
                },
                "1": {
                    "precision": 0.4714285714285714,
                    "recall": 0.4987405541561713,
                    "f1-score": 0.4847001223990208,
                    "support": 397.0
                },
                "accuracy": 0.4994054696789536,
                "macro avg": {
                    "precision": 0.4993722429589413,
                    "recall": 0.4993702770780857,
                    "f1-score": 0.49899746004344103,
                    "support": 841.0
                },
                "weighted avg": {
                    "precision": 0.5009338987995208,
                    "recall": 0.4994054696789536,
                    "f1-score": 0.49979647891298645,
                    "support": 841.0
                }
            }
        }
    ],
    "n_classes": 2
}