{
    "subject_id": 2,
    "trial_id": 4,
    "eval_name": "delta_volume",
    "k_folds": 5,
    "mean_accuracy": 0.5491070859923319,
    "std_accuracy": 0.020584669761490773,
    "fold_results": [
        {
            "fold": 1,
            "accuracy": 0.5359394703656999,
            "auroc": 0.554744804400978,
            "n_train_samples": 3168,
            "n_test_samples": 793,
            "classification_report": {
                "0": {
                    "precision": 0.5526992287917738,
                    "recall": 0.5256723716381418,
                    "f1-score": 0.5388471177944862,
                    "support": 409.0
                },
                "1": {
                    "precision": 0.5198019801980198,
                    "recall": 0.546875,
                    "f1-score": 0.5329949238578681,
                    "support": 384.0
                },
                "accuracy": 0.5359394703656999,
                "macro avg": {
                    "precision": 0.5362506044948968,
                    "recall": 0.5362736858190709,
                    "f1-score": 0.5359210208261771,
                    "support": 793.0
                },
                "weighted avg": {
                    "precision": 0.5367691613768916,
                    "recall": 0.5359394703656999,
                    "f1-score": 0.5360132685237909,
                    "support": 793.0
                }
            }
        },
        {
            "fold": 2,
            "accuracy": 0.5429292929292929,
            "auroc": 0.5690780232409653,
            "n_train_samples": 3169,
            "n_test_samples": 792,
            "classification_report": {
                "0": {
                    "precision": 0.5225225225225225,
                    "recall": 0.6073298429319371,
                    "f1-score": 0.5617433414043583,
                    "support": 382.0
                },
                "1": {
                    "precision": 0.5689655172413793,
                    "recall": 0.48292682926829267,
                    "f1-score": 0.5224274406332454,
                    "support": 410.0
                },
                "accuracy": 0.5429292929292929,
                "macro avg": {
                    "precision": 0.545744019881951,
                    "recall": 0.5451283361001149,
                    "f1-score": 0.5420853910188019,
                    "support": 792.0
                },
                "weighted avg": {
                    "precision": 0.5465649819098095,
                    "recall": 0.5429292929292929,
                    "f1-score": 0.541390412974868,
                    "support": 792.0
                }
            }
        },
        {
            "fold": 3,
            "accuracy": 0.5681818181818182,
            "auroc": 0.586097521982414,
            "n_train_samples": 3169,
            "n_test_samples": 792,
            "classification_report": {
                "0": {
                    "precision": 0.5870069605568445,
                    "recall": 0.6067146282973621,
                    "f1-score": 0.5966981132075472,
                    "support": 417.0
                },
                "1": {
                    "precision": 0.5457063711911357,
                    "recall": 0.5253333333333333,
                    "f1-score": 0.5353260869565217,
                    "support": 375.0
                },
                "accuracy": 0.5681818181818182,
                "macro avg": {
                    "precision": 0.5663566658739901,
                    "recall": 0.5660239808153478,
                    "f1-score": 0.5660121000820344,
                    "support": 792.0
                },
                "weighted avg": {
                    "precision": 0.567451757258687,
                    "recall": 0.5681818181818182,
                    "f1-score": 0.5676393886568722,
                    "support": 792.0
                }
            }
        },
        {
            "fold": 4,
            "accuracy": 0.5214646464646465,
            "auroc": 0.5318087901436115,
            "n_train_samples": 3169,
            "n_test_samples": 792,
            "classification_report": {
                "0": {
                    "precision": 0.5294117647058824,
                    "recall": 0.4296482412060301,
                    "f1-score": 0.47434119278779474,
                    "support": 398.0
                },
                "1": {
                    "precision": 0.5159914712153518,
                    "recall": 0.6142131979695431,
                    "f1-score": 0.5608342989571263,
                    "support": 394.0
                },
                "accuracy": 0.5214646464646465,
                "macro avg": {
                    "precision": 0.5227016179606171,
                    "recall": 0.5219307195877866,
                    "f1-score": 0.5175877458724605,
                    "support": 792.0
                },
                "weighted avg": {
                    "precision": 0.5227355075906437,
                    "recall": 0.5214646464646465,
                    "f1-score": 0.5173693289376895,
                    "support": 792.0
                }
            }
        },
        {
            "fold": 5,
            "accuracy": 0.577020202020202,
            "auroc": 0.5947242206235013,
            "n_train_samples": 3169,
            "n_test_samples": 792,
            "classification_report": {
                "0": {
                    "precision": 0.5444444444444444,
                    "recall": 0.6533333333333333,
                    "f1-score": 0.593939393939394,
                    "support": 375.0
                },
                "1": {
                    "precision": 0.6198830409356725,
                    "recall": 0.5083932853717026,
                    "f1-score": 0.5586297760210803,
                    "support": 417.0
                },
                "accuracy": 0.577020202020202,
                "macro avg": {
                    "precision": 0.5821637426900584,
                    "recall": 0.580863309352518,
                    "f1-score": 0.5762845849802372,
                    "support": 792.0
                },
                "weighted avg": {
                    "precision": 0.5841640085061137,
                    "recall": 0.577020202020202,
                    "f1-score": 0.5753483451111909,
                    "support": 792.0
                }
            }
        }
    ],
    "n_classes": 2
}