{
    "subject_id": 1,
    "trial_id": 1,
    "eval_name": "local_flow_angle",
    "k_folds": 5,
    "mean_accuracy": 0.24871641194685848,
    "std_accuracy": 0.039146177523425967,
    "fold_results": [
        {
            "fold": 1,
            "accuracy": 0.2112676056338028,
            "auroc": 0.5220372781261992,
            "n_train_samples": 566,
            "n_test_samples": 142,
            "classification_report": {
                "0": {
                    "precision": 0.21568627450980393,
                    "recall": 0.3142857142857143,
                    "f1-score": 0.2558139534883721,
                    "support": 35.0
                },
                "1": {
                    "precision": 0.2916666666666667,
                    "recall": 0.16279069767441862,
                    "f1-score": 0.208955223880597,
                    "support": 43.0
                },
                "2": {
                    "precision": 0.16666666666666666,
                    "recall": 0.1111111111111111,
                    "f1-score": 0.13333333333333333,
                    "support": 36.0
                },
                "3": {
                    "precision": 0.18604651162790697,
                    "recall": 0.2857142857142857,
                    "f1-score": 0.22535211267605634,
                    "support": 28.0
                },
                "accuracy": 0.2112676056338028,
                "macro avg": {
                    "precision": 0.21501652986776104,
                    "recall": 0.21847545219638242,
                    "f1-score": 0.2058636558445897,
                    "support": 142.0
                },
                "weighted avg": {
                    "precision": 0.22042245493021975,
                    "recall": 0.2112676056338028,
                    "f1-score": 0.2045663531963963,
                    "support": 142.0
                }
            },
            "auroc_per_class": {
                "class_0": 0.5132176234979973,
                "class_1": 0.5045806906272022,
                "class_2": 0.49109014675052415,
                "class_3": 0.5792606516290727
            }
        },
        {
            "fold": 2,
            "accuracy": 0.22535211267605634,
            "auroc": 0.5335060169804724,
            "n_train_samples": 566,
            "n_test_samples": 142,
            "classification_report": {
                "0": {
                    "precision": 0.28125,
                    "recall": 0.2571428571428571,
                    "f1-score": 0.26865671641791045,
                    "support": 35.0
                },
                "1": {
                    "precision": 0.14285714285714285,
                    "recall": 0.3,
                    "f1-score": 0.1935483870967742,
                    "support": 20.0
                },
                "2": {
                    "precision": 0.2972972972972973,
                    "recall": 0.2558139534883721,
                    "f1-score": 0.275,
                    "support": 43.0
                },
                "3": {
                    "precision": 0.1935483870967742,
                    "recall": 0.13636363636363635,
                    "f1-score": 0.16,
                    "support": 44.0
                },
                "accuracy": 0.22535211267605634,
                "macro avg": {
                    "precision": 0.2287382068128036,
                    "recall": 0.2373301117487164,
                    "f1-score": 0.22430127587867119,
                    "support": 142.0
                },
                "weighted avg": {
                    "precision": 0.23944229347313176,
                    "recall": 0.22535211267605634,
                    "f1-score": 0.22633065363776303,
                    "support": 142.0
                }
            },
            "auroc_per_class": {
                "class_0": 0.5599465954606142,
                "class_1": 0.4799180327868852,
                "class_2": 0.5821000704721635,
                "class_3": 0.5120593692022264
            }
        },
        {
            "fold": 3,
            "accuracy": 0.21830985915492956,
            "auroc": 0.5182609727058369,
            "n_train_samples": 566,
            "n_test_samples": 142,
            "classification_report": {
                "0": {
                    "precision": 0.30303030303030304,
                    "recall": 0.2564102564102564,
                    "f1-score": 0.2777777777777778,
                    "support": 39.0
                },
                "1": {
                    "precision": 0.3,
                    "recall": 0.15789473684210525,
                    "f1-score": 0.20689655172413793,
                    "support": 38.0
                },
                "2": {
                    "precision": 0.2127659574468085,
                    "recall": 0.38461538461538464,
                    "f1-score": 0.273972602739726,
                    "support": 26.0
                },
                "3": {
                    "precision": 0.11904761904761904,
                    "recall": 0.1282051282051282,
                    "f1-score": 0.12345679012345678,
                    "support": 39.0
                },
                "accuracy": 0.21830985915492956,
                "macro avg": {
                    "precision": 0.23371096988118265,
                    "recall": 0.23178137651821862,
                    "f1-score": 0.22052593059127462,
                    "support": 142.0
                },
                "weighted avg": {
                    "precision": 0.23516164686377455,
                    "recall": 0.21830985915492956,
                    "f1-score": 0.21572890693590327,
                    "support": 142.0
                }
            },
            "auroc_per_class": {
                "class_0": 0.6041822255414488,
                "class_1": 0.5675607287449392,
                "class_2": 0.49403183023872677,
                "class_3": 0.40726910629823254
            }
        },
        {
            "fold": 4,
            "accuracy": 0.3120567375886525,
            "auroc": 0.5335420545358596,
            "n_train_samples": 567,
            "n_test_samples": 141,
            "classification_report": {
                "0": {
                    "precision": 0.2682926829268293,
                    "recall": 0.3793103448275862,
                    "f1-score": 0.3142857142857143,
                    "support": 29.0
                },
                "1": {
                    "precision": 0.4,
                    "recall": 0.24390243902439024,
                    "f1-score": 0.30303030303030304,
                    "support": 41.0
                },
                "2": {
                    "precision": 0.3333333333333333,
                    "recall": 0.38235294117647056,
                    "f1-score": 0.3561643835616438,
                    "support": 34.0
                },
                "3": {
                    "precision": 0.2777777777777778,
                    "recall": 0.2702702702702703,
                    "f1-score": 0.273972602739726,
                    "support": 37.0
                },
                "accuracy": 0.3120567375886525,
                "macro avg": {
                    "precision": 0.31985094850948514,
                    "recall": 0.31895899882467926,
                    "f1-score": 0.31186325090434674,
                    "support": 141.0
                },
                "weighted avg": {
                    "precision": 0.3247631128793558,
                    "recall": 0.3120567375886525,
                    "f1-score": 0.31053264880137504,
                    "support": 141.0
                }
            },
            "auroc_per_class": {
                "class_0": 0.4919950738916256,
                "class_1": 0.5463414634146342,
                "class_2": 0.5893347993402969,