{
    "subject_id": 4,
    "trial_id": 1,
    "eval_name": "volume",
    "k_folds": 5,
    "mean_accuracy": 0.5032677167648585,
    "std_accuracy": 0.020913712745797678,
    "fold_results": [
        {
            "fold": 1,
            "accuracy": 0.47165259348612787,
            "auroc": 0.5338582548403977,
            "n_train_samples": 3312,
            "n_test_samples": 829,
            "classification_report": {
                "0": {
                    "precision": 0.24375,
                    "recall": 0.609375,
                    "f1-score": 0.3482142857142857,
                    "support": 192.0
                },
                "1": {
                    "precision": 0.7851002865329513,
                    "recall": 0.4301412872841444,
                    "f1-score": 0.5557809330628803,
                    "support": 637.0
                },
                "accuracy": 0.47165259348612787,
                "macro avg": {
                    "precision": 0.5144251432664756,
                    "recall": 0.5197581436420722,
                    "f1-score": 0.451997609388583,
                    "support": 829.0
                },
                "weighted avg": {
                    "precision": 0.659721209314222,
                    "recall": 0.47165259348612787,
                    "f1-score": 0.507707596161879,
                    "support": 829.0
                }
            }
        },
        {
            "fold": 2,
            "accuracy": 0.4855072463768116,
            "auroc": 0.5160087552735333,
            "n_train_samples": 3313,
            "n_test_samples": 828,
            "classification_report": {
                "0": {
                    "precision": 0.7227138643067846,
                    "recall": 0.4246100519930676,
                    "f1-score": 0.5349344978165939,
                    "support": 577.0
                },
                "1": {
                    "precision": 0.3210633946830266,
                    "recall": 0.6254980079681275,
                    "f1-score": 0.4243243243243243,
                    "support": 251.0
                },
                "accuracy": 0.4855072463768116,
                "macro avg": {
                    "precision": 0.5218886294949057,
                    "recall": 0.5250540299805976,
                    "f1-score": 0.4796294110704591,
                    "support": 828.0
                },
                "weighted avg": {
                    "precision": 0.60095750213823,
                    "recall": 0.4855072463768116,
                    "f1-score": 0.501404119137174,
                    "support": 828.0
                }
            }
        },
        {
            "fold": 3,
            "accuracy": 0.5144927536231884,
            "auroc": 0.5454118625936052,
            "n_train_samples": 3313,
            "n_test_samples": 828,
            "classification_report": {
                "0": {
                    "precision": 0.6156462585034014,
                    "recall": 0.3851063829787234,
                    "f1-score": 0.4738219895287958,
                    "support": 470.0
                },
                "1": {
                    "precision": 0.45880149812734083,
                    "recall": 0.6843575418994413,
                    "f1-score": 0.5493273542600897,
                    "support": 358.0
                },
                "accuracy": 0.5144927536231884,
                "macro avg": {
                    "precision": 0.5372238783153711,
                    "recall": 0.5347319624390824,
                    "f1-score": 0.5115746718944427,
                    "support": 828.0
                },
                "weighted avg": {
                    "precision": 0.5478317365050565,
                    "recall": 0.5144927536231884,
                    "f1-score": 0.5064680288691379,
                    "support": 828.0
                }
            }
        },
        {
            "fold": 4,
            "accuracy": 0.5253623188405797,
            "auroc": 0.5352608239001051,
            "n_train_samples": 3313,
            "n_test_samples": 828,
            "classification_report": {
                "0": {
                    "precision": 0.5292740046838408,
                    "recall": 0.5406698564593302,
                    "f1-score": 0.5349112426035503,
                    "support": 418.0
                },
                "1": {
                    "precision": 0.5211970074812967,
                    "recall": 0.5097560975609756,
                    "f1-score": 0.5154130702836005,
                    "support": 410.0
                },
                "accuracy": 0.5253623188405797,
                "macro avg": {
                    "precision": 0.5252355060825687,
                    "recall": 0.5252129770101529,
                    "f1-score": 0.5251621564435753,
                    "support": 828.0
                },
                "weighted avg": {
                    "precision": 0.525274525392726,
                    "recall": 0.5253623188405797,
                    "f1-score": 0.5252563505127539,
                    "support": 828.0
                }
            }
        },
        {
            "fold": 5,
            "accuracy": 0.5193236714975845,
            "auroc": 0.5359634997316156,
            "n_train_samples": 3313,
            "n_test_samples": 828,
            "classification_report": {
                "0": {
                    "precision": 0.5144404332129964,
                    "recall": 0.6884057971014492,
                    "f1-score": 0.5888429752066116,
                    "support": 414.0
                },
                "1": {
                    "precision": 0.5291970802919708,
                    "recall": 0.3502415458937198,
                    "f1-score": 0.42151162790697677,
                    "support": 414.0
                },
                "accuracy": 0.5193236714975845,
                "macro avg": {
                    "precision": 0.5218187567524836,
                    "recall": 0.5193236714975845,
                    "f1-score": 0.5051773015567942,
                    "support": 828.0
                },
                "weighted avg": {
                    "precision": 0.5218187567524836,
                    "recall": 0.5193236714975845,
                    "f1-score": 0.5051773015567941,
                    "support": 828.0
                }
            }
        }
    ],
    "n_classes": 2
}