{
    "subject_id": 3,
    "trial_id": 1,
    "eval_name": "word_head_pos",
    "k_folds": 5,
    "mean_accuracy": 0.5688062634284315,
    "std_accuracy": 0.011367812406647533,
    "fold_results": [
        {
            "fold": 1,
            "accuracy": 0.5665914221218962,
            "auroc": 0.6001251834585167,
            "n_train_samples": 5313,
            "n_test_samples": 1329,
            "classification_report": {
                "0": {
                    "precision": 0.5364806866952789,
                    "recall": 0.5980861244019139,
                    "f1-score": 0.5656108597285068,
                    "support": 627.0
                },
                "1": {
                    "precision": 0.6,
                    "recall": 0.5384615384615384,
                    "f1-score": 0.5675675675675675,
                    "support": 702.0
                },
                "accuracy": 0.5665914221218962,
                "macro avg": {
                    "precision": 0.5682403433476395,
                    "recall": 0.5682738314317262,
                    "f1-score": 0.5665892136480372,
                    "support": 1329.0
                },
                "weighted avg": {
                    "precision": 0.5700326490277953,
                    "recall": 0.5665914221218962,
                    "f1-score": 0.5666444254945118,
                    "support": 1329.0
                }
            }
        },
        {
            "fold": 2,
            "accuracy": 0.5598194130925508,
            "auroc": 0.579747999673786,
            "n_train_samples": 5313,
            "n_test_samples": 1329,
            "classification_report": {
                "0": {
                    "precision": 0.566813509544787,
                    "recall": 0.5710059171597633,
                    "f1-score": 0.5689019896831246,
                    "support": 676.0
                },
                "1": {
                    "precision": 0.5524691358024691,
                    "recall": 0.5482388973966309,
                    "f1-score": 0.5503458877786318,
                    "support": 653.0
                },
                "accuracy": 0.5598194130925508,
                "macro avg": {
                    "precision": 0.5596413226736281,
                    "recall": 0.5596224072781971,
                    "f1-score": 0.5596239387308781,
                    "support": 1329.0
                },
                "weighted avg": {
                    "precision": 0.5597654462989379,
                    "recall": 0.5598194130925508,
                    "f1-score": 0.5597845069565378,
                    "support": 1329.0
                }
            }
        },
        {
            "fold": 3,
            "accuracy": 0.5760542168674698,
            "auroc": 0.6113083343397036,
            "n_train_samples": 5314,
            "n_test_samples": 1328,
            "classification_report": {
                "0": {
                    "precision": 0.6086309523809523,
                    "recall": 0.5768688293370945,
                    "f1-score": 0.5923244026068066,
                    "support": 709.0
                },
                "1": {
                    "precision": 0.5426829268292683,
                    "recall": 0.5751211631663974,
                    "f1-score": 0.5584313725490196,
                    "support": 619.0
                },
                "accuracy": 0.5760542168674698,
                "macro avg": {
                    "precision": 0.5756569396051103,
                    "recall": 0.5759949962517459,
                    "f1-score": 0.5753778875779132,
                    "support": 1328.0
                },
                "weighted avg": {
                    "precision": 0.5778916242058828,
                    "recall": 0.5760542168674698,
                    "f1-score": 0.5765263712771604,
                    "support": 1328.0
                }
            }
        },
        {
            "fold": 4,
            "accuracy": 0.5865963855421686,
            "auroc": 0.6348579707380435,
            "n_train_samples": 5314,
            "n_test_samples": 1328,
            "classification_report": {
                "0": {
                    "precision": 0.5688622754491018,
                    "recall": 0.592823712948518,
                    "f1-score": 0.5805958747135218,
                    "support": 641.0
                },
                "1": {
                    "precision": 0.6045454545454545,
                    "recall": 0.5807860262008734,
                    "f1-score": 0.5924276169265034,
                    "support": 687.0
                },
                "accuracy": 0.5865963855421686,
                "macro avg": {
                    "precision": 0.5867038649972782,
                    "recall": 0.5868048695746957,
                    "f1-score": 0.5865117458200126,
                    "support": 1328.0
                },
                "weighted avg": {
                    "precision": 0.5873218718641577,
                    "recall": 0.5865963855421686,
                    "f1-score": 0.5867166630420748,
                    "support": 1328.0
                }
            }
        },
        {
            "fold": 5,
            "accuracy": 0.5549698795180723,
            "auroc": 0.5735789784068227,
            "n_train_samples": 5314,
            "n_test_samples": 1328,
            "classification_report": {
                "0": {
                    "precision": 0.5577211394302849,
                    "recall": 0.5568862275449101,
                    "f1-score": 0.5573033707865168,
                    "support": 668.0
                },
                "1": {
                    "precision": 0.5521936459909228,
                    "recall": 0.553030303030303,
                    "f1-score": 0.5526116578349735,
                    "support": 660.0
                },
                "accuracy": 0.5549698795180723,
                "macro avg": {
                    "precision": 0.5549573927106038,
                    "recall": 0.5549582652876066,
                    "f1-score": 0.5549575143107451,
                    "support": 1328.0
                },
                "weighted avg": {
                    "precision": 0.5549740417872284,
                    "recall": 0.5549698795180722,
                    "f1-score": 0.5549716459762618,
                    "support": 1328.0
                }
            }
        }
    ],
    "n_classes": 2
}