{
    "subject_id": 2,
    "trial_id": 6,
    "eval_name": "local_flow_angle",
    "k_folds": 5,
    "mean_accuracy": 0.2282450015867979,
    "std_accuracy": 0.019310992903106873,
    "fold_results": [
        {
            "fold": 1,
            "accuracy": 0.2246376811594203,
            "auroc": 0.5052365723951255,
            "n_train_samples": 550,
            "n_test_samples": 138,
            "classification_report": {
                "0": {
                    "precision": 0.23076923076923078,
                    "recall": 0.18,
                    "f1-score": 0.20224719101123595,
                    "support": 50.0
                },
                "1": {
                    "precision": 0.1875,
                    "recall": 0.2727272727272727,
                    "f1-score": 0.2222222222222222,
                    "support": 22.0
                },
                "2": {
                    "precision": 0.24324324324324326,
                    "recall": 0.25,
                    "f1-score": 0.2465753424657534,
                    "support": 36.0
                },
                "3": {
                    "precision": 0.23333333333333334,
                    "recall": 0.23333333333333334,
                    "f1-score": 0.23333333333333334,
                    "support": 30.0
                },
                "accuracy": 0.2246376811594203,
                "macro avg": {
                    "precision": 0.22371145183645186,
                    "recall": 0.2340151515151515,
                    "f1-score": 0.22609452225813625,
                    "support": 138.0
                },
                "weighted avg": {
                    "precision": 0.2276827412696978,
                    "recall": 0.2246376811594203,
                    "f1-score": 0.22375333890012905,
                    "support": 138.0
                }
            },
            "auroc_per_class": {
                "class_0": 0.4577272727272727,
                "class_1": 0.4698275862068966,
                "class_2": 0.5541938997821351,
                "class_3": 0.5391975308641976
            }
        },
        {
            "fold": 2,
            "accuracy": 0.2028985507246377,
            "auroc": 0.467079874445693,
            "n_train_samples": 550,
            "n_test_samples": 138,
            "classification_report": {
                "0": {
                    "precision": 0.18518518518518517,
                    "recall": 0.1388888888888889,
                    "f1-score": 0.15873015873015872,
                    "support": 36.0
                },
                "1": {
                    "precision": 0.07317073170731707,
                    "recall": 0.15789473684210525,
                    "f1-score": 0.1,
                    "support": 19.0
                },
                "2": {
                    "precision": 0.3333333333333333,
                    "recall": 0.2391304347826087,
                    "f1-score": 0.27848101265822783,
                    "support": 46.0
                },
                "3": {
                    "precision": 0.24324324324324326,
                    "recall": 0.24324324324324326,
                    "f1-score": 0.24324324324324326,
                    "support": 37.0
                },
                "accuracy": 0.2028985507246377,
                "macro avg": {
                    "precision": 0.20873312336726968,
                    "recall": 0.1947893259392115,
                    "f1-score": 0.19511360365790742,
                    "support": 138.0
                },
                "weighted avg": {
                    "precision": 0.23471191233651467,
                    "recall": 0.2028985507246377,
                    "f1-score": 0.21322037896061008,
                    "support": 138.0
                }
            },
            "auroc_per_class": {
                "class_0": 0.4828431372549019,
                "class_1": 0.3861123396727112,
                "class_2": 0.4815689981096408,
                "class_3": 0.5177950227455178
            }
        },
        {
            "fold": 3,
            "accuracy": 0.2246376811594203,
            "auroc": 0.5375719604837919,
            "n_train_samples": 550,
            "n_test_samples": 138,
            "classification_report": {
                "0": {
                    "precision": 0.045454545454545456,
                    "recall": 0.2,
                    "f1-score": 0.07407407407407407,
                    "support": 10.0
                },
                "1": {
                    "precision": 0.6896551724137931,
                    "recall": 0.22988505747126436,
                    "f1-score": 0.3448275862068966,
                    "support": 87.0
                },
                "2": {
                    "precision": 0.09090909090909091,
                    "recall": 0.25,
                    "f1-score": 0.13333333333333333,
                    "support": 12.0
                },
                "3": {
                    "precision": 0.1875,
                    "recall": 0.20689655172413793,
                    "f1-score": 0.19672131147540983,
                    "support": 29.0
                },
                "accuracy": 0.2246376811594203,
                "macro avg": {
                    "precision": 0.25337970219435735,
                    "recall": 0.22169540229885057,
                    "f1-score": 0.18723907627242845,
                    "support": 138.0
                },
                "weighted avg": {
                    "precision": 0.4853837285902504,
                    "recall": 0.2246376811594203,
                    "f1-score": 0.2756931795183161,
                    "support": 138.0
                }
            },
            "auroc_per_class": {
                "class_0": 0.49140625,
                "class_1": 0.54631507775524,
                "class_2": 0.58994708994709,
                "class_3": 0.5226194242328377
            }
        },
        {
            "fold": 4,
            "accuracy": 0.22627737226277372,
            "auroc": 0.47895537906407476,
            "n_train_samples": 551,
            "n_test_samples": 137,
            "classification_report": {
                "0": {
                    "precision": 0.2222222222222222,
                    "recall": 0.16216216216216217,
                    "f1-score": 0.1875,
                    "support": 37.0
                },
                "1": {
                    "precision": 0.17647058823529413,
                    "recall": 0.2727272727272727,
                    "f1-score": 0.21428571428571427,
                    "support": 22.0
                },
                "2": {
                    "precision": 0.225,
                    "recall": 0.2727272727272727,
                    "f1-score": 0.2465753424657534,
                    "support": 33.0
                },
                "3": {
                    "precision": 0.2777777777777778,
                    "recall": 0.2222222222222222,
                    "f1-score": 0.24691358024691357,
                    "support": 45.0
                },
                "accuracy": 0.22627737226277372,
                "macro avg": {
                    "precision": 0.22536764705882353,
                    "recall": 0.23245973245973245,
                    "f1-score": 0.22381865924959532,
                    "support": 137.0
                },
                "weighted avg": {
                    "precision": 0.23379251944086635,
                    "recall": 0.22627737226277372,
                    "f1-score": 0.2255465921661802,
                    "support": 137.0
                }
            },
            "auroc_per_class": {
                "class_0": 0.4827027027027027,
                "class_1": 0.4403162055335968,
                "class_2": 0.5186480186480187,
                "class_3": 0.4741545893719807
            }
        },
        {
            "fold": 5,