{
    "subject_id": 7,
    "trial_id": 0,
    "eval_name": "word_head_pos",
    "k_folds": 5,
    "mean_accuracy": 0.508123167987048,
    "std_accuracy": 0.008939458297256411,
    "fold_results": [
        {
            "fold": 1,
            "accuracy": 0.5213197969543147,
            "auroc": 0.5264822636181228,
            "n_train_samples": 7878,
            "n_test_samples": 1970,
            "classification_report": {
                "0": {
                    "precision": 0.5396188565697091,
                    "recall": 0.5264187866927593,
                    "f1-score": 0.532937097573056,
                    "support": 1022.0
                },
                "1": {
                    "precision": 0.5025693730729702,
                    "recall": 0.5158227848101266,
                    "f1-score": 0.5091098386257158,
                    "support": 948.0
                },
                "accuracy": 0.5213197969543147,
                "macro avg": {
                    "precision": 0.5210941148213397,
                    "recall": 0.5211207857514429,
                    "f1-score": 0.5210234680993859,
                    "support": 1970.0
                },
                "weighted avg": {
                    "precision": 0.5217899680646795,
                    "recall": 0.5213197969543147,
                    "f1-score": 0.521470985145605,
                    "support": 1970.0
                }
            }
        },
        {
            "fold": 2,
            "accuracy": 0.49593908629441624,
            "auroc": 0.5087247699327199,
            "n_train_samples": 7878,
            "n_test_samples": 1970,
            "classification_report": {
                "0": {
                    "precision": 0.4858585858585859,
                    "recall": 0.49844559585492226,
                    "f1-score": 0.4920716112531969,
                    "support": 965.0
                },
                "1": {
                    "precision": 0.5061224489795918,
                    "recall": 0.4935323383084577,
                    "f1-score": 0.49974811083123427,
                    "support": 1005.0
                },
                "accuracy": 0.49593908629441624,
                "macro avg": {
                    "precision": 0.49599051741908884,
                    "recall": 0.49598896708169,
                    "f1-score": 0.49590986104221557,
                    "support": 1970.0
                },
                "weighted avg": {
                    "precision": 0.4961962419177793,
                    "recall": 0.49593908629441624,
                    "f1-score": 0.495987795048084,
                    "support": 1970.0
                }
            }
        },
        {
            "fold": 3,
            "accuracy": 0.5101522842639594,
            "auroc": 0.5252979756248709,
            "n_train_samples": 7878,
            "n_test_samples": 1970,
            "classification_report": {
                "0": {
                    "precision": 0.4872838250254323,
                    "recall": 0.5095744680851064,
                    "f1-score": 0.49817992719708787,
                    "support": 940.0
                },
                "1": {
                    "precision": 0.5329280648429585,
                    "recall": 0.5106796116504855,
                    "f1-score": 0.5215666831928607,
                    "support": 1030.0
                },
                "accuracy": 0.5101522842639594,
                "macro avg": {
                    "precision": 0.5101059449341954,
                    "recall": 0.510127039867796,
                    "f1-score": 0.5098733051949743,
                    "support": 1970.0
                },
                "weighted avg": {
                    "precision": 0.5111485798538851,
                    "recall": 0.5101522842639594,
                    "f1-score": 0.5104075204334564,
                    "support": 1970.0
                }
            }
        },
        {
            "fold": 4,
            "accuracy": 0.5007618080243779,
            "auroc": 0.5035975232198142,
            "n_train_samples": 7879,
            "n_test_samples": 1969,
            "classification_report": {
                "0": {
                    "precision": 0.4928131416837782,
                    "recall": 0.4953560371517028,
                    "f1-score": 0.49408131755018014,
                    "support": 969.0
                },
                "1": {
                    "precision": 0.5085427135678392,
                    "recall": 0.506,
                    "f1-score": 0.5072681704260652,
                    "support": 1000.0
                },
                "accuracy": 0.5007618080243779,
                "macro avg": {
                    "precision": 0.5006779276258086,
                    "recall": 0.5006780185758514,
                    "f1-score": 0.5006747439881227,
                    "support": 1969.0
                },
                "weighted avg": {
                    "precision": 0.5008017510713155,
                    "recall": 0.5007618080243779,
                    "f1-score": 0.5007785511082731,
                    "support": 1969.0
                }
            }
        },
        {
            "fold": 5,
            "accuracy": 0.5124428643981717,
            "auroc": 0.5183584397755513,
            "n_train_samples": 7879,
            "n_test_samples": 1969,
            "classification_report": {
                "0": {
                    "precision": 0.5346938775510204,
                    "recall": 0.5097276264591439,
                    "f1-score": 0.5219123505976095,
                    "support": 1028.0
                },
                "1": {
                    "precision": 0.4903943377148635,
                    "recall": 0.5154091392136025,
                    "f1-score": 0.5025906735751295,
                    "support": 941.0
                },
                "accuracy": 0.5124428643981717,
                "macro avg": {
                    "precision": 0.512544107632942,
                    "recall": 0.5125683828363732,
                    "f1-score": 0.5122515120863695,
                    "support": 1969.0
                },
                "weighted avg": {
                    "precision": 0.5135227922357214,
                    "recall": 0.5124428643981717,
                    "f1-score": 0.5126783749357742,
                    "support": 1969.0
                }
            }
        }
    ],
    "n_classes": 2
}