{
    "subject_id": 6,
    "trial_id": 0,
    "eval_name": "global_flow_angle",
    "k_folds": 5,
    "mean_accuracy": 0.2398148148148148,
    "std_accuracy": 0.035185185185185194,
    "fold_results": [
        {
            "fold": 1,
            "accuracy": 0.2777777777777778,
            "auroc": 0.5309783448643699,
            "n_train_samples": 864,
            "n_test_samples": 216,
            "classification_report": {
                "0": {
                    "precision": 0.2191780821917808,
                    "recall": 0.43243243243243246,
                    "f1-score": 0.2909090909090909,
                    "support": 37.0
                },
                "1": {
                    "precision": 0.4827586206896552,
                    "recall": 0.1728395061728395,
                    "f1-score": 0.2545454545454545,
                    "support": 81.0
                },
                "2": {
                    "precision": 0.203125,
                    "recall": 0.3333333333333333,
                    "f1-score": 0.2524271844660194,
                    "support": 39.0
                },
                "3": {
                    "precision": 0.34,
                    "recall": 0.288135593220339,
                    "f1-score": 0.3119266055045872,
                    "support": 59.0
                },
                "accuracy": 0.2777777777777778,
                "macro avg": {
                    "precision": 0.31126542572035903,
                    "recall": 0.3066852162897361,
                    "f1-score": 0.277452083856288,
                    "support": 216.0
                },
                "weighted avg": {
                    "precision": 0.3481245940599906,
                    "recall": 0.2777777777777778,
                    "f1-score": 0.2760655004664981,
                    "support": 216.0
                }
            },
            "auroc_per_class": {
                "class_0": 0.5681715234787861,
                "class_1": 0.516506630086877,
                "class_2": 0.4650152107779227,
                "class_3": 0.5742200151138939
            }
        },
        {
            "fold": 2,
            "accuracy": 0.2777777777777778,
            "auroc": 0.5200652120659122,
            "n_train_samples": 864,
            "n_test_samples": 216,
            "classification_report": {
                "0": {
                    "precision": 0.2222222222222222,
                    "recall": 0.1724137931034483,
                    "f1-score": 0.1941747572815534,
                    "support": 58.0
                },
                "1": {
                    "precision": 0.23880597014925373,
                    "recall": 0.38095238095238093,
                    "f1-score": 0.29357798165137616,
                    "support": 42.0
                },
                "2": {
                    "precision": 0.4666666666666667,
                    "recall": 0.29577464788732394,
                    "f1-score": 0.3620689655172414,
                    "support": 71.0
                },
                "3": {
                    "precision": 0.22033898305084745,
                    "recall": 0.28888888888888886,
                    "f1-score": 0.25,
                    "support": 45.0
                },
                "accuracy": 0.2777777777777778,
                "macro avg": {
                    "precision": 0.28700846052224754,
                    "recall": 0.2845074277080105,
                    "f1-score": 0.27495542611254276,
                    "support": 216.0
                },
                "weighted avg": {
                    "precision": 0.30540429261934726,
                    "recall": 0.2777777777777778,
                    "f1-score": 0.280320868997278,
                    "support": 216.0
                }
            },
            "auroc_per_class": {
                "class_0": 0.46202531645569617,
                "class_1": 0.5166940339354132,
                "class_2": 0.5671685284118504,
                "class_3": 0.5343729694606888
            }
        },
        {
            "fold": 3,
            "accuracy": 0.18518518518518517,
            "auroc": 0.44374621442580525,
            "n_train_samples": 864,
            "n_test_samples": 216,
            "classification_report": {
                "0": {
                    "precision": 0.2153846153846154,
                    "recall": 0.25,
                    "f1-score": 0.23140495867768596,
                    "support": 56.0
                },
                "1": {
                    "precision": 0.21739130434782608,
                    "recall": 0.15873015873015872,
                    "f1-score": 0.1834862385321101,
                    "support": 63.0
                },
                "2": {
                    "precision": 0.0784313725490196,
                    "recall": 0.10810810810810811,
                    "f1-score": 0.09090909090909091,
                    "support": 37.0
                },
                "3": {
                    "precision": 0.2222222222222222,
                    "recall": 0.2,
                    "f1-score": 0.21052631578947367,
                    "support": 60.0
                },
                "accuracy": 0.18518518518518517,
                "macro avg": {
                    "precision": 0.1833573786259208,
                    "recall": 0.17920956670956673,
                    "f1-score": 0.17908165097709017,
                    "support": 216.0
                },
                "weighted avg": {
                    "precision": 0.19440965163471557,
                    "recall": 0.18518518518518517,
                    "f1-score": 0.18756262048369507,
                    "support": 216.0
                }
            },
            "auroc_per_class": {
                "class_0": 0.4890625,
                "class_1": 0.4524328249818447,
                "class_2": 0.4038955156273592,
                "class_3": 0.42959401709401707
            }
        },
        {
            "fold": 4,
            "accuracy": 0.2361111111111111,
            "auroc": 0.48220414162874126,
            "n_train_samples": 864,
            "n_test_samples": 216,
            "classification_report": {
                "0": {
                    "precision": 0.22916666666666666,
                    "recall": 0.21153846153846154,
                    "f1-score": 0.22,
                    "support": 52.0
                },
                "1": {
                    "precision": 0.1836734693877551,
                    "recall": 0.20930232558139536,
                    "f1-score": 0.1956521739130435,
                    "support": 43.0
                },
                "2": {
                    "precision": 0.265625,
                    "recall": 0.2982456140350877,
                    "f1-score": 0.2809917355371901,
                    "support": 57.0
                },
                "3": {
                    "precision": 0.2545454545454545,
                    "recall": 0.21875,
                    "f1-score": 0.23529411764705882,
                    "support": 64.0
                },
                "accuracy": 0.2361111111111111,
                "macro avg": {
                    "precision": 0.23325264764996909,
                    "recall": 0.23445910028873615,
                    "f1-score": 0.23298450677432309,
                    "support": 216.0
                },
                "weighted avg": {
                    "precision": 0.23725074046874642,
                    "recall": 0.2361111111111111,
                    "f1-score": 0.23577961080227994,
                    "support": 216.0
                }
            },
            "auroc_per_class": {
                "class_0": 0.46857410881801126,
                "class_1": 0.48581798628847966,
                "class_2": 0.4769943727242634,
                "class_3": 0.4974300986842105
            }
        },
        {
            "fold": 5,