{
    "subject_id": 3,
    "trial_id": 2,
    "eval_name": "frame_brightness",
    "k_folds": 5,
    "mean_accuracy": 0.4953944792569088,
    "std_accuracy": 0.02306337051514511,
    "fold_results": [
        {
            "fold": 1,
            "accuracy": 0.49200376293508935,
            "auroc": 0.5106433454827787,
            "n_train_samples": 4250,
            "n_test_samples": 1063,
            "classification_report": {
                "0": {
                    "precision": 0.42992424242424243,
                    "recall": 0.4871244635193133,
                    "f1-score": 0.4567404426559356,
                    "support": 466.0
                },
                "1": {
                    "precision": 0.5532710280373832,
                    "recall": 0.49581239530988275,
                    "f1-score": 0.5229681978798587,
                    "support": 597.0
                },
                "accuracy": 0.49200376293508935,
                "macro avg": {
                    "precision": 0.4915976352308128,
                    "recall": 0.491468429414598,
                    "f1-score": 0.48985432026789716,
                    "support": 1063.0
                },
                "weighted avg": {
                    "precision": 0.49919802512513145,
                    "recall": 0.49200376293508935,
                    "f1-score": 0.4939351462012621,
                    "support": 1063.0
                }
            }
        },
        {
            "fold": 2,
            "accuracy": 0.4967074317968015,
            "auroc": 0.4955075606195882,
            "n_train_samples": 4250,
            "n_test_samples": 1063,
            "classification_report": {
                "0": {
                    "precision": 0.5111940298507462,
                    "recall": 0.5009140767824497,
                    "f1-score": 0.5060018467220684,
                    "support": 547.0
                },
                "1": {
                    "precision": 0.4819734345351044,
                    "recall": 0.49224806201550386,
                    "f1-score": 0.48705656759348037,
                    "support": 516.0
                },
                "accuracy": 0.4967074317968015,
                "macro avg": {
                    "precision": 0.4965837321929253,
                    "recall": 0.4965810693989768,
                    "f1-score": 0.4965292071577744,
                    "support": 1063.0
                },
                "weighted avg": {
                    "precision": 0.4970098086062767,
                    "recall": 0.4967074317968015,
                    "f1-score": 0.4968054553482664,
                    "support": 1063.0
                }
            }
        },
        {
            "fold": 3,
            "accuracy": 0.4666039510818438,
            "auroc": 0.47018744226729114,
            "n_train_samples": 4250,
            "n_test_samples": 1063,
            "classification_report": {
                "0": {
                    "precision": 0.2878228782287823,
                    "recall": 0.4629080118694362,
                    "f1-score": 0.35494880546075086,
                    "support": 337.0
                },
                "1": {
                    "precision": 0.6525911708253359,
                    "recall": 0.46831955922865015,
                    "f1-score": 0.545308740978348,
                    "support": 726.0
                },
                "accuracy": 0.4666039510818438,
                "macro avg": {
                    "precision": 0.4702070245270591,
                    "recall": 0.4656137855490432,
                    "f1-score": 0.45012877321954947,
                    "support": 1063.0
                },
                "weighted avg": {
                    "precision": 0.5369496707265226,
                    "recall": 0.4666039510818438,
                    "f1-score": 0.48495944815668274,
                    "support": 1063.0
                }
            }
        },
        {
            "fold": 4,
            "accuracy": 0.536723163841808,
            "auroc": 0.5402834313282074,
            "n_train_samples": 4251,
            "n_test_samples": 1062,
            "classification_report": {
                "0": {
                    "precision": 0.6573033707865169,
                    "recall": 0.5318181818181819,
                    "f1-score": 0.5879396984924623,
                    "support": 660.0
                },
                "1": {
                    "precision": 0.4147727272727273,
                    "recall": 0.5447761194029851,
                    "f1-score": 0.47096774193548385,
                    "support": 402.0
                },
                "accuracy": 0.536723163841808,
                "macro avg": {
                    "precision": 0.5360380490296222,
                    "recall": 0.5382971506105835,
                    "f1-score": 0.5294537202139731,
                    "support": 1062.0
                },
                "weighted avg": {
                    "precision": 0.5654979859536134,
                    "recall": 0.536723163841808,
                    "f1-score": 0.5436621782138321,
                    "support": 1062.0
                }
            }
        },
        {
            "fold": 5,
            "accuracy": 0.4849340866290019,
            "auroc": 0.47631887674344986,
            "n_train_samples": 4251,
            "n_test_samples": 1062,
            "classification_report": {
                "0": {
                    "precision": 0.5968992248062015,
                    "recall": 0.4760432766615147,
                    "f1-score": 0.529664660361135,
                    "support": 647.0
                },
                "1": {
                    "precision": 0.3791208791208791,
                    "recall": 0.4987951807228916,
                    "f1-score": 0.4308012486992716,
                    "support": 415.0
                },
                "accuracy": 0.4849340866290019,
                "macro avg": {
                    "precision": 0.4880100519635403,
                    "recall": 0.4874192286922031,
                    "f1-score": 0.4802329545302033,
                    "support": 1062.0
                },
                "weighted avg": {
                    "precision": 0.5117975172173044,
                    "recall": 0.4849340866290019,
                    "f1-score": 0.49103159459873075,
                    "support": 1062.0
                }
            }
        }
    ],
    "n_classes": 2
}