{
    "subject_id": 10,
    "trial_id": 0,
    "eval_name": "speaker",
    "k_folds": 5,
    "mean_accuracy": 0.221301775147929,
    "std_accuracy": 0.016435437174356395,
    "fold_results": [
        {
            "fold": 1,
            "accuracy": 0.23964497041420119,
            "auroc": 0.48816977409580964,
            "n_train_samples": 2704,
            "n_test_samples": 676,
            "classification_report": {
                "0": {
                    "precision": 0.2328042328042328,
                    "recall": 0.2558139534883721,
                    "f1-score": 0.24376731301939059,
                    "support": 172.0
                },
                "1": {
                    "precision": 0.4602272727272727,
                    "recall": 0.2745762711864407,
                    "f1-score": 0.34394904458598724,
                    "support": 295.0
                },
                "2": {
                    "precision": 0.030927835051546393,
                    "recall": 0.20689655172413793,
                    "f1-score": 0.053811659192825115,
                    "support": 29.0
                },
                "3": {
                    "precision": 0.26495726495726496,
                    "recall": 0.17222222222222222,
                    "f1-score": 0.20875420875420875,
                    "support": 180.0
                },
                "accuracy": 0.23964497041420119,
                "macro avg": {
                    "precision": 0.24722915138507923,
                    "recall": 0.2273772496552932,
                    "f1-score": 0.21257055638810296,
                    "support": 676.0
                },
                "weighted avg": {
                    "precision": 0.3319505745646095,
                    "recall": 0.23964497041420119,
                    "f1-score": 0.2700136711309925,
                    "support": 676.0
                }
            },
            "auroc_per_class": {
                "class_0": 0.4459440753045404,
                "class_1": 0.5358067529694381,
                "class_2": 0.4781751319085434,
                "class_3": 0.4927531362007168
            }
        },
        {
            "fold": 2,
            "accuracy": 0.2411242603550296,
            "auroc": 0.5058207323738357,
            "n_train_samples": 2704,
            "n_test_samples": 676,
            "classification_report": {
                "0": {
                    "precision": 0.2471264367816092,
                    "recall": 0.23756906077348067,
                    "f1-score": 0.24225352112676057,
                    "support": 181.0
                },
                "1": {
                    "precision": 0.30601092896174864,
                    "recall": 0.30939226519337015,
                    "f1-score": 0.3076923076923077,
                    "support": 181.0
                },
                "2": {
                    "precision": 0.1897810218978102,
                    "recall": 0.18705035971223022,
                    "f1-score": 0.18840579710144928,
                    "support": 139.0
                },
                "3": {
                    "precision": 0.2087912087912088,
                    "recall": 0.21714285714285714,
                    "f1-score": 0.21288515406162464,
                    "support": 175.0
                },
                "accuracy": 0.2411242603550296,
                "macro avg": {
                    "precision": 0.2379273991080942,
                    "recall": 0.23778863570548453,
                    "f1-score": 0.23780919499553557,
                    "support": 676.0
                },
                "weighted avg": {
                    "precision": 0.2411773473103623,
                    "recall": 0.2411242603550296,
                    "f1-score": 0.24109985617475907,
                    "support": 676.0
                }
            },
            "auroc_per_class": {
                "class_0": 0.5023383001283555,
                "class_1": 0.5634242982309281,
                "class_2": 0.5177712578540519,
                "class_3": 0.4397490732820074
            }
        },
        {
            "fold": 3,
            "accuracy": 0.21745562130177515,
            "auroc": 0.4818366868456392,
            "n_train_samples": 2704,
            "n_test_samples": 676,
            "classification_report": {
                "0": {
                    "precision": 0.2482758620689655,
                    "recall": 0.15584415584415584,
                    "f1-score": 0.19148936170212766,
                    "support": 231.0
                },
                "1": {
                    "precision": 0.17557251908396945,
                    "recall": 0.20909090909090908,
                    "f1-score": 0.1908713692946058,
                    "support": 110.0
                },
                "2": {
                    "precision": 0.2149122807017544,
                    "recall": 0.2648648648648649,
                    "f1-score": 0.23728813559322035,
                    "support": 185.0
                },
                "3": {
                    "precision": 0.22674418604651161,
                    "recall": 0.26,
                    "f1-score": 0.2422360248447205,
                    "support": 150.0
                },
                "accuracy": 0.21745562130177515,
                "macro avg": {
                    "precision": 0.21637621197530024,
                    "recall": 0.22244998244998243,
                    "f1-score": 0.21547122285866857,
                    "support": 676.0
                },
                "weighted avg": {
                    "precision": 0.2225371317662263,
                    "recall": 0.21745562130177515,
                    "f1-score": 0.21518284317611236,
                    "support": 676.0
                }
            },
            "auroc_per_class": {
                "class_0": 0.43943771584221025,
                "class_1": 0.5478316736267267,
                "class_2": 0.44330929707711786,
                "class_3": 0.49676806083650193
            }
        },
        {
            "fold": 4,
            "accuracy": 0.20118343195266272,
            "auroc": 0.4681646625336683,
            "n_train_samples": 2704,
            "n_test_samples": 676,
            "classification_report": {
                "0": {
                    "precision": 0.1643835616438356,
                    "recall": 0.16326530612244897,
                    "f1-score": 0.16382252559726962,
                    "support": 147.0
                },
                "1": {
                    "precision": 0.09,
                    "recall": 0.10344827586206896,
                    "f1-score": 0.0962566844919786,
                    "support": 87.0
                },
                "2": {
                    "precision": 0.3656716417910448,
                    "recall": 0.16666666666666666,
                    "f1-score": 0.22897196261682243,
                    "support": 294.0
                },
                "3": {
                    "precision": 0.18243243243243243,
                    "recall": 0.36486486486486486,
                    "f1-score": 0.24324324324324326,
                    "support": 148.0
                },
                "accuracy": 0.20118343195266272,
                "macro avg": {
                    "precision": 0.2006219089668282,
                    "recall": 0.19956127837901239,
                    "f1-score": 0.18307360398732847,
                    "support": 676.0
                },
                "weighted avg": {
                    "precision": 0.24630450628433578,
                    "recall": 0.20118343195266272,
                    "f1-score": 0.20084911216412213,
                    "support": 676.0
                }
            },
            "auroc_per_class": {
                "class_0": 0.45452207347967544,
                "class_1": 0.5072107409792557,
                "class_2": 0.4711863803112868,