{
    "subject_id": 7,
    "trial_id": 0,
    "eval_name": "pitch",
    "k_folds": 5,
    "mean_accuracy": 0.490610702861589,
    "std_accuracy": 0.006667603721095446,
    "fold_results": [
        {
            "fold": 1,
            "accuracy": 0.48234200743494426,
            "auroc": 0.46904137205200036,
            "n_train_samples": 4303,
            "n_test_samples": 1076,
            "classification_report": {
                "0": {
                    "precision": 0.609009009009009,
                    "recall": 0.49852507374631266,
                    "f1-score": 0.5482562854825629,
                    "support": 678.0
                },
                "1": {
                    "precision": 0.3474088291746641,
                    "recall": 0.4547738693467337,
                    "f1-score": 0.3939064200217628,
                    "support": 398.0
                },
                "accuracy": 0.48234200743494426,
                "macro avg": {
                    "precision": 0.47820891909183655,
                    "recall": 0.47664947154652315,
                    "f1-score": 0.47108135275216284,
                    "support": 1076.0
                },
                "weighted avg": {
                    "precision": 0.5122461172115468,
                    "recall": 0.48234200743494426,
                    "f1-score": 0.4911640490017093,
                    "support": 1076.0
                }
            }
        },
        {
            "fold": 2,
            "accuracy": 0.491635687732342,
            "auroc": 0.4840145256531188,
            "n_train_samples": 4303,
            "n_test_samples": 1076,
            "classification_report": {
                "0": {
                    "precision": 0.4868421052631579,
                    "recall": 0.48592870544090055,
                    "f1-score": 0.4863849765258216,
                    "support": 533.0
                },
                "1": {
                    "precision": 0.4963235294117647,
                    "recall": 0.4972375690607735,
                    "f1-score": 0.49678012879484823,
                    "support": 543.0
                },
                "accuracy": 0.491635687732342,
                "macro avg": {
                    "precision": 0.49158281733746134,
                    "recall": 0.491583137250837,
                    "f1-score": 0.4915825526603349,
                    "support": 1076.0
                },
                "weighted avg": {
                    "precision": 0.4916268759998619,
                    "recall": 0.491635687732342,
                    "f1-score": 0.4916308572712504,
                    "support": 1076.0
                }
            }
        },
        {
            "fold": 3,
            "accuracy": 0.491635687732342,
            "auroc": 0.4852743055555555,
            "n_train_samples": 4303,
            "n_test_samples": 1076,
            "classification_report": {
                "0": {
                    "precision": 0.4555765595463138,
                    "recall": 0.482,
                    "f1-score": 0.4684159378036929,
                    "support": 500.0
                },
                "1": {
                    "precision": 0.526508226691042,
                    "recall": 0.5,
                    "f1-score": 0.5129118432769367,
                    "support": 576.0
                },
                "accuracy": 0.491635687732342,
                "macro avg": {
                    "precision": 0.4910423931186779,
                    "recall": 0.491,
                    "f1-score": 0.4906638905403148,
                    "support": 1076.0
                },
                "weighted avg": {
                    "precision": 0.4935474148208151,
                    "recall": 0.491635687732342,
                    "f1-score": 0.4922353072763587,
                    "support": 1076.0
                }
            }
        },
        {
            "fold": 4,
            "accuracy": 0.5018587360594795,
            "auroc": 0.503079538012515,
            "n_train_samples": 4303,
            "n_test_samples": 1076,
            "classification_report": {
                "0": {
                    "precision": 0.3516068052930057,
                    "recall": 0.49076517150395776,
                    "f1-score": 0.40969162995594716,
                    "support": 379.0
                },
                "1": {
                    "precision": 0.6471663619744058,
                    "recall": 0.5078909612625538,
                    "f1-score": 0.5691318327974276,
                    "support": 697.0
                },
                "accuracy": 0.5018587360594795,
                "macro avg": {
                    "precision": 0.49938658363370575,
                    "recall": 0.4993280663832558,
                    "f1-score": 0.48941173137668736,
                    "support": 1076.0
                },
                "weighted avg": {
                    "precision": 0.5430612764890428,
                    "recall": 0.5018587360594795,
                    "f1-score": 0.5129721330976869,
                    "support": 1076.0
                }
            }
        },
        {
            "fold": 5,
            "accuracy": 0.4855813953488372,
            "auroc": 0.499659649122807,
            "n_train_samples": 4304,
            "n_test_samples": 1075,
            "classification_report": {
                "0": {
                    "precision": 0.5437616387337058,
                    "recall": 0.4866666666666667,
                    "f1-score": 0.51363236587511,
                    "support": 600.0
                },
                "1": {
                    "precision": 0.4275092936802974,
                    "recall": 0.4842105263157895,
                    "f1-score": 0.45409674234945707,
                    "support": 475.0
                },
                "accuracy": 0.4855813953488372,
                "macro avg": {
                    "precision": 0.4856354662070016,
                    "recall": 0.4854385964912281,
                    "f1-score": 0.4838645541122835,
                    "support": 1075.0
                },
                "weighted avg": {
                    "precision": 0.4923943234775486,
                    "recall": 0.4855813953488372,
                    "f1-score": 0.48732592757307724,
                    "support": 1075.0
                }
            }
        }
    ],
    "n_classes": 2
}