{
    "subject_id": 1,
    "trial_id": 1,
    "eval_name": "speaker",
    "k_folds": 5,
    "mean_accuracy": 0.2867872252605511,
    "std_accuracy": 0.023781722719838395,
    "fold_results": [
        {
            "fold": 1,
            "accuracy": 0.32122587968217936,
            "auroc": 0.5744550232632099,
            "n_train_samples": 3523,
            "n_test_samples": 881,
            "classification_report": {
                "0": {
                    "precision": 0.39436619718309857,
                    "recall": 0.3218390804597701,
                    "f1-score": 0.35443037974683544,
                    "support": 261.0
                },
                "1": {
                    "precision": 0.21844660194174756,
                    "recall": 0.2727272727272727,
                    "f1-score": 0.24258760107816713,
                    "support": 165.0
                },
                "2": {
                    "precision": 0.4092827004219409,
                    "recall": 0.29846153846153844,
                    "f1-score": 0.34519572953736655,
                    "support": 325.0
                },
                "3": {
                    "precision": 0.25333333333333335,
                    "recall": 0.43846153846153846,
                    "f1-score": 0.3211267605633803,
                    "support": 130.0
                },
                "accuracy": 0.32122587968217936,
                "macro avg": {
                    "precision": 0.3188572082200301,
                    "recall": 0.33287235752752997,
                    "f1-score": 0.31583511773143735,
                    "support": 881.0
                },
                "weighted avg": {
                    "precision": 0.3461106444445416,
                    "recall": 0.32122587968217936,
                    "f1-score": 0.3251627403685644,
                    "support": 881.0
                }
            },
            "auroc_per_class": {
                "class_0": 0.5719688542825362,
                "class_1": 0.5284323683765024,
                "class_2": 0.560852241283896,
                "class_3": 0.6365666291099048
            }
        },
        {
            "fold": 2,
            "accuracy": 0.2724177071509648,
            "auroc": 0.5251703788656819,
            "n_train_samples": 3523,
            "n_test_samples": 881,
            "classification_report": {
                "0": {
                    "precision": 0.26991150442477874,
                    "recall": 0.3407821229050279,
                    "f1-score": 0.3012345679012346,
                    "support": 179.0
                },
                "1": {
                    "precision": 0.3258426966292135,
                    "recall": 0.1901639344262295,
                    "f1-score": 0.2401656314699793,
                    "support": 305.0
                },
                "2": {
                    "precision": 0.3944223107569721,
                    "recall": 0.3473684210526316,
                    "f1-score": 0.3694029850746269,
                    "support": 285.0
                },
                "3": {
                    "precision": 0.09734513274336283,
                    "recall": 0.19642857142857142,
                    "f1-score": 0.1301775147928994,
                    "support": 112.0
                },
                "accuracy": 0.2724177071509648,
                "macro avg": {
                    "precision": 0.2718804111385818,
                    "recall": 0.2686857624531151,
                    "f1-score": 0.260245174809685,
                    "support": 881.0
                },
                "weighted avg": {
                    "precision": 0.30761543155157683,
                    "recall": 0.2724177071509648,
                    "f1-score": 0.2803986806535052,
                    "support": 881.0
                }
            },
            "auroc_per_class": {
                "class_0": 0.5644845533113689,
                "class_1": 0.5032957650273224,
                "class_2": 0.5602790533380431,
                "class_3": 0.472622143785993
            }
        },
        {
            "fold": 3,
            "accuracy": 0.2508513053348468,
            "auroc": 0.5005844410803563,
            "n_train_samples": 3523,
            "n_test_samples": 881,
            "classification_report": {
                "0": {
                    "precision": 0.1688888888888889,
                    "recall": 0.2222222222222222,
                    "f1-score": 0.1919191919191919,
                    "support": 171.0
                },
                "1": {
                    "precision": 0.32460732984293195,
                    "recall": 0.2198581560283688,
                    "f1-score": 0.26215644820295986,
                    "support": 282.0
                },
                "2": {
                    "precision": 0.30434782608695654,
                    "recall": 0.29411764705882354,
                    "f1-score": 0.29914529914529914,
                    "support": 238.0
                },
                "3": {
                    "precision": 0.2170212765957447,
                    "recall": 0.26842105263157895,
                    "f1-score": 0.24,
                    "support": 190.0
                },
                "accuracy": 0.2508513053348468,
                "macro avg": {
                    "precision": 0.2537163303536305,
                    "recall": 0.25115476948524834,
                    "f1-score": 0.24830523481686273,
                    "support": 881.0
                },
                "weighted avg": {
                    "precision": 0.2657072555931827,
                    "recall": 0.2508513053348468,
                    "f1-score": 0.25373766334619485,
                    "support": 881.0
                }
            },
            "auroc_per_class": {
                "class_0": 0.4555802652170332,
                "class_1": 0.531749132715282,
                "class_2": 0.5146960806095379,
                "class_3": 0.500312285779572
            }
        },
        {
            "fold": 4,
            "accuracy": 0.2917139614074915,
            "auroc": 0.5384219863229129,
            "n_train_samples": 3523,
            "n_test_samples": 881,
            "classification_report": {
                "0": {
                    "precision": 0.3037974683544304,
                    "recall": 0.42105263157894735,
                    "f1-score": 0.35294117647058826,
                    "support": 171.0
                },
                "1": {
                    "precision": 0.21962616822429906,
                    "recall": 0.24736842105263157,
                    "f1-score": 0.23267326732673269,
                    "support": 190.0
                },
                "2": {
                    "precision": 0.3547008547008547,
                    "recall": 0.32806324110671936,
                    "f1-score": 0.3408624229979466,
                    "support": 253.0
                },
                "3": {
                    "precision": 0.28061224489795916,
                    "recall": 0.20599250936329588,
                    "f1-score": 0.23758099352051837,
                    "support": 267.0
                },
                "accuracy": 0.2917139614074915,
                "macro avg": {
                    "precision": 0.28968418404438584,
                    "recall": 0.30061920077539855,
                    "f1-score": 0.2910144650789465,
                    "support": 881.0
                },
                "weighted avg": {
                    "precision": 0.2932362368652619,
                    "recall": 0.2917139614074915,
                    "f1-score": 0.288573416863801,
                    "support": 881.0
                }
            },
            "auroc_per_class": {
                "class_0": 0.5930730582324355,
                "class_1": 0.51891233147993,
                "class_2": 0.537719342413333,