{
    "subject_id": 7,
    "trial_id": 0,
    "eval_name": "word_index",
    "k_folds": 5,
    "mean_accuracy": 0.27904857982596254,
    "std_accuracy": 0.008305736516938073,
    "fold_results": [
        {
            "fold": 1,
            "accuracy": 0.2713248638838475,
            "auroc": 0.516889685121966,
            "n_train_samples": 4406,
            "n_test_samples": 1102,
            "classification_report": {
                "0": {
                    "precision": 0.29537366548042704,
                    "recall": 0.3062730627306273,
                    "f1-score": 0.3007246376811594,
                    "support": 271.0
                },
                "1": {
                    "precision": 0.2862453531598513,
                    "recall": 0.28,
                    "f1-score": 0.28308823529411764,
                    "support": 275.0
                },
                "2": {
                    "precision": 0.2518796992481203,
                    "recall": 0.23674911660777384,
                    "f1-score": 0.24408014571949,
                    "support": 283.0
                },
                "3": {
                    "precision": 0.2517482517482518,
                    "recall": 0.26373626373626374,
                    "f1-score": 0.25760286225402507,
                    "support": 273.0
                },
                "accuracy": 0.2713248638838475,
                "macro avg": {
                    "precision": 0.27131174240916256,
                    "recall": 0.27168961076866627,
                    "f1-score": 0.271373970237198,
                    "support": 1102.0
                },
                "weighted avg": {
                    "precision": 0.2711188412691884,
                    "recall": 0.2713248638838475,
                    "f1-score": 0.271094286888785,
                    "support": 1102.0
                }
            },
            "auroc_per_class": {
                "class_0": 0.5533279159506397,
                "class_1": 0.5169814224469605,
                "class_2": 0.4901111844574742,
                "class_3": 0.5071382176327894
            }
        },
        {
            "fold": 2,
            "accuracy": 0.294010889292196,
            "auroc": 0.5375180775093448,
            "n_train_samples": 4406,
            "n_test_samples": 1102,
            "classification_report": {
                "0": {
                    "precision": 0.2785234899328859,
                    "recall": 0.3074074074074074,
                    "f1-score": 0.29225352112676056,
                    "support": 270.0
                },
                "1": {
                    "precision": 0.3147410358565737,
                    "recall": 0.2958801498127341,
                    "f1-score": 0.305019305019305,
                    "support": 267.0
                },
                "2": {
                    "precision": 0.2862453531598513,
                    "recall": 0.25496688741721857,
                    "f1-score": 0.26970227670753066,
                    "support": 302.0
                },
                "3": {
                    "precision": 0.2992957746478873,
                    "recall": 0.3231939163498099,
                    "f1-score": 0.31078610603290674,
                    "support": 263.0
                },
                "accuracy": 0.294010889292196,
                "macro avg": {
                    "precision": 0.2947014133992995,
                    "recall": 0.2953620902467925,
                    "f1-score": 0.29444030222162576,
                    "support": 1102.0
                },
                "weighted avg": {
                    "precision": 0.29437212726157336,
                    "recall": 0.294010889292196,
                    "f1-score": 0.2935893272202437,
                    "support": 1102.0
                }
            },
            "auroc_per_class": {
                "class_0": 0.5272702991452991,
                "class_1": 0.553188006010451,
                "class_2": 0.51442880794702,
                "class_3": 0.5551851969346089
            }
        },
        {
            "fold": 3,
            "accuracy": 0.27223230490018147,
            "auroc": 0.522132543068164,
            "n_train_samples": 4406,
            "n_test_samples": 1102,
            "classification_report": {
                "0": {
                    "precision": 0.28214285714285714,
                    "recall": 0.2915129151291513,
                    "f1-score": 0.2867513611615245,
                    "support": 271.0
                },
                "1": {
                    "precision": 0.25,
                    "recall": 0.23693379790940766,
                    "f1-score": 0.24329159212880144,
                    "support": 287.0
                },
                "2": {
                    "precision": 0.25555555555555554,
                    "recall": 0.27058823529411763,
                    "f1-score": 0.26285714285714284,
                    "support": 255.0
                },
                "3": {
                    "precision": 0.3,
                    "recall": 0.2906574394463668,
                    "f1-score": 0.29525483304042177,
                    "support": 289.0
                },
                "accuracy": 0.27223230490018147,
                "macro avg": {
                    "precision": 0.27192460317460315,
                    "recall": 0.27242309694476086,
                    "f1-score": 0.2720387322969726,
                    "support": 1102.0
                },
                "weighted avg": {
                    "precision": 0.27230252355025497,
                    "recall": 0.27223230490018147,
                    "f1-score": 0.27213386932213474,
                    "support": 1102.0
                }
            },
            "auroc_per_class": {
                "class_0": 0.5289319319185971,
                "class_1": 0.49475000534404995,
                "class_2": 0.5376368729309906,
                "class_3": 0.5272113620790186
            }
        },
        {
            "fold": 4,
            "accuracy": 0.2815622161671208,
            "auroc": 0.531289516198819,
            "n_train_samples": 4407,
            "n_test_samples": 1101,
            "classification_report": {
                "0": {
                    "precision": 0.26501766784452296,
                    "recall": 0.2767527675276753,
                    "f1-score": 0.27075812274368233,
                    "support": 271.0
                },
                "1": {
                    "precision": 0.29642857142857143,
                    "recall": 0.2996389891696751,
                    "f1-score": 0.2980251346499102,
                    "support": 277.0
                },
                "2": {
                    "precision": 0.27099236641221375,
                    "recall": 0.2610294117647059,
                    "f1-score": 0.26591760299625467,
                    "support": 272.0
                },
                "3": {
                    "precision": 0.29347826086956524,
                    "recall": 0.28825622775800713,
                    "f1-score": 0.29084380610412924,
                    "support": 281.0
                },
                "accuracy": 0.2815622161671208,
                "macro avg": {
                    "precision": 0.28147921663871833,
                    "recall": 0.28141934905501587,
                    "f1-score": 0.2813861666234941,
                    "support": 1101.0
                },
                "weighted avg": {
                    "precision": 0.28166014281566754,
                    "recall": 0.2815622161671208,
                    "f1-score": 0.28154869308974084,
                    "support": 1101.0
                }
            },
            "auroc_per_class": {
                "class_0": 0.5167252033966123,
                "class_1": 0.5491680102344817,
                "class_2": 0.5185131803022778,