{
    "subject_id": 1,
    "trial_id": 0,
    "eval_name": "gpt2_surprisal",
    "k_folds": 5,
    "mean_accuracy": 0.50770919681864,
    "std_accuracy": 0.01559570678824618,
    "fold_results": [
        {
            "fold": 1,
            "accuracy": 0.5372945638432364,
            "auroc": 0.5451789893719066,
            "n_train_samples": 3162,
            "n_test_samples": 791,
            "classification_report": {
                "0": {
                    "precision": 0.545,
                    "recall": 0.5422885572139303,
                    "f1-score": 0.543640897755611,
                    "support": 402.0
                },
                "1": {
                    "precision": 0.5294117647058824,
                    "recall": 0.532133676092545,
                    "f1-score": 0.5307692307692308,
                    "support": 389.0
                },
                "accuracy": 0.5372945638432364,
                "macro avg": {
                    "precision": 0.5372058823529412,
                    "recall": 0.5372111166532376,
                    "f1-score": 0.5372050642624209,
                    "support": 791.0
                },
                "weighted avg": {
                    "precision": 0.5373339778389231,
                    "recall": 0.5372945638432364,
                    "f1-score": 0.5373108364942938,
                    "support": 791.0
                }
            }
        },
        {
            "fold": 2,
            "accuracy": 0.504424778761062,
            "auroc": 0.504194158866554,
            "n_train_samples": 3162,
            "n_test_samples": 791,
            "classification_report": {
                "0": {
                    "precision": 0.5,
                    "recall": 0.5025510204081632,
                    "f1-score": 0.5012722646310432,
                    "support": 392.0
                },
                "1": {
                    "precision": 0.5088161209068011,
                    "recall": 0.506265664160401,
                    "f1-score": 0.507537688442211,
                    "support": 399.0
                },
                "accuracy": 0.504424778761062,
                "macro avg": {
                    "precision": 0.5044080604534005,
                    "recall": 0.5044083422842821,
                    "f1-score": 0.5044049765366272,
                    "support": 791.0
                },
                "weighted avg": {
                    "precision": 0.504447069837944,
                    "recall": 0.504424778761062,
                    "f1-score": 0.5044326996508358,
                    "support": 791.0
                }
            }
        },
        {
            "fold": 3,
            "accuracy": 0.506953223767383,
            "auroc": 0.5108425157458599,
            "n_train_samples": 3162,
            "n_test_samples": 791,
            "classification_report": {
                "0": {
                    "precision": 0.5357142857142857,
                    "recall": 0.5023923444976076,
                    "f1-score": 0.5185185185185185,
                    "support": 418.0
                },
                "1": {
                    "precision": 0.47869674185463656,
                    "recall": 0.5120643431635389,
                    "f1-score": 0.4948186528497409,
                    "support": 373.0
                },
                "accuracy": 0.506953223767383,
                "macro avg": {
                    "precision": 0.5072055137844611,
                    "recall": 0.5072283438305732,
                    "f1-score": 0.5066685856841298,
                    "support": 791.0
                },
                "weighted avg": {
                    "precision": 0.5088273781799632,
                    "recall": 0.506953223767383,
                    "f1-score": 0.5073427285128876,
                    "support": 791.0
                }
            }
        },
        {
            "fold": 4,
            "accuracy": 0.4936708860759494,
            "auroc": 0.4979300385109114,
            "n_train_samples": 3163,
            "n_test_samples": 790,
            "classification_report": {
                "0": {
                    "precision": 0.5130890052356021,
                    "recall": 0.47804878048780486,
                    "f1-score": 0.494949494949495,
                    "support": 410.0
                },
                "1": {
                    "precision": 0.47549019607843135,
                    "recall": 0.5105263157894737,
                    "f1-score": 0.49238578680203043,
                    "support": 380.0
                },
                "accuracy": 0.4936708860759494,
                "macro avg": {
                    "precision": 0.4942896006570167,
                    "recall": 0.4942875481386393,
                    "f1-score": 0.4936676408757627,
                    "support": 790.0
                },
                "weighted avg": {
                    "precision": 0.49500350209670985,
                    "recall": 0.4936708860759494,
                    "f1-score": 0.4937163188785626,
                    "support": 790.0
                }
            }
        },
        {
            "fold": 5,
            "accuracy": 0.4962025316455696,
            "auroc": 0.5006896551724138,
            "n_train_samples": 3163,
            "n_test_samples": 790,
            "classification_report": {
                "0": {
                    "precision": 0.4463840399002494,
                    "recall": 0.504225352112676,
                    "f1-score": 0.47354497354497355,
                    "support": 355.0
                },
                "1": {
                    "precision": 0.5475578406169666,
                    "recall": 0.4896551724137931,
                    "f1-score": 0.5169902912621359,
                    "support": 435.0
                },
                "accuracy": 0.4962025316455696,
                "macro avg": {
                    "precision": 0.496970940258608,
                    "recall": 0.49694026226323457,
                    "f1-score": 0.49526763240355476,
                    "support": 790.0
                },
                "weighted avg": {
                    "precision": 0.5020936643455304,
                    "recall": 0.4962025316455696,
                    "f1-score": 0.4974673953259427,
                    "support": 790.0
                }
            }
        }
    ],
    "n_classes": 2
}