{
    "subject_id": 3,
    "trial_id": 0,
    "eval_name": "onset",
    "k_folds": 5,
    "mean_accuracy": 0.7495022736826016,
    "std_accuracy": 0.01765074191199958,
    "fold_results": [
        {
            "fold": 1,
            "accuracy": 0.725094577553594,
            "auroc": 0.8122471567055949,
            "n_train_samples": 3171,
            "n_test_samples": 793,
            "classification_report": {
                "0": {
                    "precision": 0.8047945205479452,
                    "recall": 0.5934343434343434,
                    "f1-score": 0.6831395348837209,
                    "support": 396.0
                },
                "1": {
                    "precision": 0.6786427145708582,
                    "recall": 0.8564231738035264,
                    "f1-score": 0.7572383073496659,
                    "support": 397.0
                },
                "accuracy": 0.725094577553594,
                "macro avg": {
                    "precision": 0.7417186175594017,
                    "recall": 0.7249287586189349,
                    "f1-score": 0.7201889211166934,
                    "support": 793.0
                },
                "weighted avg": {
                    "precision": 0.7416390766981299,
                    "recall": 0.725094577553594,
                    "f1-score": 0.7202356416541876,
                    "support": 793.0
                }
            }
        },
        {
            "fold": 2,
            "accuracy": 0.7364438839848676,
            "auroc": 0.8402316617052132,
            "n_train_samples": 3171,
            "n_test_samples": 793,
            "classification_report": {
                "0": {
                    "precision": 0.8263888888888888,
                    "recall": 0.5994962216624685,
                    "f1-score": 0.6948905109489051,
                    "support": 397.0
                },
                "1": {
                    "precision": 0.6851485148514852,
                    "recall": 0.8737373737373737,
                    "f1-score": 0.7680355160932297,
                    "support": 396.0
                },
                "accuracy": 0.7364438839848676,
                "macro avg": {
                    "precision": 0.7557687018701871,
                    "recall": 0.7366167976999212,
                    "f1-score": 0.7314630135210674,
                    "support": 793.0
                },
                "weighted avg": {
                    "precision": 0.7558577563304881,
                    "recall": 0.7364438839848676,
                    "f1-score": 0.7314168943501062,
                    "support": 793.0
                }
            }
        },
        {
            "fold": 3,
            "accuracy": 0.7566204287515763,
            "auroc": 0.8504948731648985,
            "n_train_samples": 3171,
            "n_test_samples": 793,
            "classification_report": {
                "0": {
                    "precision": 0.8161993769470405,
                    "recall": 0.6616161616161617,
                    "f1-score": 0.7308228730822873,
                    "support": 396.0
                },
                "1": {
                    "precision": 0.7161016949152542,
                    "recall": 0.8513853904282116,
                    "f1-score": 0.7779056386651323,
                    "support": 397.0
                },
                "accuracy": 0.7566204287515763,
                "macro avg": {
                    "precision": 0.7661505359311473,
                    "recall": 0.7565007760221867,
                    "f1-score": 0.7543642558737098,
                    "support": 793.0
                },
                "weighted avg": {
                    "precision": 0.7660874226385674,
                    "recall": 0.7566204287515763,
                    "f1-score": 0.7543939423589449,
                    "support": 793.0
                }
            }
        },
        {
            "fold": 4,
            "accuracy": 0.7528373266078184,
            "auroc": 0.8154657405287129,
            "n_train_samples": 3171,
            "n_test_samples": 793,
            "classification_report": {
                "0": {
                    "precision": 0.8361204013377926,
                    "recall": 0.6297229219143576,
                    "f1-score": 0.7183908045977011,
                    "support": 397.0
                },
                "1": {
                    "precision": 0.7024291497975709,
                    "recall": 0.8762626262626263,
                    "f1-score": 0.7797752808988764,
                    "support": 396.0
                },
                "accuracy": 0.7528373266078184,
                "macro avg": {
                    "precision": 0.7692747755676818,
                    "recall": 0.752992774088492,
                    "f1-score": 0.7490830427482887,
                    "support": 793.0
                },
                "weighted avg": {
                    "precision": 0.7693590701777324,
                    "recall": 0.7528373266078184,
                    "f1-score": 0.7490443387909741,
                    "support": 793.0
                }
            }
        },
        {
            "fold": 5,
            "accuracy": 0.7765151515151515,
            "auroc": 0.8661137894092439,
            "n_train_samples": 3172,
            "n_test_samples": 792,
            "classification_report": {
                "0": {
                    "precision": 0.8590163934426229,
                    "recall": 0.6616161616161617,
                    "f1-score": 0.7475035663338089,
                    "support": 396.0
                },
                "1": {
                    "precision": 0.7248459958932238,
                    "recall": 0.8914141414141414,
                    "f1-score": 0.7995469988674971,
                    "support": 396.0
                },
                "accuracy": 0.7765151515151515,
                "macro avg": {
                    "precision": 0.7919311946679234,
                    "recall": 0.7765151515151516,
                    "f1-score": 0.773525282600653,
                    "support": 792.0
                },
                "weighted avg": {
                    "precision": 0.7919311946679234,
                    "recall": 0.7765151515151515,
                    "f1-score": 0.7735252826006531,
                    "support": 792.0
                }
            }
        }
    ],
    "n_classes": 2
}