{
    "subject_id": 2,
    "trial_id": 1,
    "eval_name": "speaker",
    "k_folds": 5,
    "mean_accuracy": 0.2688687718955472,
    "std_accuracy": 0.02270272843322617,
    "fold_results": [
        {
            "fold": 1,
            "accuracy": 0.28637951105937137,
            "auroc": 0.5319501946183774,
            "n_train_samples": 3433,
            "n_test_samples": 859,
            "classification_report": {
                "0": {
                    "precision": 0.2850877192982456,
                    "recall": 0.30092592592592593,
                    "f1-score": 0.2927927927927928,
                    "support": 216.0
                },
                "1": {
                    "precision": 0.4143646408839779,
                    "recall": 0.25510204081632654,
                    "f1-score": 0.3157894736842105,
                    "support": 294.0
                },
                "2": {
                    "precision": 0.2079207920792079,
                    "recall": 0.2625,
                    "f1-score": 0.23204419889502761,
                    "support": 160.0
                },
                "3": {
                    "precision": 0.25806451612903225,
                    "recall": 0.3386243386243386,
                    "f1-score": 0.2929061784897025,
                    "support": 189.0
                },
                "accuracy": 0.28637951105937137,
                "macro avg": {
                    "precision": 0.2913594170976159,
                    "recall": 0.28928807634164777,
                    "f1-score": 0.28338316096543337,
                    "support": 859.0
                },
                "weighted avg": {
                    "precision": 0.3090147521180104,
                    "recall": 0.28637951105937137,
                    "f1-score": 0.2893733271992542,
                    "support": 859.0
                }
            },
            "auroc_per_class": {
                "class_0": 0.5369218362997523,
                "class_1": 0.5356932153392331,
                "class_2": 0.5059951716738198,
                "class_3": 0.5491905551607045
            }
        },
        {
            "fold": 2,
            "accuracy": 0.26658905704307334,
            "auroc": 0.5619816277231612,
            "n_train_samples": 3433,
            "n_test_samples": 859,
            "classification_report": {
                "0": {
                    "precision": 0.1735159817351598,
                    "recall": 0.42696629213483145,
                    "f1-score": 0.24675324675324675,
                    "support": 89.0
                },
                "1": {
                    "precision": 0.17689530685920576,
                    "recall": 0.28823529411764703,
                    "f1-score": 0.21923937360178972,
                    "support": 170.0
                },
                "2": {
                    "precision": 0.5193370165745856,
                    "recall": 0.2367758186397985,
                    "f1-score": 0.32525951557093424,
                    "support": 397.0
                },
                "3": {
                    "precision": 0.26373626373626374,
                    "recall": 0.23645320197044334,
                    "f1-score": 0.24935064935064935,
                    "support": 203.0
                },
                "accuracy": 0.26658905704307334,
                "macro avg": {
                    "precision": 0.2833711422263037,
                    "recall": 0.2971076517156801,
                    "f1-score": 0.26015069631915505,
                    "support": 859.0
                },
                "weighted avg": {
                    "precision": 0.3553322254471086,
                    "recall": 0.26658905704307334,
                    "f1-score": 0.2782048218546984,
                    "support": 859.0
                }
            },
            "auroc_per_class": {
                "class_0": 0.6629578286881659,
                "class_1": 0.4796806966618287,
                "class_2": 0.5475263611283763,
                "class_3": 0.5577616244142738
            }
        },
        {
            "fold": 3,
            "accuracy": 0.25757575757575757,
            "auroc": 0.5364621545240615,
            "n_train_samples": 3434,
            "n_test_samples": 858,
            "classification_report": {
                "0": {
                    "precision": 0.3054187192118227,
                    "recall": 0.22627737226277372,
                    "f1-score": 0.259958071278826,
                    "support": 274.0
                },
                "1": {
                    "precision": 0.2938388625592417,
                    "recall": 0.25833333333333336,
                    "f1-score": 0.2749445676274945,
                    "support": 240.0
                },
                "2": {
                    "precision": 0.3184713375796178,
                    "recall": 0.2222222222222222,
                    "f1-score": 0.2617801047120419,
                    "support": 225.0
                },
                "3": {
                    "precision": 0.16376306620209058,
                    "recall": 0.3949579831932773,
                    "f1-score": 0.2315270935960591,
                    "support": 119.0
                },
                "accuracy": 0.25757575757575757,
                "macro avg": {
                    "precision": 0.2703729963881932,
                    "recall": 0.27544772775290166,
                    "f1-score": 0.2570524593036054,
                    "support": 858.0
                },
                "weighted avg": {
                    "precision": 0.2859556082887182,
                    "recall": 0.25757575757575757,
                    "f1-score": 0.2606846800223047,
                    "support": 858.0
                }
            },
            "auroc_per_class": {
                "class_0": 0.5487326267373263,
                "class_1": 0.5229874595469255,
                "class_2": 0.5334421625416886,
                "class_3": 0.5406863692703061
            }
        },
        {
            "fold": 4,
            "accuracy": 0.29953379953379955,
            "auroc": 0.557792519656358,
            "n_train_samples": 3434,
            "n_test_samples": 858,
            "classification_report": {
                "0": {
                    "precision": 0.4660633484162896,
                    "recall": 0.3198757763975155,
                    "f1-score": 0.37937384898710863,
                    "support": 322.0
                },
                "1": {
                    "precision": 0.1708542713567839,
                    "recall": 0.265625,
                    "f1-score": 0.20795107033639143,
                    "support": 128.0
                },
                "2": {
                    "precision": 0.16363636363636364,
                    "recall": 0.32432432432432434,
                    "f1-score": 0.2175226586102719,
                    "support": 111.0
                },
                "3": {
                    "precision": 0.3853211009174312,
                    "recall": 0.2828282828282828,
                    "f1-score": 0.3262135922330097,
                    "support": 297.0
                },
                "accuracy": 0.29953379953379955,
                "macro avg": {
                    "precision": 0.2964687710817171,
                    "recall": 0.2981633458875307,
                    "f1-score": 0.2827652925416954,
                    "support": 858.0
                },
                "weighted avg": {
                    "precision": 0.35494842454525294,
                    "recall": 0.29953379953379955,
                    "f1-score": 0.3144598699019244,
                    "support": 858.0
                }
            },
            "auroc_per_class": {
                "class_0": 0.5679840317048299,
                "class_1": 0.5251498287671232,
                "class_2": 0.6004860281968716,