{
    "subject_id": 7,
    "trial_id": 0,
    "eval_name": "word_head_pos",
    "k_folds": 5,
    "mean_accuracy": 0.5532085910289694,
    "std_accuracy": 0.010900784691065068,
    "fold_results": [
        {
            "fold": 1,
            "accuracy": 0.5629441624365482,
            "auroc": 0.5750244656778541,
            "n_train_samples": 7878,
            "n_test_samples": 1970,
            "classification_report": {
                "0": {
                    "precision": 0.5848074921956296,
                    "recall": 0.548828125,
                    "f1-score": 0.5662468513853904,
                    "support": 1024.0
                },
                "1": {
                    "precision": 0.5421209117938554,
                    "recall": 0.5782241014799154,
                    "f1-score": 0.5595907928388747,
                    "support": 946.0
                },
                "accuracy": 0.5629441624365482,
                "macro avg": {
                    "precision": 0.5634642019947425,
                    "recall": 0.5635261132399577,
                    "f1-score": 0.5629188221121326,
                    "support": 1970.0
                },
                "weighted avg": {
                    "precision": 0.564309266276808,
                    "recall": 0.5629441624365482,
                    "f1-score": 0.563050591799094,
                    "support": 1970.0
                }
            }
        },
        {
            "fold": 2,
            "accuracy": 0.5604060913705584,
            "auroc": 0.5678290877110138,
            "n_train_samples": 7878,
            "n_test_samples": 1970,
            "classification_report": {
                "0": {
                    "precision": 0.5520082389289392,
                    "recall": 0.5542916235780765,
                    "f1-score": 0.5531475748194015,
                    "support": 967.0
                },
                "1": {
                    "precision": 0.5685685685685685,
                    "recall": 0.5663010967098704,
                    "f1-score": 0.5674325674325674,
                    "support": 1003.0
                },
                "accuracy": 0.5604060913705584,
                "macro avg": {
                    "precision": 0.5602884037487539,
                    "recall": 0.5602963601439734,
                    "f1-score": 0.5602900711259844,
                    "support": 1970.0
                },
                "weighted avg": {
                    "precision": 0.5604397164053596,
                    "recall": 0.5604060913705584,
                    "f1-score": 0.5604205939011301,
                    "support": 1970.0
                }
            }
        },
        {
            "fold": 3,
            "accuracy": 0.5380710659898477,
            "auroc": 0.5571842665486153,
            "n_train_samples": 7878,
            "n_test_samples": 1970,
            "classification_report": {
                "0": {
                    "precision": 0.5205616850551655,
                    "recall": 0.5457413249211357,
                    "f1-score": 0.5328542094455853,
                    "support": 951.0
                },
                "1": {
                    "precision": 0.5560123329907503,
                    "recall": 0.5309126594700687,
                    "f1-score": 0.5431726907630522,
                    "support": 1019.0
                },
                "accuracy": 0.5380710659898477,
                "macro avg": {
                    "precision": 0.5382870090229579,
                    "recall": 0.5383269921956022,
                    "f1-score": 0.5380134501043188,
                    "support": 1970.0
                },
                "weighted avg": {
                    "precision": 0.53889884761677,
                    "recall": 0.5380710659898477,
                    "f1-score": 0.538191535568681,
                    "support": 1970.0
                }
            }
        },
        {
            "fold": 4,
            "accuracy": 0.5418994413407822,
            "auroc": 0.5625862033366369,
            "n_train_samples": 7879,
            "n_test_samples": 1969,
            "classification_report": {
                "0": {
                    "precision": 0.5300829875518672,
                    "recall": 0.5322916666666667,
                    "f1-score": 0.5311850311850311,
                    "support": 960.0
                },
                "1": {
                    "precision": 0.5532338308457712,
                    "recall": 0.5510406342913776,
                    "f1-score": 0.5521350546176763,
                    "support": 1009.0
                },
                "accuracy": 0.5418994413407822,
                "macro avg": {
                    "precision": 0.5416584091988192,
                    "recall": 0.5416661504790221,
                    "f1-score": 0.5416600429013537,
                    "support": 1969.0
                },
                "weighted avg": {
                    "precision": 0.5419464720026286,
                    "recall": 0.5418994413407822,
                    "f1-score": 0.5419207212020647,
                    "support": 1969.0
                }
            }
        },
        {
            "fold": 5,
            "accuracy": 0.5627221940071102,
            "auroc": 0.5832121004221799,
            "n_train_samples": 7879,
            "n_test_samples": 1969,
            "classification_report": {
                "0": {
                    "precision": 0.5853658536585366,
                    "recall": 0.5401174168297456,
                    "f1-score": 0.5618320610687023,
                    "support": 1022.0
                },
                "1": {
                    "precision": 0.5419103313840156,
                    "recall": 0.587117212249208,
                    "f1-score": 0.5636087176887988,
                    "support": 947.0
                },
                "accuracy": 0.5627221940071102,
                "macro avg": {
                    "precision": 0.5636380925212761,
                    "recall": 0.5636173145394767,
                    "f1-score": 0.5627203893787506,
                    "support": 1969.0
                },
                "weighted avg": {
                    "precision": 0.5644657116605826,
                    "recall": 0.5627221940071102,
                    "f1-score": 0.5626865525970068,
                    "support": 1969.0
                }
            }
        }
    ],
    "n_classes": 2
}