{
    "subject_id": 10,
    "trial_id": 1,
    "eval_name": "local_flow_angle",
    "k_folds": 5,
    "mean_accuracy": 0.2221674876847291,
    "std_accuracy": 0.02699938838629502,
    "fold_results": [
        {
            "fold": 1,
            "accuracy": 0.2413793103448276,
            "auroc": 0.49565217391304345,
            "n_train_samples": 115,
            "n_test_samples": 29,
            "classification_report": {
                "0": {
                    "precision": 0.4,
                    "recall": 0.3333333333333333,
                    "f1-score": 0.36363636363636365,
                    "support": 6.0
                },
                "1": {
                    "precision": 0.3,
                    "recall": 0.3333333333333333,
                    "f1-score": 0.3157894736842105,
                    "support": 9.0
                },
                "2": {
                    "precision": 0.2857142857142857,
                    "recall": 0.25,
                    "f1-score": 0.26666666666666666,
                    "support": 8.0
                },
                "3": {
                    "precision": 0.0,
                    "recall": 0.0,
                    "f1-score": 0.0,
                    "support": 6.0
                },
                "accuracy": 0.2413793103448276,
                "macro avg": {
                    "precision": 0.2464285714285714,
                    "recall": 0.22916666666666666,
                    "f1-score": 0.2365231259968102,
                    "support": 29.0
                },
                "weighted avg": {
                    "precision": 0.254679802955665,
                    "recall": 0.2413793103448276,
                    "f1-score": 0.2468019578727383,
                    "support": 29.0
                }
            },
            "auroc_per_class": {
                "class_0": 0.6086956521739131,
                "class_1": 0.45,
                "class_2": 0.5833333333333333,
                "class_3": 0.34057971014492755
            }
        },
        {
            "fold": 2,
            "accuracy": 0.1724137931034483,
            "auroc": 0.4305645743145743,
            "n_train_samples": 115,
            "n_test_samples": 29,
            "classification_report": {
                "0": {
                    "precision": 0.2,
                    "recall": 0.2857142857142857,
                    "f1-score": 0.23529411764705882,
                    "support": 7.0
                },
                "1": {
                    "precision": 0.6666666666666666,
                    "recall": 0.4,
                    "f1-score": 0.5,
                    "support": 5.0
                },
                "2": {
                    "precision": 0.0,
                    "recall": 0.0,
                    "f1-score": 0.0,
                    "support": 8.0
                },
                "3": {
                    "precision": 0.09090909090909091,
                    "recall": 0.1111111111111111,
                    "f1-score": 0.1,
                    "support": 9.0
                },
                "accuracy": 0.1724137931034483,
                "macro avg": {
                    "precision": 0.2393939393939394,
                    "recall": 0.19920634920634922,
                    "f1-score": 0.2088235294117647,
                    "support": 29.0
                },
                "weighted avg": {
                    "precision": 0.19143155694879835,
                    "recall": 0.1724137931034483,
                    "f1-score": 0.1740365111561866,
                    "support": 29.0
                }
            },
            "auroc_per_class": {
                "class_0": 0.3766233766233766,
                "class_1": 0.6833333333333333,
                "class_2": 0.2678571428571429,
                "class_3": 0.39444444444444443
            }
        },
        {
            "fold": 3,
            "accuracy": 0.2413793103448276,
            "auroc": 0.4653314077227121,
            "n_train_samples": 115,
            "n_test_samples": 29,
            "classification_report": {
                "0": {
                    "precision": 0.5,
                    "recall": 0.3333333333333333,
                    "f1-score": 0.4,
                    "support": 6.0
                },
                "1": {
                    "precision": 0.6666666666666666,
                    "recall": 0.18181818181818182,
                    "f1-score": 0.2857142857142857,
                    "support": 11.0
                },
                "2": {
                    "precision": 0.0,
                    "recall": 0.0,
                    "f1-score": 0.0,
                    "support": 3.0
                },
                "3": {
                    "precision": 0.3,
                    "recall": 0.3333333333333333,
                    "f1-score": 0.3157894736842105,
                    "support": 9.0
                },
                "accuracy": 0.2413793103448276,
                "macro avg": {
                    "precision": 0.36666666666666664,
                    "recall": 0.2121212121212121,
                    "f1-score": 0.25037593984962403,
                    "support": 29.0
                },
                "weighted avg": {
                    "precision": 0.44942528735632176,
                    "recall": 0.2413793103448276,
                    "f1-score": 0.28913663469017375,
                    "support": 29.0
                }
            },
            "auroc_per_class": {
                "class_0": 0.5072463768115942,
                "class_1": 0.7070707070707071,
                "class_2": 0.2692307692307692,
                "class_3": 0.37777777777777777
            }
        },
        {
            "fold": 4,
            "accuracy": 0.2413793103448276,
            "auroc": 0.512014411027569,
            "n_train_samples": 115,
            "n_test_samples": 29,
            "classification_report": {
                "0": {
                    "precision": 0.375,
                    "recall": 0.375,
                    "f1-score": 0.375,
                    "support": 8.0
                },
                "1": {
                    "precision": 0.1111111111111111,
                    "recall": 0.125,
                    "f1-score": 0.11764705882352941,
                    "support": 8.0
                },
                "2": {
                    "precision": 0.4,
                    "recall": 0.2,
                    "f1-score": 0.26666666666666666,
                    "support": 10.0
                },
                "3": {
                    "precision": 0.14285714285714285,
                    "recall": 0.3333333333333333,
                    "f1-score": 0.2,
                    "support": 3.0
                },
                "accuracy": 0.2413793103448276,
                "macro avg": {
                    "precision": 0.25724206349206347,
                    "recall": 0.2583333333333333,
                    "f1-score": 0.239828431372549,
                    "support": 29.0
                },
                "weighted avg": {
                    "precision": 0.2868089764641489,
                    "recall": 0.2413793103448276,
                    "f1-score": 0.2485463150777552,
                    "support": 29.0
                }
            },
            "auroc_per_class": {
                "class_0": 0.5357142857142858,
                "class_1": 0.3035714285714286,
                "class_2": 0.5421052631578948,
                "class_3": 0.6666666666666666
            }
        },
        {
            "fold": 5,
            "accuracy": 0.21428571428571427,
            "auroc": 0.4873612602935911,
            "n_train_samples": 116,
            "n_test_samples": 28,
            "classification_report": {
                "0": {
                    "precision": 0.5,
                    "recall": 0.2222222222222222,