{
    "subject_id": 2,
    "trial_id": 1,
    "eval_name": "face_num",
    "k_folds": 5,
    "mean_accuracy": 0.33769123783031996,
    "std_accuracy": 0.0068676436484529195,
    "fold_results": [
        {
            "fold": 1,
            "accuracy": 0.34028743625405655,
            "auroc": 0.5046057368339445,
            "n_train_samples": 8628,
            "n_test_samples": 2157,
            "classification_report": {
                "0": {
                    "precision": 0.311284046692607,
                    "recall": 0.3815580286168522,
                    "f1-score": 0.34285714285714286,
                    "support": 629.0
                },
                "1": {
                    "precision": 0.3179271708683473,
                    "recall": 0.3229018492176387,
                    "f1-score": 0.3203952011291461,
                    "support": 703.0
                },
                "2": {
                    "precision": 0.39732142857142855,
                    "recall": 0.3236363636363636,
                    "f1-score": 0.35671342685370744,
                    "support": 825.0
                },
                "accuracy": 0.34028743625405655,
                "macro avg": {
                    "precision": 0.3421775487107943,
                    "recall": 0.34269874715695153,
                    "f1-score": 0.3399885902799988,
                    "support": 2157.0
                },
                "weighted avg": {
                    "precision": 0.34635634912449076,
                    "recall": 0.34028743625405655,
                    "f1-score": 0.34083613648828986,
                    "support": 2157.0
                }
            },
            "auroc_per_class": {
                "class_0": 0.5115303939603293,
                "class_1": 0.49581671007139766,
                "class_2": 0.5064701064701065
            }
        },
        {
            "fold": 2,
            "accuracy": 0.33611497450162264,
            "auroc": 0.5002320985163863,
            "n_train_samples": 8628,
            "n_test_samples": 2157,
            "classification_report": {
                "0": {
                    "precision": 0.3235294117647059,
                    "recall": 0.3746130030959752,
                    "f1-score": 0.3472022955523673,
                    "support": 646.0
                },
                "1": {
                    "precision": 0.3170028818443804,
                    "recall": 0.3064066852367688,
                    "f1-score": 0.311614730878187,
                    "support": 718.0
                },
                "2": {
                    "precision": 0.3678321678321678,
                    "recall": 0.3316519546027743,
                    "f1-score": 0.34880636604774534,
                    "support": 793.0
                },
                "accuracy": 0.33611497450162264,
                "macro avg": {
                    "precision": 0.33612148714708473,
                    "recall": 0.33755721431183944,
                    "f1-score": 0.3358744641594332,
                    "support": 2157.0
                },
                "weighted avg": {
                    "precision": 0.33764440345626995,
                    "recall": 0.33611497450162264,
                    "f1-score": 0.335945993497093,
                    "support": 2157.0
                }
            },
            "auroc_per_class": {
                "class_0": 0.5208717086054179,
                "class_1": 0.4818622108745434,
                "class_2": 0.4979623760691978
            }
        },
        {
            "fold": 3,
            "accuracy": 0.3300880853036625,
            "auroc": 0.5032957068107199,
            "n_train_samples": 8628,
            "n_test_samples": 2157,
            "classification_report": {
                "0": {
                    "precision": 0.427536231884058,
                    "recall": 0.3165236051502146,
                    "f1-score": 0.3637484586929716,
                    "support": 932.0
                },
                "1": {
                    "precision": 0.3116531165311653,
                    "recall": 0.34795763993948564,
                    "f1-score": 0.3288062902072909,
                    "support": 661.0
                },
                "2": {
                    "precision": 0.25651577503429357,
                    "recall": 0.33156028368794327,
                    "f1-score": 0.28924980665119876,
                    "support": 564.0
                },
                "accuracy": 0.3300880853036625,
                "macro avg": {
                    "precision": 0.3319017078165056,
                    "recall": 0.33201384292588115,
                    "f1-score": 0.32726818518382045,
                    "support": 2157.0
                },
                "weighted avg": {
                    "precision": 0.3473070817164506,
                    "recall": 0.3300880853036625,
                    "f1-score": 0.33356115543817566,
                    "support": 2157.0
                }
            },
            "auroc_per_class": {
                "class_0": 0.4981448716825786,
                "class_1": 0.5142599124645044,
                "class_2": 0.49748233628507693
            }
        },
        {
            "fold": 4,
            "accuracy": 0.33240611961057026,
            "auroc": 0.49749100505472893,
            "n_train_samples": 8628,
            "n_test_samples": 2157,
            "classification_report": {
                "0": {
                    "precision": 0.29852744310575635,
                    "recall": 0.3328358208955224,
                    "f1-score": 0.3147494707127735,
                    "support": 670.0
                },
                "1": {
                    "precision": 0.35942028985507246,
                    "recall": 0.3237597911227154,
                    "f1-score": 0.34065934065934067,
                    "support": 766.0
                },
                "2": {
                    "precision": 0.3416666666666667,
                    "recall": 0.34119278779472956,
                    "f1-score": 0.3414295628036086,
                    "support": 721.0
                },
                "accuracy": 0.33240611961057026,
                "macro avg": {
                    "precision": 0.3332047998758318,
                    "recall": 0.3325961332709891,
                    "f1-score": 0.33227945805857423,
                    "support": 2157.0
                },
                "weighted avg": {
                    "precision": 0.33457162520932265,
                    "recall": 0.33240611961057026,
                    "f1-score": 0.33286875989986786,
                    "support": 2157.0
                }
            },
            "auroc_per_class": {
                "class_0": 0.4887241666583023,
                "class_1": 0.504265578983131,
                "class_2": 0.4994832695227535
            }
        },
        {
            "fold": 5,
            "accuracy": 0.34955957348168754,
            "auroc": 0.5210190525728385,
            "n_train_samples": 8628,
            "n_test_samples": 2157,
            "classification_report": {
                "0": {
                    "precision": 0.3604806408544726,
                    "recall": 0.37604456824512533,
                    "f1-score": 0.36809815950920244,
                    "support": 718.0
                },
                "1": {
                    "precision": 0.35777126099706746,
                    "recall": 0.32663989290495316,
                    "f1-score": 0.34149755073477955,
                    "support": 747.0
                },
                "2": {
                    "precision": 0.3305785123966942,
                    "recall": 0.3468208092485549,
                    "f1-score": 0.3385049365303244,
                    "support": 692.0
                },
                "accuracy": 0.34955957348168754,