{
    "subject_id": 1,
    "trial_id": 2,
    "eval_name": "word_index",
    "k_folds": 5,
    "mean_accuracy": 0.2723039215686274,
    "std_accuracy": 0.010778741876125505,
    "fold_results": [
        {
            "fold": 1,
            "accuracy": 0.28431372549019607,
            "auroc": 0.5422638400639349,
            "n_train_samples": 3264,
            "n_test_samples": 816,
            "classification_report": {
                "0": {
                    "precision": 0.29333333333333333,
                    "recall": 0.34196891191709844,
                    "f1-score": 0.3157894736842105,
                    "support": 193.0
                },
                "1": {
                    "precision": 0.2677595628415301,
                    "recall": 0.23671497584541062,
                    "f1-score": 0.2512820512820513,
                    "support": 207.0
                },
                "2": {
                    "precision": 0.2916666666666667,
                    "recall": 0.27450980392156865,
                    "f1-score": 0.2828282828282828,
                    "support": 204.0
                },
                "3": {
                    "precision": 0.2824074074074074,
                    "recall": 0.28773584905660377,
                    "f1-score": 0.2850467289719626,
                    "support": 212.0
                },
                "accuracy": 0.28431372549019607,
                "macro avg": {
                    "precision": 0.2837917425622344,
                    "recall": 0.28523238518517036,
                    "f1-score": 0.28373663419162676,
                    "support": 816.0
                },
                "weighted avg": {
                    "precision": 0.28359060442634854,
                    "recall": 0.28431372549019607,
                    "f1-score": 0.2831980750924792,
                    "support": 816.0
                }
            },
            "auroc_per_class": {
                "class_0": 0.5634361563219921,
                "class_1": 0.5361723899954784,
                "class_2": 0.5312580097398436,
                "class_3": 0.5381888041984256
            }
        },
        {
            "fold": 2,
            "accuracy": 0.25612745098039214,
            "auroc": 0.5139652867851064,
            "n_train_samples": 3264,
            "n_test_samples": 816,
            "classification_report": {
                "0": {
                    "precision": 0.25688073394495414,
                    "recall": 0.2731707317073171,
                    "f1-score": 0.2647754137115839,
                    "support": 205.0
                },
                "1": {
                    "precision": 0.2541436464088398,
                    "recall": 0.21904761904761905,
                    "f1-score": 0.23529411764705882,
                    "support": 210.0
                },
                "2": {
                    "precision": 0.24120603015075376,
                    "recall": 0.22857142857142856,
                    "f1-score": 0.23471882640586797,
                    "support": 210.0
                },
                "3": {
                    "precision": 0.2706422018348624,
                    "recall": 0.3089005235602094,
                    "f1-score": 0.2885085574572127,
                    "support": 191.0
                },
                "accuracy": 0.25612745098039214,
                "macro avg": {
                    "precision": 0.2557181530848525,
                    "recall": 0.2574225757216435,
                    "f1-score": 0.2558242288054309,
                    "support": 816.0
                },
                "weighted avg": {
                    "precision": 0.25536353319447175,
                    "recall": 0.25612745098039214,
                    "f1-score": 0.2550083486964669,
                    "support": 816.0
                }
            },
            "auroc_per_class": {
                "class_0": 0.5227336234082471,
                "class_1": 0.49297501178689296,
                "class_2": 0.49572528681439576,
                "class_3": 0.54442722513089
            }
        },
        {
            "fold": 3,
            "accuracy": 0.28431372549019607,
            "auroc": 0.5344355850204563,
            "n_train_samples": 3264,
            "n_test_samples": 816,
            "classification_report": {
                "0": {
                    "precision": 0.28780487804878047,
                    "recall": 0.28921568627450983,
                    "f1-score": 0.2885085574572127,
                    "support": 204.0
                },
                "1": {
                    "precision": 0.2583732057416268,
                    "recall": 0.271356783919598,
                    "f1-score": 0.2647058823529412,
                    "support": 199.0
                },
                "2": {
                    "precision": 0.2736318407960199,
                    "recall": 0.2570093457943925,
                    "f1-score": 0.26506024096385544,
                    "support": 214.0
                },
                "3": {
                    "precision": 0.31840796019900497,
                    "recall": 0.32160804020100503,
                    "f1-score": 0.32,
                    "support": 199.0
                },
                "accuracy": 0.28431372549019607,
                "macro avg": {
                    "precision": 0.284554471196358,
                    "recall": 0.2847974640473763,
                    "f1-score": 0.28456867019350235,
                    "support": 816.0
                },
                "weighted avg": {
                    "precision": 0.28437360425794755,
                    "recall": 0.28431372549019607,
                    "f1-score": 0.28423420082815165,
                    "support": 816.0
                }
            },
            "auroc_per_class": {
                "class_0": 0.5429001666025888,
                "class_1": 0.5193267797659284,
                "class_2": 0.5077739311329835,
                "class_3": 0.5677414625803247
            }
        },
        {
            "fold": 4,
            "accuracy": 0.26838235294117646,
            "auroc": 0.5163206044047373,
            "n_train_samples": 3264,
            "n_test_samples": 816,
            "classification_report": {
                "0": {
                    "precision": 0.32338308457711445,
                    "recall": 0.29545454545454547,
                    "f1-score": 0.3087885985748218,
                    "support": 220.0
                },
                "1": {
                    "precision": 0.2222222222222222,
                    "recall": 0.22439024390243903,
                    "f1-score": 0.22330097087378642,
                    "support": 205.0
                },
                "2": {
                    "precision": 0.23671497584541062,
                    "recall": 0.24378109452736318,
                    "f1-score": 0.24019607843137256,
                    "support": 201.0
                },
                "3": {
                    "precision": 0.2935323383084577,
                    "recall": 0.3105263157894737,
                    "f1-score": 0.30179028132992325,
                    "support": 190.0
                },
                "accuracy": 0.26838235294117646,
                "macro avg": {
                    "precision": 0.2689631552383013,
                    "recall": 0.26853804991845537,
                    "f1-score": 0.26851898230247606,
                    "support": 816.0
                },
                "weighted avg": {
                    "precision": 0.26966996150251865,
                    "recall": 0.26838235294117646,
                    "f1-score": 0.2687864656041401,
                    "support": 816.0
                }
            },
            "auroc_per_class": {
                "class_0": 0.5353416717510677,
                "class_1": 0.46832461777972934,
                "class_2": 0.49911822998827005,