{
    "subject_id": 2,
    "trial_id": 4,
    "eval_name": "global_flow_angle",
    "k_folds": 5,
    "mean_accuracy": 0.22572037577958476,
    "std_accuracy": 0.013535510228325259,
    "fold_results": [
        {
            "fold": 1,
            "accuracy": 0.23430962343096234,
            "auroc": 0.4867370985560855,
            "n_train_samples": 1910,
            "n_test_samples": 478,
            "classification_report": {
                "0": {
                    "precision": 0.24060150375939848,
                    "recall": 0.25806451612903225,
                    "f1-score": 0.2490272373540856,
                    "support": 124.0
                },
                "1": {
                    "precision": 0.2536231884057971,
                    "recall": 0.330188679245283,
                    "f1-score": 0.28688524590163933,
                    "support": 106.0
                },
                "2": {
                    "precision": 0.17142857142857143,
                    "recall": 0.1592920353982301,
                    "f1-score": 0.1651376146788991,
                    "support": 113.0
                },
                "3": {
                    "precision": 0.2647058823529412,
                    "recall": 0.2,
                    "f1-score": 0.22784810126582278,
                    "support": 135.0
                },
                "accuracy": 0.23430962343096234,
                "macro avg": {
                    "precision": 0.23258978648667705,
                    "recall": 0.23688630769313634,
                    "f1-score": 0.2322245498001117,
                    "support": 478.0
                },
                "weighted avg": {
                    "precision": 0.23394428269091114,
                    "recall": 0.23430962343096234,
                    "f1-score": 0.2316093255796696,
                    "support": 478.0
                }
            },
            "auroc_per_class": {
                "class_0": 0.4863768908328778,
                "class_1": 0.5025106512477175,
                "class_2": 0.45612801551703236,
                "class_3": 0.5019328366267142
            }
        },
        {
            "fold": 2,
            "accuracy": 0.2217573221757322,
            "auroc": 0.4665125474259441,
            "n_train_samples": 1910,
            "n_test_samples": 478,
            "classification_report": {
                "0": {
                    "precision": 0.27586206896551724,
                    "recall": 0.16901408450704225,
                    "f1-score": 0.2096069868995633,
                    "support": 142.0
                },
                "1": {
                    "precision": 0.15267175572519084,
                    "recall": 0.24096385542168675,
                    "f1-score": 0.18691588785046728,
                    "support": 83.0
                },
                "2": {
                    "precision": 0.2,
                    "recall": 0.23076923076923078,
                    "f1-score": 0.21428571428571427,
                    "support": 104.0
                },
                "3": {
                    "precision": 0.2714285714285714,
                    "recall": 0.2550335570469799,
                    "f1-score": 0.2629757785467128,
                    "support": 149.0
                },
                "accuracy": 0.2217573221757322,
                "macro avg": {
                    "precision": 0.22499059902981988,
                    "recall": 0.22394518193623492,
                    "f1-score": 0.21844609189561442,
                    "support": 478.0
                },
                "weighted avg": {
                    "precision": 0.23658373778483566,
                    "recall": 0.2217573221757322,
                    "f1-score": 0.2233207450219692,
                    "support": 478.0
                }
            },
            "auroc_per_class": {
                "class_0": 0.5019282360831656,
                "class_1": 0.4716791215494891,
                "class_2": 0.4368829699712053,
                "class_3": 0.45555986209991634
            }
        },
        {
            "fold": 3,
            "accuracy": 0.200836820083682,
            "auroc": 0.47234857949961473,
            "n_train_samples": 1910,
            "n_test_samples": 478,
            "classification_report": {
                "0": {
                    "precision": 0.20168067226890757,
                    "recall": 0.21238938053097345,
                    "f1-score": 0.20689655172413793,
                    "support": 113.0
                },
                "1": {
                    "precision": 0.27472527472527475,
                    "recall": 0.16666666666666666,
                    "f1-score": 0.2074688796680498,
                    "support": 150.0
                },
                "2": {
                    "precision": 0.1794871794871795,
                    "recall": 0.23728813559322035,
                    "f1-score": 0.20437956204379562,
                    "support": 118.0
                },
                "3": {
                    "precision": 0.16964285714285715,
                    "recall": 0.1958762886597938,
                    "f1-score": 0.18181818181818182,
                    "support": 97.0
                },
                "accuracy": 0.200836820083682,
                "macro avg": {
                    "precision": 0.20638399590605472,
                    "recall": 0.20305511786266356,
                    "f1-score": 0.20014079381354127,
                    "support": 478.0
                },
                "weighted avg": {
                    "precision": 0.21262249267264036,
                    "recall": 0.200836820083682,
                    "f1-score": 0.20136567835264976,
                    "support": 478.0
                }
            },
            "auroc_per_class": {
                "class_0": 0.46495332767608194,
                "class_1": 0.5034146341463415,
                "class_2": 0.414924670433145,
                "class_3": 0.5061016857428904
            }
        },
        {
            "fold": 4,
            "accuracy": 0.2348008385744235,
            "auroc": 0.47189755144784823,
            "n_train_samples": 1911,
            "n_test_samples": 477,
            "classification_report": {
                "0": {
                    "precision": 0.3364485981308411,
                    "recall": 0.28125,
                    "f1-score": 0.30638297872340425,
                    "support": 128.0
                },
                "1": {
                    "precision": 0.22448979591836735,
                    "recall": 0.21153846153846154,
                    "f1-score": 0.21782178217821782,
                    "support": 104.0
                },
                "2": {
                    "precision": 0.18571428571428572,
                    "recall": 0.21138211382113822,
                    "f1-score": 0.19771863117870722,
                    "support": 123.0
                },
                "3": {
                    "precision": 0.21212121212121213,
                    "recall": 0.22950819672131148,
                    "f1-score": 0.2204724409448819,
                    "support": 122.0
                },
                "accuracy": 0.2348008385744235,
                "macro avg": {
                    "precision": 0.23969347297117657,
                    "recall": 0.23341969302022783,
                    "f1-score": 0.23559895825630278,
                    "support": 477.0
                },
                "weighted avg": {
                    "precision": 0.24137107831845467,
                    "recall": 0.2348008385744235,
                    "f1-score": 0.23708074644315924,
                    "support": 477.0
                }
            },
            "auroc_per_class": {
                "class_0": 0.537025429799427,
                "class_1": 0.4417921220870282,
                "class_2": 0.42696706628083236,