{
    "subject_id": 9,
    "trial_id": 0,
    "eval_name": "onset",
    "k_folds": 5,
    "mean_accuracy": 0.6223389074693422,
    "std_accuracy": 0.025618199718394897,
    "fold_results": [
        {
            "fold": 1,
            "accuracy": 0.6033333333333334,
            "auroc": 0.6564,
            "n_train_samples": 1196,
            "n_test_samples": 300,
            "classification_report": {
                "0": {
                    "precision": 0.6013071895424836,
                    "recall": 0.6133333333333333,
                    "f1-score": 0.6072607260726073,
                    "support": 150.0
                },
                "1": {
                    "precision": 0.6054421768707483,
                    "recall": 0.5933333333333334,
                    "f1-score": 0.5993265993265994,
                    "support": 150.0
                },
                "accuracy": 0.6033333333333334,
                "macro avg": {
                    "precision": 0.603374683206616,
                    "recall": 0.6033333333333333,
                    "f1-score": 0.6032936626996033,
                    "support": 300.0
                },
                "weighted avg": {
                    "precision": 0.6033746832066159,
                    "recall": 0.6033333333333334,
                    "f1-score": 0.6032936626996034,
                    "support": 300.0
                }
            }
        },
        {
            "fold": 2,
            "accuracy": 0.6354515050167224,
            "auroc": 0.6851006711409395,
            "n_train_samples": 1197,
            "n_test_samples": 299,
            "classification_report": {
                "0": {
                    "precision": 0.6388888888888888,
                    "recall": 0.6174496644295302,
                    "f1-score": 0.6279863481228669,
                    "support": 149.0
                },
                "1": {
                    "precision": 0.632258064516129,
                    "recall": 0.6533333333333333,
                    "f1-score": 0.6426229508196721,
                    "support": 150.0
                },
                "accuracy": 0.6354515050167224,
                "macro avg": {
                    "precision": 0.635573476702509,
                    "recall": 0.6353914988814318,
                    "f1-score": 0.6353046494712695,
                    "support": 299.0
                },
                "weighted avg": {
                    "precision": 0.6355623883674374,
                    "recall": 0.6354515050167224,
                    "f1-score": 0.6353291253955117,
                    "support": 299.0
                }
            }
        },
        {
            "fold": 3,
            "accuracy": 0.6287625418060201,
            "auroc": 0.6765548098434004,
            "n_train_samples": 1197,
            "n_test_samples": 299,
            "classification_report": {
                "0": {
                    "precision": 0.6274509803921569,
                    "recall": 0.64,
                    "f1-score": 0.6336633663366337,
                    "support": 150.0
                },
                "1": {
                    "precision": 0.6301369863013698,
                    "recall": 0.6174496644295302,
                    "f1-score": 0.6237288135593221,
                    "support": 149.0
                },
                "accuracy": 0.6287625418060201,
                "macro avg": {
                    "precision": 0.6287939833467633,
                    "recall": 0.6287248322147652,
                    "f1-score": 0.6286960899479779,
                    "support": 299.0
                },
                "weighted avg": {
                    "precision": 0.6287894916980857,
                    "recall": 0.6287625418060201,
                    "f1-score": 0.6287127029124884,
                    "support": 299.0
                }
            }
        },
        {
            "fold": 4,
            "accuracy": 0.5852842809364549,
            "auroc": 0.5969127516778523,
            "n_train_samples": 1197,
            "n_test_samples": 299,
            "classification_report": {
                "0": {
                    "precision": 0.5827814569536424,
                    "recall": 0.5906040268456376,
                    "f1-score": 0.5866666666666667,
                    "support": 149.0
                },
                "1": {
                    "precision": 0.5878378378378378,
                    "recall": 0.58,
                    "f1-score": 0.5838926174496645,
                    "support": 150.0
                },
                "accuracy": 0.5852842809364549,
                "macro avg": {
                    "precision": 0.5853096473957401,
                    "recall": 0.5853020134228188,
                    "f1-score": 0.5852796420581656,
                    "support": 299.0
                },
                "weighted avg": {
                    "precision": 0.5853181028821685,
                    "recall": 0.5852842809364549,
                    "f1-score": 0.5852750031798762,
                    "support": 299.0
                }
            }
        },
        {
            "fold": 5,
            "accuracy": 0.6588628762541806,
            "auroc": 0.7119463087248322,
            "n_train_samples": 1197,
            "n_test_samples": 299,
            "classification_report": {
                "0": {
                    "precision": 0.6578947368421053,
                    "recall": 0.6666666666666666,
                    "f1-score": 0.6622516556291391,
                    "support": 150.0
                },
                "1": {
                    "precision": 0.6598639455782312,
                    "recall": 0.6510067114093959,
                    "f1-score": 0.6554054054054054,
                    "support": 149.0
                },
                "accuracy": 0.6588628762541806,
                "macro avg": {
                    "precision": 0.6588793412101683,
                    "recall": 0.6588366890380313,
                    "f1-score": 0.6588285305172723,
                    "support": 299.0
                },
                "weighted avg": {
                    "precision": 0.6588760482189707,
                    "recall": 0.6588628762541806,
                    "f1-score": 0.6588399790962417,
                    "support": 299.0
                }
            }
        }
    ],
    "n_classes": 2
}