{
    "subject_id": 10,
    "trial_id": 1,
    "eval_name": "word_index",
    "k_folds": 5,
    "mean_accuracy": 0.39057692307692304,
    "std_accuracy": 0.021828405574865706,
    "fold_results": [
        {
            "fold": 1,
            "accuracy": 0.35673076923076924,
            "auroc": 0.623105668570014,
            "n_train_samples": 4160,
            "n_test_samples": 1040,
            "classification_report": {
                "0": {
                    "precision": 0.44525547445255476,
                    "recall": 0.48031496062992124,
                    "f1-score": 0.4621212121212121,
                    "support": 254.0
                },
                "1": {
                    "precision": 0.2987551867219917,
                    "recall": 0.277992277992278,
                    "f1-score": 0.288,
                    "support": 259.0
                },
                "2": {
                    "precision": 0.28363636363636363,
                    "recall": 0.30952380952380953,
                    "f1-score": 0.29601518026565465,
                    "support": 252.0
                },
                "3": {
                    "precision": 0.396,
                    "recall": 0.36,
                    "f1-score": 0.37714285714285717,
                    "support": 275.0
                },
                "accuracy": 0.35673076923076924,
                "macro avg": {
                    "precision": 0.3559117562027275,
                    "recall": 0.3569577620365022,
                    "f1-score": 0.355819812382431,
                    "support": 1040.0
                },
                "weighted avg": {
                    "precision": 0.35658543029645035,
                    "recall": 0.35673076923076924,
                    "f1-score": 0.3560393259807871,
                    "support": 1040.0
                }
            },
            "auroc_per_class": {
                "class_0": 0.7204899721504279,
                "class_1": 0.5610295680718216,
                "class_2": 0.5676113931190072,
                "class_3": 0.6432917409387997
            }
        },
        {
            "fold": 2,
            "accuracy": 0.4230769230769231,
            "auroc": 0.6666812577367671,
            "n_train_samples": 4160,
            "n_test_samples": 1040,
            "classification_report": {
                "0": {
                    "precision": 0.5,
                    "recall": 0.6305220883534136,
                    "f1-score": 0.5577264653641207,
                    "support": 249.0
                },
                "1": {
                    "precision": 0.336996336996337,
                    "recall": 0.37398373983739835,
                    "f1-score": 0.35452793834296725,
                    "support": 246.0
                },
                "2": {
                    "precision": 0.3497942386831276,
                    "recall": 0.33073929961089493,
                    "f1-score": 0.34,
                    "support": 257.0
                },
                "3": {
                    "precision": 0.5047619047619047,
                    "recall": 0.3680555555555556,
                    "f1-score": 0.42570281124497994,
                    "support": 288.0
                },
                "accuracy": 0.4230769230769231,
                "macro avg": {
                    "precision": 0.4228881201103423,
                    "recall": 0.4258251708393156,
                    "f1-score": 0.41948930373801696,
                    "support": 1040.0
                },
                "weighted avg": {
                    "precision": 0.4256438911673954,
                    "recall": 0.4230769230769231,
                    "f1-score": 0.4192982426409521,
                    "support": 1040.0
                }
            },
            "auroc_per_class": {
                "class_0": 0.7752222543778147,
                "class_1": 0.6014519465093896,
                "class_2": 0.6159041102017084,
                "class_3": 0.674146719858156
            }
        },
        {
            "fold": 3,
            "accuracy": 0.40192307692307694,
            "auroc": 0.643676961973866,
            "n_train_samples": 4160,
            "n_test_samples": 1040,
            "classification_report": {
                "0": {
                    "precision": 0.543046357615894,
                    "recall": 0.6188679245283019,
                    "f1-score": 0.5784832451499118,
                    "support": 265.0
                },
                "1": {
                    "precision": 0.34831460674157305,
                    "recall": 0.34317343173431736,
                    "f1-score": 0.34572490706319703,
                    "support": 271.0
                },
                "2": {
                    "precision": 0.33707865168539325,
                    "recall": 0.3474903474903475,
                    "f1-score": 0.34220532319391633,
                    "support": 259.0
                },
                "3": {
                    "precision": 0.3480392156862745,
                    "recall": 0.2897959183673469,
                    "f1-score": 0.31625835189309576,
                    "support": 245.0
                },
                "accuracy": 0.40192307692307694,
                "macro avg": {
                    "precision": 0.3941197079322837,
                    "recall": 0.3998319055300784,
                    "f1-score": 0.3956679568250302,
                    "support": 1040.0
                },
                "weighted avg": {
                    "precision": 0.39507069406233875,
                    "recall": 0.40192307692307694,
                    "f1-score": 0.39721536990373635,
                    "support": 1040.0
                }
            },
            "auroc_per_class": {
                "class_0": 0.7847035909920876,
                "class_1": 0.5840263149055418,
                "class_2": 0.5910376262488939,
                "class_3": 0.614940315748941
            }
        },
        {
            "fold": 4,
            "accuracy": 0.38461538461538464,
            "auroc": 0.6569874438919838,
            "n_train_samples": 4160,
            "n_test_samples": 1040,
            "classification_report": {
                "0": {
                    "precision": 0.4813664596273292,
                    "recall": 0.6175298804780877,
                    "f1-score": 0.5410122164048866,
                    "support": 251.0
                },
                "1": {
                    "precision": 0.3115942028985507,
                    "recall": 0.32950191570881227,
                    "f1-score": 0.3202979515828678,
                    "support": 261.0
                },
                "2": {
                    "precision": 0.29245283018867924,
                    "recall": 0.24899598393574296,
                    "f1-score": 0.26898047722342733,
                    "support": 249.0
                },
                "3": {
                    "precision": 0.4217391304347826,
                    "recall": 0.34767025089605735,
                    "f1-score": 0.381139489194499,
                    "support": 279.0
                },
                "accuracy": 0.38461538461538464,
                "macro avg": {
                    "precision": 0.37678815578733543,
                    "recall": 0.3859245077546751,
                    "f1-score": 0.3778575336014202,
                    "support": 1040.0
                },
                "weighted avg": {
                    "precision": 0.3775336927223719,
                    "recall": 0.38461538461538464,
                    "f1-score": 0.3776018153794747,
                    "support": 1040.0
                }
            },
            "auroc_per_class": {
                "class_0": 0.7864890248890369,
                "class_1": 0.6103659766180238,
                "class_2": 0.5755411024629491,