{
    "subject_id": 7,
    "trial_id": 1,
    "eval_name": "word_index",
    "k_folds": 5,
    "mean_accuracy": 0.36201923076923076,
    "std_accuracy": 0.008236462355294152,
    "fold_results": [
        {
            "fold": 1,
            "accuracy": 0.37259615384615385,
            "auroc": 0.6425564114586638,
            "n_train_samples": 3328,
            "n_test_samples": 832,
            "classification_report": {
                "0": {
                    "precision": 0.4751131221719457,
                    "recall": 0.5198019801980198,
                    "f1-score": 0.49645390070921985,
                    "support": 202.0
                },
                "1": {
                    "precision": 0.3286384976525822,
                    "recall": 0.35175879396984927,
                    "f1-score": 0.33980582524271846,
                    "support": 199.0
                },
                "2": {
                    "precision": 0.26737967914438504,
                    "recall": 0.24752475247524752,
                    "f1-score": 0.2570694087403599,
                    "support": 202.0
                },
                "3": {
                    "precision": 0.4028436018957346,
                    "recall": 0.37117903930131,
                    "f1-score": 0.38636363636363635,
                    "support": 229.0
                },
                "accuracy": 0.37259615384615385,
                "macro avg": {
                    "precision": 0.36849372521616186,
                    "recall": 0.3725661414861067,
                    "f1-score": 0.36992319276398367,
                    "support": 832.0
                },
                "weighted avg": {
                    "precision": 0.36975215352510327,
                    "recall": 0.37259615384615385,
                    "f1-score": 0.37056531305215007,
                    "support": 832.0
                }
            },
            "auroc_per_class": {
                "class_0": 0.7356867829640106,
                "class_1": 0.6195511522859161,
                "class_2": 0.5679789407512179,
                "class_3": 0.6470087698335107
            }
        },
        {
            "fold": 2,
            "accuracy": 0.3545673076923077,
            "auroc": 0.622956500606865,
            "n_train_samples": 3328,
            "n_test_samples": 832,
            "classification_report": {
                "0": {
                    "precision": 0.44106463878326996,
                    "recall": 0.5321100917431193,
                    "f1-score": 0.48232848232848236,
                    "support": 218.0
                },
                "1": {
                    "precision": 0.3212669683257919,
                    "recall": 0.33490566037735847,
                    "f1-score": 0.3279445727482679,
                    "support": 212.0
                },
                "2": {
                    "precision": 0.2781065088757396,
                    "recall": 0.23267326732673269,
                    "f1-score": 0.25336927223719674,
                    "support": 202.0
                },
                "3": {
                    "precision": 0.3407821229050279,
                    "recall": 0.305,
                    "f1-score": 0.32189973614775724,
                    "support": 200.0
                },
                "accuracy": 0.3545673076923077,
                "macro avg": {
                    "precision": 0.3453050597224573,
                    "recall": 0.3511722548618026,
                    "f1-score": 0.3463855158654261,
                    "support": 832.0
                },
                "weighted avg": {
                    "precision": 0.34686854316553567,
                    "recall": 0.3545673076923077,
                    "f1-score": 0.3488370177784942,
                    "support": 832.0
                }
            },
            "auroc_per_class": {
                "class_0": 0.713706182948331,
                "class_1": 0.5931489653073646,
                "class_2": 0.5618418984755619,
                "class_3": 0.6231289556962025
            }
        },
        {
            "fold": 3,
            "accuracy": 0.35096153846153844,
            "auroc": 0.6311051598536218,
            "n_train_samples": 3328,
            "n_test_samples": 832,
            "classification_report": {
                "0": {
                    "precision": 0.43946188340807174,
                    "recall": 0.4434389140271493,
                    "f1-score": 0.44144144144144143,
                    "support": 221.0
                },
                "1": {
                    "precision": 0.2803738317757009,
                    "recall": 0.28846153846153844,
                    "f1-score": 0.2843601895734597,
                    "support": 208.0
                },
                "2": {
                    "precision": 0.3492822966507177,
                    "recall": 0.33796296296296297,
                    "f1-score": 0.34352941176470586,
                    "support": 216.0
                },
                "3": {
                    "precision": 0.3279569892473118,
                    "recall": 0.32620320855614976,
                    "f1-score": 0.32707774798927614,
                    "support": 187.0
                },
                "accuracy": 0.35096153846153844,
                "macro avg": {
                    "precision": 0.3492687502704505,
                    "recall": 0.3490166560019501,
                    "f1-score": 0.3491021976922208,
                    "support": 832.0
                },
                "weighted avg": {
                    "precision": 0.35121606527443744,
                    "recall": 0.35096153846153844,
                    "f1-score": 0.3510473194771746,
                    "support": 832.0
                }
            },
            "auroc_per_class": {
                "class_0": 0.6939554620790782,
                "class_1": 0.571930473372781,
                "class_2": 0.6228467712842712,
                "class_3": 0.6356879326783568
            }
        },
        {
            "fold": 4,
            "accuracy": 0.36899038461538464,
            "auroc": 0.6361799457150366,
            "n_train_samples": 3328,
            "n_test_samples": 832,
            "classification_report": {
                "0": {
                    "precision": 0.4528301886792453,
                    "recall": 0.5660377358490566,
                    "f1-score": 0.5031446540880503,
                    "support": 212.0
                },
                "1": {
                    "precision": 0.34591194968553457,
                    "recall": 0.2558139534883721,
                    "f1-score": 0.29411764705882354,
                    "support": 215.0
                },
                "2": {
                    "precision": 0.3056768558951965,
                    "recall": 0.3286384976525822,
                    "f1-score": 0.3167420814479638,
                    "support": 213.0
                },
                "3": {
                    "precision": 0.3463687150837989,
                    "recall": 0.3229166666666667,
                    "f1-score": 0.33423180592991913,
                    "support": 192.0
                },
                "accuracy": 0.36899038461538464,
                "macro avg": {
                    "precision": 0.36269692733594383,
                    "recall": 0.3683517134141694,
                    "f1-score": 0.3620590471311892,
                    "support": 832.0
                },
                "weighted avg": {
                    "precision": 0.3629603759424954,
                    "recall": 0.36899038461538464,
                    "f1-score": 0.3624285226818203,
                    "support": 832.0
                }
            },
            "auroc_per_class": {
                "class_0": 0.7410263237979307,
                "class_1": 0.5856620557084167,
                "class_2": 0.6019628812183818,