{
    "subject_id": 7,
    "trial_id": 1,
    "eval_name": "global_flow_angle",
    "k_folds": 5,
    "mean_accuracy": 0.25565776107590005,
    "std_accuracy": 0.012758321294990976,
    "fold_results": [
        {
            "fold": 1,
            "accuracy": 0.2328042328042328,
            "auroc": 0.4768625157411001,
            "n_train_samples": 2265,
            "n_test_samples": 567,
            "classification_report": {
                "0": {
                    "precision": 0.2446043165467626,
                    "recall": 0.2328767123287671,
                    "f1-score": 0.23859649122807017,
                    "support": 146.0
                },
                "1": {
                    "precision": 0.2236024844720497,
                    "recall": 0.28125,
                    "f1-score": 0.2491349480968858,
                    "support": 128.0
                },
                "2": {
                    "precision": 0.24806201550387597,
                    "recall": 0.19631901840490798,
                    "f1-score": 0.2191780821917808,
                    "support": 163.0
                },
                "3": {
                    "precision": 0.21739130434782608,
                    "recall": 0.23076923076923078,
                    "f1-score": 0.22388059701492538,
                    "support": 130.0
                },
                "accuracy": 0.2328042328042328,
                "macro avg": {
                    "precision": 0.23341503021762858,
                    "recall": 0.2353037403757265,
                    "f1-score": 0.23269752963291554,
                    "support": 567.0
                },
                "weighted avg": {
                    "precision": 0.23461785947195568,
                    "recall": 0.2328042328042328,
                    "f1-score": 0.23201916417089982,
                    "support": 567.0
                }
            },
            "auroc_per_class": {
                "class_0": 0.481062701330817,
                "class_1": 0.48426822323462415,
                "class_2": 0.45954564781631535,
                "class_3": 0.4825734905826439
            }
        },
        {
            "fold": 2,
            "accuracy": 0.25573192239858905,
            "auroc": 0.503050580234657,
            "n_train_samples": 2265,
            "n_test_samples": 567,
            "classification_report": {
                "0": {
                    "precision": 0.2692307692307692,
                    "recall": 0.2348993288590604,
                    "f1-score": 0.25089605734767023,
                    "support": 149.0
                },
                "1": {
                    "precision": 0.21052631578947367,
                    "recall": 0.2782608695652174,
                    "f1-score": 0.2397003745318352,
                    "support": 115.0
                },
                "2": {
                    "precision": 0.2644628099173554,
                    "recall": 0.21333333333333335,
                    "f1-score": 0.23616236162361623,
                    "support": 150.0
                },
                "3": {
                    "precision": 0.2804878048780488,
                    "recall": 0.3006535947712418,
                    "f1-score": 0.2902208201892745,
                    "support": 153.0
                },
                "accuracy": 0.25573192239858905,
                "macro avg": {
                    "precision": 0.25617692495391176,
                    "recall": 0.25678678163221325,
                    "f1-score": 0.254244903423099,
                    "support": 567.0
                },
                "weighted avg": {
                    "precision": 0.2591004701324847,
                    "recall": 0.25573192239858905,
                    "f1-score": 0.25533896886854557,
                    "support": 567.0
                }
            },
            "auroc_per_class": {
                "class_0": 0.5029543046144953,
                "class_1": 0.5185455944594075,
                "class_2": 0.4862030375699441,
                "class_3": 0.5044993842947807
            }
        },
        {
            "fold": 3,
            "accuracy": 0.2579505300353357,
            "auroc": 0.47948752833100716,
            "n_train_samples": 2266,
            "n_test_samples": 566,
            "classification_report": {
                "0": {
                    "precision": 0.27941176470588236,
                    "recall": 0.24358974358974358,
                    "f1-score": 0.2602739726027397,
                    "support": 156.0
                },
                "1": {
                    "precision": 0.23129251700680273,
                    "recall": 0.29310344827586204,
                    "f1-score": 0.2585551330798479,
                    "support": 116.0
                },
                "2": {
                    "precision": 0.23972602739726026,
                    "recall": 0.25925925925925924,
                    "f1-score": 0.2491103202846975,
                    "support": 135.0
                },
                "3": {
                    "precision": 0.2846715328467153,
                    "recall": 0.24528301886792453,
                    "f1-score": 0.2635135135135135,
                    "support": 159.0
                },
                "accuracy": 0.2579505300353357,
                "macro avg": {
                    "precision": 0.25877546048916517,
                    "recall": 0.2603088674981973,
                    "f1-score": 0.25786323487019963,
                    "support": 566.0
                },
                "weighted avg": {
                    "precision": 0.26156175739958415,
                    "recall": 0.2579505300353357,
                    "f1-score": 0.2581690407250399,
                    "support": 566.0
                }
            },
            "auroc_per_class": {
                "class_0": 0.4766729205753596,
                "class_1": 0.5269157088122606,
                "class_2": 0.44563031709203405,
                "class_3": 0.4687311668443743
            }
        },
        {
            "fold": 4,
            "accuracy": 0.2597173144876325,
            "auroc": 0.505250879114708,
            "n_train_samples": 2266,
            "n_test_samples": 566,
            "classification_report": {
                "0": {
                    "precision": 0.2727272727272727,
                    "recall": 0.26,
                    "f1-score": 0.26621160409556316,
                    "support": 150.0
                },
                "1": {
                    "precision": 0.2953020134228188,
                    "recall": 0.29333333333333333,
                    "f1-score": 0.29431438127090304,
                    "support": 150.0
                },
                "2": {
                    "precision": 0.17123287671232876,
                    "recall": 0.21008403361344538,
                    "f1-score": 0.18867924528301888,
                    "support": 119.0
                },
                "3": {
                    "precision": 0.3046875,
                    "recall": 0.2653061224489796,
                    "f1-score": 0.28363636363636363,
                    "support": 147.0
                },
                "accuracy": 0.2597173144876325,
                "macro avg": {
                    "precision": 0.2609874157156051,
                    "recall": 0.2571808723489396,
                    "f1-score": 0.25821039857146216,
                    "support": 566.0
                },
                "weighted avg": {
                    "precision": 0.26567167447222767,
                    "recall": 0.2597173144876325,
                    "f1-score": 0.2618838753501672,
                    "support": 566.0
                }
            },
            "auroc_per_class": {
                "class_0": 0.4991826923076923,
                "class_1": 0.5407051282051283,
                "class_2": 0.44391179290508154,