{
    "subject_id": 5,
    "trial_id": 0,
    "eval_name": "global_flow_angle",
    "k_folds": 5,
    "mean_accuracy": 0.23500000000000001,
    "std_accuracy": 0.03844639124807424,
    "fold_results": [
        {
            "fold": 1,
            "accuracy": 0.23125,
            "auroc": 0.4687165967884708,
            "n_train_samples": 640,
            "n_test_samples": 160,
            "classification_report": {
                "0": {
                    "precision": 0.3333333333333333,
                    "recall": 0.38461538461538464,
                    "f1-score": 0.35714285714285715,
                    "support": 39.0
                },
                "1": {
                    "precision": 0.09523809523809523,
                    "recall": 0.05,
                    "f1-score": 0.06557377049180328,
                    "support": 40.0
                },
                "2": {
                    "precision": 0.2926829268292683,
                    "recall": 0.2553191489361702,
                    "f1-score": 0.2727272727272727,
                    "support": 47.0
                },
                "3": {
                    "precision": 0.1509433962264151,
                    "recall": 0.23529411764705882,
                    "f1-score": 0.1839080459770115,
                    "support": 34.0
                },
                "accuracy": 0.23125,
                "macro avg": {
                    "precision": 0.21804943790677797,
                    "recall": 0.2313071627996534,
                    "f1-score": 0.21983798658473616,
                    "support": 160.0
                },
                "weighted avg": {
                    "precision": 0.2231106052637346,
                    "recall": 0.23125,
                    "f1-score": 0.22264111018527358,
                    "support": 160.0
                }
            },
            "auroc_per_class": {
                "class_0": 0.5905912269548633,
                "class_1": 0.3875,
                "class_2": 0.4768405196761438,
                "class_3": 0.4199346405228758
            }
        },
        {
            "fold": 2,
            "accuracy": 0.26875,
            "auroc": 0.4499972170205556,
            "n_train_samples": 640,
            "n_test_samples": 160,
            "classification_report": {
                "0": {
                    "precision": 0.28205128205128205,
                    "recall": 0.22,
                    "f1-score": 0.24719101123595505,
                    "support": 50.0
                },
                "1": {
                    "precision": 0.0,
                    "recall": 0.0,
                    "f1-score": 0.0,
                    "support": 2.0
                },
                "2": {
                    "precision": 0.36363636363636365,
                    "recall": 0.3076923076923077,
                    "f1-score": 0.3333333333333333,
                    "support": 52.0
                },
                "3": {
                    "precision": 0.42105263157894735,
                    "recall": 0.2857142857142857,
                    "f1-score": 0.3404255319148936,
                    "support": 56.0
                },
                "accuracy": 0.26875,
                "macro avg": {
                    "precision": 0.26668506931664826,
                    "recall": 0.20335164835164835,
                    "f1-score": 0.23023746912104548,
                    "support": 160.0
                },
                "weighted avg": {
                    "precision": 0.3536912648754754,
                    "recall": 0.26875,
                    "f1-score": 0.304729460514782,
                    "support": 160.0
                }
            },
            "auroc_per_class": {
                "class_0": 0.5404545454545454,
                "class_1": 0.16455696202531644,
                "class_2": 0.5872507122507122,
                "class_3": 0.5077266483516484
            }
        },
        {
            "fold": 3,
            "accuracy": 0.2875,
            "auroc": 0.5248872112545804,
            "n_train_samples": 640,
            "n_test_samples": 160,
            "classification_report": {
                "0": {
                    "precision": 0.25,
                    "recall": 0.2391304347826087,
                    "f1-score": 0.24444444444444444,
                    "support": 46.0
                },
                "1": {
                    "precision": 0.05714285714285714,
                    "recall": 0.3333333333333333,
                    "f1-score": 0.0975609756097561,
                    "support": 6.0
                },
                "2": {
                    "precision": 0.475,
                    "recall": 0.3064516129032258,
                    "f1-score": 0.37254901960784315,
                    "support": 62.0
                },
                "3": {
                    "precision": 0.34146341463414637,
                    "recall": 0.30434782608695654,
                    "f1-score": 0.3218390804597701,
                    "support": 46.0
                },
                "accuracy": 0.2875,
                "macro avg": {
                    "precision": 0.28090156794425086,
                    "recall": 0.2958158017765311,
                    "f1-score": 0.25909838003045343,
                    "support": 160.0
                },
                "weighted avg": {
                    "precision": 0.35625108885017426,
                    "recall": 0.2875,
                    "f1-score": 0.3108277950933668,
                    "support": 160.0
                }
            },
            "auroc_per_class": {
                "class_0": 0.5083905415713197,
                "class_1": 0.4978354978354978,
                "class_2": 0.5662442396313364,
                "class_3": 0.5270785659801678
            }
        },
        {
            "fold": 4,
            "accuracy": 0.1875,
            "auroc": 0.46269911699831073,
            "n_train_samples": 640,
            "n_test_samples": 160,
            "classification_report": {
                "0": {
                    "precision": 0.06818181818181818,
                    "recall": 0.11538461538461539,
                    "f1-score": 0.08571428571428572,
                    "support": 26.0
                },
                "1": {
                    "precision": 0.5769230769230769,
                    "recall": 0.15625,
                    "f1-score": 0.2459016393442623,
                    "support": 96.0
                },
                "2": {
                    "precision": 0.11538461538461539,
                    "recall": 0.3333333333333333,
                    "f1-score": 0.17142857142857143,
                    "support": 18.0
                },
                "3": {
                    "precision": 0.15789473684210525,
                    "recall": 0.3,
                    "f1-score": 0.20689655172413793,
                    "support": 20.0
                },
                "accuracy": 0.1875,
                "macro avg": {
                    "precision": 0.22959606183290393,
                    "recall": 0.22624198717948718,
                    "f1-score": 0.17748526205281434,
                    "support": 160.0
                },
                "weighted avg": {
                    "precision": 0.389951002944424,
                    "recall": 0.1875,
                    "f1-score": 0.2066173382863603,
                    "support": 160.0
                }
            },
            "auroc_per_class": {
                "class_0": 0.34357060849598164,
                "class_1": 0.47184244791666663,
                "class_2": 0.5453834115805947,
                "class_3": 0.49
            }
        },
        {
            "fold": 5,
            "accuracy": 0.2,
            "auroc": 0.466157932362408,
            "n_train_samples": 640,
            "n_test_samples": 160,