{
    "subject_id": 10,
    "trial_id": 0,
    "eval_name": "speaker",
    "k_folds": 5,
    "mean_accuracy": 0.26420118343195265,
    "std_accuracy": 0.023845493111964367,
    "fold_results": [
        {
            "fold": 1,
            "accuracy": 0.27662721893491127,
            "auroc": 0.5337383396268042,
            "n_train_samples": 2704,
            "n_test_samples": 676,
            "classification_report": {
                "0": {
                    "precision": 0.24539877300613497,
                    "recall": 0.22857142857142856,
                    "f1-score": 0.23668639053254437,
                    "support": 175.0
                },
                "1": {
                    "precision": 0.5379746835443038,
                    "recall": 0.2920962199312715,
                    "f1-score": 0.37861915367483295,
                    "support": 291.0
                },
                "2": {
                    "precision": 0.06779661016949153,
                    "recall": 0.41379310344827586,
                    "f1-score": 0.11650485436893204,
                    "support": 29.0
                },
                "3": {
                    "precision": 0.2808988764044944,
                    "recall": 0.27624309392265195,
                    "f1-score": 0.2785515320334262,
                    "support": 181.0
                },
                "accuracy": 0.27662721893491127,
                "macro avg": {
                    "precision": 0.28301723578110616,
                    "recall": 0.302675961468407,
                    "f1-score": 0.2525904826524339,
                    "support": 676.0
                },
                "weighted avg": {
                    "precision": 0.3732310895141934,
                    "recall": 0.27662721893491127,
                    "f1-score": 0.3038384025700012,
                    "support": 676.0
                }
            },
            "auroc_per_class": {
                "class_0": 0.4956258910749929,
                "class_1": 0.5641005043066899,
                "class_2": 0.5580664072909448,
                "class_3": 0.517160555834589
            }
        },
        {
            "fold": 2,
            "accuracy": 0.27662721893491127,
            "auroc": 0.5240467161738245,
            "n_train_samples": 2704,
            "n_test_samples": 676,
            "classification_report": {
                "0": {
                    "precision": 0.3287671232876712,
                    "recall": 0.2513089005235602,
                    "f1-score": 0.28486646884273,
                    "support": 191.0
                },
                "1": {
                    "precision": 0.3516483516483517,
                    "recall": 0.34408602150537637,
                    "f1-score": 0.34782608695652173,
                    "support": 186.0
                },
                "2": {
                    "precision": 0.13903743315508021,
                    "recall": 0.24299065420560748,
                    "f1-score": 0.17687074829931973,
                    "support": 107.0
                },
                "3": {
                    "precision": 0.30434782608695654,
                    "recall": 0.2552083333333333,
                    "f1-score": 0.2776203966005666,
                    "support": 192.0
                },
                "accuracy": 0.27662721893491127,
                "macro avg": {
                    "precision": 0.28095018354451495,
                    "recall": 0.2733984773919693,
                    "f1-score": 0.2717959251747845,
                    "support": 676.0
                },
                "weighted avg": {
                    "precision": 0.2980960087438282,
                    "recall": 0.27662721893491127,
                    "f1-score": 0.2830376241689504,
                    "support": 676.0
                }
            },
            "auroc_per_class": {
                "class_0": 0.5326604415177849,
                "class_1": 0.5976190476190476,
                "class_2": 0.47885288175681223,
                "class_3": 0.4870544938016529
            }
        },
        {
            "fold": 3,
            "accuracy": 0.2588757396449704,
            "auroc": 0.502547061926917,
            "n_train_samples": 2704,
            "n_test_samples": 676,
            "classification_report": {
                "0": {
                    "precision": 0.3231707317073171,
                    "recall": 0.22943722943722944,
                    "f1-score": 0.2683544303797468,
                    "support": 231.0
                },
                "1": {
                    "precision": 0.22340425531914893,
                    "recall": 0.3652173913043478,
                    "f1-score": 0.27722772277227725,
                    "support": 115.0
                },
                "2": {
                    "precision": 0.2564102564102564,
                    "recall": 0.20512820512820512,
                    "f1-score": 0.22792022792022792,
                    "support": 195.0
                },
                "3": {
                    "precision": 0.23809523809523808,
                    "recall": 0.2962962962962963,
                    "f1-score": 0.264026402640264,
                    "support": 135.0
                },
                "accuracy": 0.2588757396449704,
                "macro avg": {
                    "precision": 0.26027012038299013,
                    "recall": 0.27401978054151965,
                    "f1-score": 0.259382195928129,
                    "support": 676.0
                },
                "weighted avg": {
                    "precision": 0.2699508661670851,
                    "recall": 0.2588757396449704,
                    "f1-score": 0.2573359028659962,
                    "support": 676.0
                }
            },
            "auroc_per_class": {
                "class_0": 0.4554209835108711,
                "class_1": 0.5634193598387972,
                "class_2": 0.44513033743802977,
                "class_3": 0.5462175669199698
            }
        },
        {
            "fold": 4,
            "accuracy": 0.28846153846153844,
            "auroc": 0.5271345027625347,
            "n_train_samples": 2704,
            "n_test_samples": 676,
            "classification_report": {
                "0": {
                    "precision": 0.26875,
                    "recall": 0.31386861313868614,
                    "f1-score": 0.2895622895622896,
                    "support": 137.0
                },
                "1": {
                    "precision": 0.14666666666666667,
                    "recall": 0.28205128205128205,
                    "f1-score": 0.19298245614035087,
                    "support": 78.0
                },
                "2": {
                    "precision": 0.5271739130434783,
                    "recall": 0.3069620253164557,
                    "f1-score": 0.388,
                    "support": 316.0
                },
                "3": {
                    "precision": 0.1813186813186813,
                    "recall": 0.22758620689655173,
                    "f1-score": 0.2018348623853211,
                    "support": 145.0
                },
                "accuracy": 0.28846153846153844,
                "macro avg": {
                    "precision": 0.28097731525720654,
                    "recall": 0.28261703185074394,
                    "f1-score": 0.2680949020219904,
                    "support": 676.0
                },
                "weighted avg": {
                    "precision": 0.3567114131848342,
                    "recall": 0.28846153846153844,
                    "f1-score": 0.3056164501403145,
                    "support": 676.0
                }
            },
            "auroc_per_class": {
                "class_0": 0.5545684763620113,
                "class_1": 0.5396835605865706,
                "class_2": 0.5468530239099859,