{
    "subject_id": 2,
    "trial_id": 3,
    "eval_name": "delta_pitch",
    "k_folds": 5,
    "mean_accuracy": 0.5042801327338899,
    "std_accuracy": 0.01799441482294736,
    "fold_results": [
        {
            "fold": 1,
            "accuracy": 0.5086705202312138,
            "auroc": 0.5112017383299615,
            "n_train_samples": 3458,
            "n_test_samples": 865,
            "classification_report": {
                "0": {
                    "precision": 0.49206349206349204,
                    "recall": 0.5191387559808612,
                    "f1-score": 0.5052386495925495,
                    "support": 418.0
                },
                "1": {
                    "precision": 0.5259433962264151,
                    "recall": 0.4988814317673378,
                    "f1-score": 0.5120551090700345,
                    "support": 447.0
                },
                "accuracy": 0.5086705202312138,
                "macro avg": {
                    "precision": 0.5090034441449536,
                    "recall": 0.5090100938740996,
                    "f1-score": 0.5086468793312919,
                    "support": 865.0
                },
                "weighted avg": {
                    "precision": 0.5095713731742743,
                    "recall": 0.5086705202312138,
                    "f1-score": 0.5087611436809145,
                    "support": 865.0
                }
            }
        },
        {
            "fold": 2,
            "accuracy": 0.522543352601156,
            "auroc": 0.5248406961178046,
            "n_train_samples": 3458,
            "n_test_samples": 865,
            "classification_report": {
                "0": {
                    "precision": 0.5427251732101617,
                    "recall": 0.5222222222222223,
                    "f1-score": 0.5322763306908267,
                    "support": 450.0
                },
                "1": {
                    "precision": 0.5023148148148148,
                    "recall": 0.5228915662650603,
                    "f1-score": 0.512396694214876,
                    "support": 415.0
                },
                "accuracy": 0.522543352601156,
                "macro avg": {
                    "precision": 0.5225199940124883,
                    "recall": 0.5225568942436413,
                    "f1-score": 0.5223365124528514,
                    "support": 865.0
                },
                "weighted avg": {
                    "precision": 0.5233375446158623,
                    "recall": 0.5225433526011561,
                    "f1-score": 0.5227387016301105,
                    "support": 865.0
                }
            }
        },
        {
            "fold": 3,
            "accuracy": 0.47861271676300576,
            "auroc": 0.4767954911433172,
            "n_train_samples": 3458,
            "n_test_samples": 865,
            "classification_report": {
                "0": {
                    "precision": 0.44651162790697674,
                    "recall": 0.4740740740740741,
                    "f1-score": 0.4598802395209581,
                    "support": 405.0
                },
                "1": {
                    "precision": 0.5103448275862069,
                    "recall": 0.4826086956521739,
                    "f1-score": 0.4960893854748603,
                    "support": 460.0
                },
                "accuracy": 0.47861271676300576,
                "macro avg": {
                    "precision": 0.4784282277465918,
                    "recall": 0.478341384863124,
                    "f1-score": 0.4779848124979092,
                    "support": 865.0
                },
                "weighted avg": {
                    "precision": 0.48045760692714534,
                    "recall": 0.47861271676300576,
                    "f1-score": 0.47913597031725286,
                    "support": 865.0
                }
            }
        },
        {
            "fold": 4,
            "accuracy": 0.48842592592592593,
            "auroc": 0.4720927220927221,
            "n_train_samples": 3459,
            "n_test_samples": 864,
            "classification_report": {
                "0": {
                    "precision": 0.5299539170506913,
                    "recall": 0.49145299145299143,
                    "f1-score": 0.5099778270509978,
                    "support": 468.0
                },
                "1": {
                    "precision": 0.44651162790697674,
                    "recall": 0.48484848484848486,
                    "f1-score": 0.4648910411622276,
                    "support": 396.0
                },
                "accuracy": 0.48842592592592593,
                "macro avg": {
                    "precision": 0.488232772478834,
                    "recall": 0.4881507381507382,
                    "f1-score": 0.4874344341066127,
                    "support": 864.0
                },
                "weighted avg": {
                    "precision": 0.49170953452648875,
                    "recall": 0.48842592592592593,
                    "f1-score": 0.48931305018531146,
                    "support": 864.0
                }
            }
        },
        {
            "fold": 5,
            "accuracy": 0.5231481481481481,
            "auroc": 0.5284311780507551,
            "n_train_samples": 3459,
            "n_test_samples": 864,
            "classification_report": {
                "0": {
                    "precision": 0.5105386416861827,
                    "recall": 0.517814726840855,
                    "f1-score": 0.5141509433962265,
                    "support": 421.0
                },
                "1": {
                    "precision": 0.5354691075514875,
                    "recall": 0.5282167042889391,
                    "f1-score": 0.5318181818181819,
                    "support": 443.0
                },
                "accuracy": 0.5231481481481481,
                "macro avg": {
                    "precision": 0.523003874618835,
                    "recall": 0.5230157155648971,
                    "f1-score": 0.5229845626072042,
                    "support": 864.0
                },
                "weighted avg": {
                    "precision": 0.5233212763833239,
                    "recall": 0.5231481481481481,
                    "f1-score": 0.5232094927260023,
                    "support": 864.0
                }
            }
        }
    ],
    "n_classes": 2
}