{
    "subject_id": 1,
    "trial_id": 0,
    "eval_name": "word_part_speech",
    "k_folds": 5,
    "mean_accuracy": 0.2613454193397381,
    "std_accuracy": 0.008969534233429765,
    "fold_results": [
        {
            "fold": 1,
            "accuracy": 0.25773195876288657,
            "auroc": 0.5032065768323581,
            "n_train_samples": 3878,
            "n_test_samples": 970,
            "classification_report": {
                "0": {
                    "precision": 0.27615062761506276,
                    "recall": 0.25190839694656486,
                    "f1-score": 0.2634730538922156,
                    "support": 262.0
                },
                "1": {
                    "precision": 0.24481327800829875,
                    "recall": 0.2576419213973799,
                    "f1-score": 0.251063829787234,
                    "support": 229.0
                },
                "2": {
                    "precision": 0.2336065573770492,
                    "recall": 0.2556053811659193,
                    "f1-score": 0.24411134903640258,
                    "support": 223.0
                },
                "3": {
                    "precision": 0.2764227642276423,
                    "recall": 0.265625,
                    "f1-score": 0.27091633466135456,
                    "support": 256.0
                },
                "accuracy": 0.25773195876288657,
                "macro avg": {
                    "precision": 0.2577483068070132,
                    "recall": 0.257695174877466,
                    "f1-score": 0.2573911418443017,
                    "support": 970.0
                },
                "weighted avg": {
                    "precision": 0.2590435000375312,
                    "recall": 0.25773195876288657,
                    "f1-score": 0.258056669741713,
                    "support": 970.0
                }
            },
            "auroc_per_class": {
                "class_0": 0.49939082244361066,
                "class_1": 0.4938534613322018,
                "class_2": 0.5067444666558611,
                "class_3": 0.5128375568977591
            }
        },
        {
            "fold": 2,
            "accuracy": 0.24845360824742269,
            "auroc": 0.4985008767815814,
            "n_train_samples": 3878,
            "n_test_samples": 970,
            "classification_report": {
                "0": {
                    "precision": 0.27626459143968873,
                    "recall": 0.27413127413127414,
                    "f1-score": 0.2751937984496124,
                    "support": 259.0
                },
                "1": {
                    "precision": 0.2616033755274262,
                    "recall": 0.2627118644067797,
                    "f1-score": 0.26215644820295986,
                    "support": 236.0
                },
                "2": {
                    "precision": 0.25957446808510637,
                    "recall": 0.2584745762711864,
                    "f1-score": 0.25902335456475584,
                    "support": 236.0
                },
                "3": {
                    "precision": 0.1950207468879668,
                    "recall": 0.19665271966527198,
                    "f1-score": 0.19583333333333333,
                    "support": 239.0
                },
                "accuracy": 0.24845360824742269,
                "macro avg": {
                    "precision": 0.24811579548504703,
                    "recall": 0.24799260861862807,
                    "f1-score": 0.24805173363766536,
                    "support": 970.0
                },
                "weighted avg": {
                    "precision": 0.2486190296718156,
                    "recall": 0.24845360824742269,
                    "f1-score": 0.24853380816319295,
                    "support": 970.0
                }
            },
            "auroc_per_class": {
                "class_0": 0.5255309559107028,
                "class_1": 0.5264599593589803,
                "class_2": 0.490624855678197,
                "class_3": 0.4513877361784453
            }
        },
        {
            "fold": 3,
            "accuracy": 0.2752577319587629,
            "auroc": 0.5220047803711507,
            "n_train_samples": 3878,
            "n_test_samples": 970,
            "classification_report": {
                "0": {
                    "precision": 0.2880658436213992,
                    "recall": 0.30973451327433627,
                    "f1-score": 0.29850746268656714,
                    "support": 226.0
                },
                "1": {
                    "precision": 0.2764227642276423,
                    "recall": 0.27755102040816326,
                    "f1-score": 0.2769857433808554,
                    "support": 245.0
                },
                "2": {
                    "precision": 0.29411764705882354,
                    "recall": 0.29296875,
                    "f1-score": 0.29354207436399216,
                    "support": 256.0
                },
                "3": {
                    "precision": 0.23893805309734514,
                    "recall": 0.2222222222222222,
                    "f1-score": 0.2302771855010661,
                    "support": 243.0
                },
                "accuracy": 0.2752577319587629,
                "macro avg": {
                    "precision": 0.2743860770013025,
                    "recall": 0.2756191264761805,
                    "f1-score": 0.27482811648312017,
                    "support": 970.0
                },
                "weighted avg": {
                    "precision": 0.27441497159167244,
                    "recall": 0.2752577319587629,
                    "f1-score": 0.2746683719684689,
                    "support": 970.0
                }
            },
            "auroc_per_class": {
                "class_0": 0.5549231611000096,
                "class_1": 0.5195721323011964,
                "class_2": 0.5397463672969187,
                "class_3": 0.47377746078647803
            }
        },
        {
            "fold": 4,
            "accuracy": 0.26625386996904027,
            "auroc": 0.5256840835450947,
            "n_train_samples": 3879,
            "n_test_samples": 969,
            "classification_report": {
                "0": {
                    "precision": 0.2964426877470356,
                    "recall": 0.336322869955157,
                    "f1-score": 0.31512605042016806,
                    "support": 223.0
                },
                "1": {
                    "precision": 0.23529411764705882,
                    "recall": 0.21374045801526717,
                    "f1-score": 0.224,
                    "support": 262.0
                },
                "2": {
                    "precision": 0.3037974683544304,
                    "recall": 0.2737642585551331,
                    "f1-score": 0.288,
                    "support": 263.0
                },
                "3": {
                    "precision": 0.22821576763485477,
                    "recall": 0.248868778280543,
                    "f1-score": 0.23809523809523808,
                    "support": 221.0
                },
                "accuracy": 0.26625386996904027,
                "macro avg": {
                    "precision": 0.2659375103458449,
                    "recall": 0.268174091201525,
                    "f1-score": 0.26630532212885155,
                    "support": 969.0
                },
                "weighted avg": {
                    "precision": 0.2663448885610283,
                    "recall": 0.26625386996904027,
                    "f1-score": 0.2655564054311095,
                    "support": 969.0
                }
            },
            "auroc_per_class": {
                "class_0": 0.5547433847485543,
                "class_1": 0.48772903462647244,
                "class_2": 0.5417227673714711,