{
    "subject_id": 2,
    "trial_id": 4,
    "eval_name": "gpt2_surprisal",
    "k_folds": 5,
    "mean_accuracy": 0.504920261887475,
    "std_accuracy": 0.024280070441058337,
    "fold_results": [
        {
            "fold": 1,
            "accuracy": 0.5157629255989912,
            "auroc": 0.5251334377906014,
            "n_train_samples": 3168,
            "n_test_samples": 793,
            "classification_report": {
                "0": {
                    "precision": 0.49759615384615385,
                    "recall": 0.5418848167539267,
                    "f1-score": 0.518796992481203,
                    "support": 382.0
                },
                "1": {
                    "precision": 0.5358090185676393,
                    "recall": 0.49148418491484186,
                    "f1-score": 0.5126903553299492,
                    "support": 411.0
                },
                "accuracy": 0.5157629255989912,
                "macro avg": {
                    "precision": 0.5167025862068966,
                    "recall": 0.5166845008343843,
                    "f1-score": 0.5157436739055761,
                    "support": 793.0
                },
                "weighted avg": {
                    "precision": 0.5174013081973903,
                    "recall": 0.5157629255989912,
                    "f1-score": 0.5156320140837688,
                    "support": 793.0
                }
            }
        },
        {
            "fold": 2,
            "accuracy": 0.5227272727272727,
            "auroc": 0.5217438923822286,
            "n_train_samples": 3169,
            "n_test_samples": 792,
            "classification_report": {
                "0": {
                    "precision": 0.5732323232323232,
                    "recall": 0.5206422018348624,
                    "f1-score": 0.5456730769230769,
                    "support": 436.0
                },
                "1": {
                    "precision": 0.4722222222222222,
                    "recall": 0.5252808988764045,
                    "f1-score": 0.4973404255319149,
                    "support": 356.0
                },
                "accuracy": 0.5227272727272727,
                "macro avg": {
                    "precision": 0.5227272727272727,
                    "recall": 0.5229615503556335,
                    "f1-score": 0.5215067512274959,
                    "support": 792.0
                },
                "weighted avg": {
                    "precision": 0.5278287929803082,
                    "recall": 0.5227272727272727,
                    "f1-score": 0.5239477942270495,
                    "support": 792.0
                }
            }
        },
        {
            "fold": 3,
            "accuracy": 0.4621212121212121,
            "auroc": 0.4794386360289646,
            "n_train_samples": 3169,
            "n_test_samples": 792,
            "classification_report": {
                "0": {
                    "precision": 0.4934725848563969,
                    "recall": 0.4489311163895487,
                    "f1-score": 0.4701492537313433,
                    "support": 421.0
                },
                "1": {
                    "precision": 0.43276283618581907,
                    "recall": 0.477088948787062,
                    "f1-score": 0.45384615384615384,
                    "support": 371.0
                },
                "accuracy": 0.4621212121212121,
                "macro avg": {
                    "precision": 0.46311771052110795,
                    "recall": 0.4630100325883053,
                    "f1-score": 0.4619977037887486,
                    "support": 792.0
                },
                "weighted avg": {
                    "precision": 0.4650340535978308,
                    "recall": 0.4621212121212121,
                    "f1-score": 0.46251232184068003,
                    "support": 792.0
                }
            }
        },
        {
            "fold": 4,
            "accuracy": 0.494949494949495,
            "auroc": 0.5063839285714287,
            "n_train_samples": 3169,
            "n_test_samples": 792,
            "classification_report": {
                "0": {
                    "precision": 0.5,
                    "recall": 0.4975,
                    "f1-score": 0.49874686716791977,
                    "support": 400.0
                },
                "1": {
                    "precision": 0.48984771573604063,
                    "recall": 0.4923469387755102,
                    "f1-score": 0.4910941475826972,
                    "support": 392.0
                },
                "accuracy": 0.494949494949495,
                "macro avg": {
                    "precision": 0.4949238578680203,
                    "recall": 0.4949234693877551,
                    "f1-score": 0.49492050737530846,
                    "support": 792.0
                },
                "weighted avg": {
                    "precision": 0.4949751320309696,
                    "recall": 0.494949494949495,
                    "f1-score": 0.49495915747422375,
                    "support": 792.0
                }
            }
        },
        {
            "fold": 5,
            "accuracy": 0.5290404040404041,
            "auroc": 0.5469330734243014,
            "n_train_samples": 3169,
            "n_test_samples": 792,
            "classification_report": {
                "0": {
                    "precision": 0.46115288220551376,
                    "recall": 0.5380116959064327,
                    "f1-score": 0.4966261808367072,
                    "support": 342.0
                },
                "1": {
                    "precision": 0.5979643765903307,
                    "recall": 0.5222222222222223,
                    "f1-score": 0.5575326215895611,
                    "support": 450.0
                },
                "accuracy": 0.5290404040404041,
                "macro avg": {
                    "precision": 0.5295586293979222,
                    "recall": 0.5301169590643275,
                    "f1-score": 0.5270794012131341,
                    "support": 792.0
                },
                "weighted avg": {
                    "precision": 0.5388866858332507,
                    "recall": 0.5290404040404041,
                    "f1-score": 0.531232113082647,
                    "support": 792.0
                }
            }
        }
    ],
    "n_classes": 2
}