{
    "subject_id": 2,
    "trial_id": 1,
    "eval_name": "speaker",
    "k_folds": 5,
    "mean_accuracy": 0.26445045059713274,
    "std_accuracy": 0.01191989732031818,
    "fold_results": [
        {
            "fold": 1,
            "accuracy": 0.2619324796274738,
            "auroc": 0.5192316906441379,
            "n_train_samples": 3433,
            "n_test_samples": 859,
            "classification_report": {
                "0": {
                    "precision": 0.30660377358490565,
                    "recall": 0.29017857142857145,
                    "f1-score": 0.2981651376146789,
                    "support": 224.0
                },
                "1": {
                    "precision": 0.3300970873786408,
                    "recall": 0.24548736462093862,
                    "f1-score": 0.2815734989648033,
                    "support": 277.0
                },
                "2": {
                    "precision": 0.12663755458515283,
                    "recall": 0.20422535211267606,
                    "f1-score": 0.15633423180592992,
                    "support": 142.0
                },
                "3": {
                    "precision": 0.2971698113207547,
                    "recall": 0.2916666666666667,
                    "f1-score": 0.29439252336448596,
                    "support": 216.0
                },
                "accuracy": 0.2619324796274738,
                "macro avg": {
                    "precision": 0.2651270567173635,
                    "recall": 0.25788948870721323,
                    "f1-score": 0.2576163479374745,
                    "support": 859.0
                },
                "weighted avg": {
                    "precision": 0.28205745108646924,
                    "recall": 0.2619324796274738,
                    "f1-score": 0.2684203678720717,
                    "support": 859.0
                }
            },
            "auroc_per_class": {
                "class_0": 0.5362626546681665,
                "class_1": 0.5043482575954942,
                "class_2": 0.4716738366040034,
                "class_3": 0.5646420137088877
            }
        },
        {
            "fold": 2,
            "accuracy": 0.24563445867287545,
            "auroc": 0.5252655028210592,
            "n_train_samples": 3433,
            "n_test_samples": 859,
            "classification_report": {
                "0": {
                    "precision": 0.1446280991735537,
                    "recall": 0.3763440860215054,
                    "f1-score": 0.208955223880597,
                    "support": 93.0
                },
                "1": {
                    "precision": 0.18571428571428572,
                    "recall": 0.2422360248447205,
                    "f1-score": 0.21024258760107817,
                    "support": 161.0
                },
                "2": {
                    "precision": 0.4777777777777778,
                    "recall": 0.21393034825870647,
                    "f1-score": 0.29553264604810997,
                    "support": 402.0
                },
                "3": {
                    "precision": 0.22466960352422907,
                    "recall": 0.2512315270935961,
                    "f1-score": 0.2372093023255814,
                    "support": 203.0
                },
                "accuracy": 0.24563445867287545,
                "macro avg": {
                    "precision": 0.25819744154746155,
                    "recall": 0.2709354965546321,
                    "f1-score": 0.23798493996384162,
                    "support": 859.0
                },
                "weighted avg": {
                    "precision": 0.3271536780037551,
                    "recall": 0.24563445867287545,
                    "f1-score": 0.2563905756788153,
                    "support": 859.0
                }
            },
            "auroc_per_class": {
                "class_0": 0.5726859260507032,
                "class_1": 0.523349765968428,
                "class_2": 0.5123779352689506,
                "class_3": 0.49264838399615524
            }
        },
        {
            "fold": 3,
            "accuracy": 0.2727272727272727,
            "auroc": 0.5287865556072576,
            "n_train_samples": 3434,
            "n_test_samples": 858,
            "classification_report": {
                "0": {
                    "precision": 0.3556701030927835,
                    "recall": 0.25650557620817843,
                    "f1-score": 0.2980561555075594,
                    "support": 269.0
                },
                "1": {
                    "precision": 0.34951456310679613,
                    "recall": 0.28346456692913385,
                    "f1-score": 0.3130434782608696,
                    "support": 254.0
                },
                "2": {
                    "precision": 0.28936170212765955,
                    "recall": 0.2956521739130435,
                    "f1-score": 0.2924731182795699,
                    "support": 230.0
                },
                "3": {
                    "precision": 0.11210762331838565,
                    "recall": 0.23809523809523808,
                    "f1-score": 0.1524390243902439,
                    "support": 105.0
                },
                "accuracy": 0.2727272727272727,
                "macro avg": {
                    "precision": 0.2766634979114062,
                    "recall": 0.2684293887863985,
                    "f1-score": 0.26400294410956066,
                    "support": 858.0
                },
                "weighted avg": {
                    "precision": 0.30626625722479855,
                    "recall": 0.2727272727272727,
                    "f1-score": 0.2831760653555606,
                    "support": 858.0
                }
            },
            "auroc_per_class": {
                "class_0": 0.5450483145145512,
                "class_1": 0.5688389737706628,
                "class_2": 0.5053378565494323,
                "class_3": 0.4959210775943844
            }
        },
        {
            "fold": 4,
            "accuracy": 0.26107226107226106,
            "auroc": 0.5190234197286656,
            "n_train_samples": 3434,
            "n_test_samples": 858,
            "classification_report": {
                "0": {
                    "precision": 0.41379310344827586,
                    "recall": 0.29357798165137616,
                    "f1-score": 0.3434704830053667,
                    "support": 327.0
                },
                "1": {
                    "precision": 0.17535545023696683,
                    "recall": 0.30833333333333335,
                    "f1-score": 0.22356495468277945,
                    "support": 120.0
                },
                "2": {
                    "precision": 0.15207373271889402,
                    "recall": 0.2773109243697479,
                    "f1-score": 0.19642857142857142,
                    "support": 119.0
                },
                "3": {
                    "precision": 0.29292929292929293,
                    "recall": 0.19863013698630136,
                    "f1-score": 0.23673469387755103,
                    "support": 292.0
                },
                "accuracy": 0.26107226107226106,
                "macro avg": {
                    "precision": 0.25853789483335743,
                    "recall": 0.2694630940851897,
                    "f1-score": 0.2500496757485671,
                    "support": 858.0
                },
                "weighted avg": {
                    "precision": 0.3030129680476972,
                    "recall": 0.26107226107226106,
                    "f1-score": 0.2699815537493396,
                    "support": 858.0
                }
            },
            "auroc_per_class": {
                "class_0": 0.532720560709987,
                "class_1": 0.5420731707317074,
                "class_2": 0.5072719209469986,