{
    "subject_id": 2,
    "trial_id": 1,
    "eval_name": "word_part_speech",
    "k_folds": 5,
    "mean_accuracy": 0.25048231511254015,
    "std_accuracy": 0.01160009904022344,
    "fold_results": [
        {
            "fold": 1,
            "accuracy": 0.2572347266881029,
            "auroc": 0.5079400481038205,
            "n_train_samples": 4976,
            "n_test_samples": 1244,
            "classification_report": {
                "0": {
                    "precision": 0.2560240963855422,
                    "recall": 0.2750809061488673,
                    "f1-score": 0.26521060842433697,
                    "support": 309.0
                },
                "1": {
                    "precision": 0.23154362416107382,
                    "recall": 0.23793103448275862,
                    "f1-score": 0.23469387755102042,
                    "support": 290.0
                },
                "2": {
                    "precision": 0.26058631921824105,
                    "recall": 0.2507836990595611,
                    "f1-score": 0.25559105431309903,
                    "support": 319.0
                },
                "3": {
                    "precision": 0.28013029315960913,
                    "recall": 0.26380368098159507,
                    "f1-score": 0.2717219589257504,
                    "support": 326.0
                },
                "accuracy": 0.2572347266881029,
                "macro avg": {
                    "precision": 0.25707108323111655,
                    "recall": 0.2568998301681955,
                    "f1-score": 0.2568043748035517,
                    "support": 1244.0
                },
                "weighted avg": {
                    "precision": 0.2578043474200124,
                    "recall": 0.2572347266881029,
                    "f1-score": 0.2573361796049753,
                    "support": 1244.0
                }
            },
            "auroc_per_class": {
                "class_0": 0.5218714846927297,
                "class_1": 0.4899226487385238,
                "class_2": 0.5174582733203423,
                "class_3": 0.5025077856636861
            }
        },
        {
            "fold": 2,
            "accuracy": 0.23070739549839228,
            "auroc": 0.4939050055566681,
            "n_train_samples": 4976,
            "n_test_samples": 1244,
            "classification_report": {
                "0": {
                    "precision": 0.2153846153846154,
                    "recall": 0.23255813953488372,
                    "f1-score": 0.22364217252396165,
                    "support": 301.0
                },
                "1": {
                    "precision": 0.22419928825622776,
                    "recall": 0.19444444444444445,
                    "f1-score": 0.20826446280991737,
                    "support": 324.0
                },
                "2": {
                    "precision": 0.25073746312684364,
                    "recall": 0.27070063694267515,
                    "f1-score": 0.26033690658499237,
                    "support": 314.0
                },
                "3": {
                    "precision": 0.23076923076923078,
                    "recall": 0.2262295081967213,
                    "f1-score": 0.22847682119205298,
                    "support": 305.0
                },
                "accuracy": 0.23070739549839228,
                "macro avg": {
                    "precision": 0.23027264938422942,
                    "recall": 0.23098318227968115,
                    "f1-score": 0.2301800907777311,
                    "support": 1244.0
                },
                "weighted avg": {
                    "precision": 0.23037581787156863,
                    "recall": 0.23070739549839228,
                    "f1-score": 0.2300845651216957,
                    "support": 1244.0
                }
            },
            "auroc_per_class": {
                "class_0": 0.4968979330122638,
                "class_1": 0.4699560520665593,
                "class_2": 0.4988356961851928,
                "class_3": 0.5099303409626565
            }
        },
        {
            "fold": 3,
            "accuracy": 0.25241157556270094,
            "auroc": 0.5110743480613475,
            "n_train_samples": 4976,
            "n_test_samples": 1244,
            "classification_report": {
                "0": {
                    "precision": 0.2671009771986971,
                    "recall": 0.24260355029585798,
                    "f1-score": 0.25426356589147286,
                    "support": 338.0
                },
                "1": {
                    "precision": 0.2706270627062706,
                    "recall": 0.26282051282051283,
                    "f1-score": 0.26666666666666666,
                    "support": 312.0
                },
                "2": {
                    "precision": 0.25177304964539005,
                    "recall": 0.25,
                    "f1-score": 0.2508833922261484,
                    "support": 284.0
                },
                "3": {
                    "precision": 0.22443181818181818,
                    "recall": 0.25483870967741934,
                    "f1-score": 0.23867069486404835,
                    "support": 310.0
                },
                "accuracy": 0.25241157556270094,
                "macro avg": {
                    "precision": 0.253483226933044,
                    "recall": 0.2525656931984475,
                    "f1-score": 0.25262107991208405,
                    "support": 1244.0
                },
                "weighted avg": {
                    "precision": 0.2538530414736097,
                    "recall": 0.25241157556270094,
                    "f1-score": 0.2527169486104493,
                    "support": 1244.0
                }
            },
            "auroc_per_class": {
                "class_0": 0.5230645140222318,
                "class_1": 0.5131730081435016,
                "class_2": 0.537287265258216,
                "class_3": 0.4707726048214409
            }
        },
        {
            "fold": 4,
            "accuracy": 0.2652733118971061,
            "auroc": 0.5157263168985169,
            "n_train_samples": 4976,
            "n_test_samples": 1244,
            "classification_report": {
                "0": {
                    "precision": 0.2920634920634921,
                    "recall": 0.2884012539184953,
                    "f1-score": 0.2902208201892745,
                    "support": 319.0
                },
                "1": {
                    "precision": 0.23219814241486067,
                    "recall": 0.24429967426710097,
                    "f1-score": 0.23809523809523808,
                    "support": 307.0
                },
                "2": {
                    "precision": 0.24647887323943662,
                    "recall": 0.219435736677116,
                    "f1-score": 0.23217247097844113,
                    "support": 319.0
                },
                "3": {
                    "precision": 0.2888198757763975,
                    "recall": 0.3110367892976589,
                    "f1-score": 0.2995169082125604,
                    "support": 299.0
                },
                "accuracy": 0.2652733118971061,
                "macro avg": {
                    "precision": 0.2648900958735467,
                    "recall": 0.2657933635400928,
                    "f1-score": 0.26500135936887853,
                    "support": 1244.0
                },
                "weighted avg": {
                    "precision": 0.264820729188215,
                    "recall": 0.2652733118971061,
                    "f1-score": 0.2647059915862499,
                    "support": 1244.0
                }
            },
            "auroc_per_class": {
                "class_0": 0.5308091163263576,
                "class_1": 0.48217507534963266,