{
    "subject_id": 8,
    "trial_id": 0,
    "eval_name": "face_num",
    "k_folds": 5,
    "mean_accuracy": 0.36060630772053576,
    "std_accuracy": 0.02712663754970529,
    "fold_results": [
        {
            "fold": 1,
            "accuracy": 0.40515653775322286,
            "auroc": 0.5285259339432433,
            "n_train_samples": 2169,
            "n_test_samples": 543,
            "classification_report": {
                "0": {
                    "precision": 0.31092436974789917,
                    "recall": 0.2803030303030303,
                    "f1-score": 0.2948207171314741,
                    "support": 132.0
                },
                "1": {
                    "precision": 0.3105590062111801,
                    "recall": 0.3246753246753247,
                    "f1-score": 0.31746031746031744,
                    "support": 154.0
                },
                "2": {
                    "precision": 0.5057034220532319,
                    "recall": 0.5175097276264592,
                    "f1-score": 0.5115384615384615,
                    "support": 257.0
                },
                "accuracy": 0.40515653775322286,
                "macro avg": {
                    "precision": 0.3757289326707704,
                    "recall": 0.37416269420160475,
                    "f1-score": 0.37460649871008433,
                    "support": 543.0
                },
                "weighted avg": {
                    "precision": 0.4030089930587938,
                    "recall": 0.40515653775322286,
                    "f1-score": 0.40381327470649736,
                    "support": 543.0
                }
            },
            "auroc_per_class": {
                "class_0": 0.5418786404187864,
                "class_1": 0.5132374052682536,
                "class_2": 0.53046175614269
            }
        },
        {
            "fold": 2,
            "accuracy": 0.35174953959484345,
            "auroc": 0.4960959874666808,
            "n_train_samples": 2169,
            "n_test_samples": 543,
            "classification_report": {
                "0": {
                    "precision": 0.14925373134328357,
                    "recall": 0.20833333333333334,
                    "f1-score": 0.17391304347826086,
                    "support": 96.0
                },
                "1": {
                    "precision": 0.28488372093023256,
                    "recall": 0.28654970760233917,
                    "f1-score": 0.2857142857142857,
                    "support": 171.0
                },
                "2": {
                    "precision": 0.5147679324894515,
                    "recall": 0.4420289855072464,
                    "f1-score": 0.4756335282651072,
                    "support": 276.0
                },
                "accuracy": 0.35174953959484345,
                "macro avg": {
                    "precision": 0.3163017949209892,
                    "recall": 0.3123040088143063,
                    "f1-score": 0.31175361915255123,
                    "support": 543.0
                },
                "weighted avg": {
                    "precision": 0.37775216179578935,
                    "recall": 0.35174953959484345,
                    "f1-score": 0.3624818578862347,
                    "support": 543.0
                }
            },
            "auroc_per_class": {
                "class_0": 0.4861111111111111,
                "class_1": 0.4794064013079293,
                "class_2": 0.5227704499810021
            }
        },
        {
            "fold": 3,
            "accuracy": 0.35793357933579334,
            "auroc": 0.5314203158577534,
            "n_train_samples": 2170,
            "n_test_samples": 542,
            "classification_report": {
                "0": {
                    "precision": 0.5227272727272727,
                    "recall": 0.36363636363636365,
                    "f1-score": 0.4289044289044289,
                    "support": 253.0
                },
                "1": {
                    "precision": 0.3728813559322034,
                    "recall": 0.35106382978723405,
                    "f1-score": 0.36164383561643837,
                    "support": 188.0
                },
                "2": {
                    "precision": 0.19047619047619047,
                    "recall": 0.3564356435643564,
                    "f1-score": 0.2482758620689655,
                    "support": 101.0
                },
                "accuracy": 0.35793357933579334,
                "macro avg": {
                    "precision": 0.36202827304522217,
                    "recall": 0.35704527899598465,
                    "f1-score": 0.3462747088632776,
                    "support": 542.0
                },
                "weighted avg": {
                    "precision": 0.4088372512054419,
                    "recall": 0.35793357933579334,
                    "f1-score": 0.3719146193315063,
                    "support": 542.0
                }
            },
            "auroc_per_class": {
                "class_0": 0.5627829369366906,
                "class_1": 0.5263703570140642,
                "class_2": 0.5051076536225051
            }
        },
        {
            "fold": 4,
            "accuracy": 0.3671586715867159,
            "auroc": 0.5210296066364444,
            "n_train_samples": 2170,
            "n_test_samples": 542,
            "classification_report": {
                "0": {
                    "precision": 0.41919191919191917,
                    "recall": 0.3738738738738739,
                    "f1-score": 0.3952380952380952,
                    "support": 222.0
                },
                "1": {
                    "precision": 0.39593908629441626,
                    "recall": 0.39,
                    "f1-score": 0.3929471032745592,
                    "support": 200.0
                },
                "2": {
                    "precision": 0.2585034013605442,
                    "recall": 0.31666666666666665,
                    "f1-score": 0.2846441947565543,
                    "support": 120.0
                },
                "accuracy": 0.3671586715867159,
                "macro avg": {
                    "precision": 0.3578781356156266,
                    "recall": 0.3601801801801802,
                    "f1-score": 0.35760979775640295,
                    "support": 542.0
                },
                "weighted avg": {
                    "precision": 0.3750347444331266,
                    "recall": 0.3671586715867159,
                    "f1-score": 0.3699069763257481,
                    "support": 542.0
                }
            },
            "auroc_per_class": {
                "class_0": 0.5013372747747747,
                "class_1": 0.536593567251462,
                "class_2": 0.5251579778830964
            }
        },
        {
            "fold": 5,
            "accuracy": 0.3210332103321033,
            "auroc": 0.4875961163602831,
            "n_train_samples": 2170,
            "n_test_samples": 542,
            "classification_report": {
                "0": {
                    "precision": 0.3568281938325991,
                    "recall": 0.40298507462686567,
                    "f1-score": 0.37850467289719625,
                    "support": 201.0
                },
                "1": {
                    "precision": 0.33125,
                    "recall": 0.2774869109947644,
                    "f1-score": 0.301994301994302,
                    "support": 191.0
                },
                "2": {
                    "precision": 0.25806451612903225,
                    "recall": 0.26666666666666666,
                    "f1-score": 0.26229508196721313,
                    "support": 150.0
                },
                "accuracy": 0.3210332103321033,
                "macro avg": {
                    "precision": 0.31538090332054375,