{
    "subject_id": 6,
    "trial_id": 4,
    "eval_name": "gpt2_surprisal",
    "k_folds": 5,
    "mean_accuracy": 0.48842035177273485,
    "std_accuracy": 0.025632234417974218,
    "fold_results": [
        {
            "fold": 1,
            "accuracy": 0.516728624535316,
            "auroc": 0.5131535038932146,
            "n_train_samples": 1072,
            "n_test_samples": 269,
            "classification_report": {
                "0": {
                    "precision": 0.5590551181102362,
                    "recall": 0.4896551724137931,
                    "f1-score": 0.5220588235294118,
                    "support": 145.0
                },
                "1": {
                    "precision": 0.4788732394366197,
                    "recall": 0.5483870967741935,
                    "f1-score": 0.5112781954887218,
                    "support": 124.0
                },
                "accuracy": 0.516728624535316,
                "macro avg": {
                    "precision": 0.5189641787734279,
                    "recall": 0.5190211345939932,
                    "f1-score": 0.5166685095090668,
                    "support": 269.0
                },
                "weighted avg": {
                    "precision": 0.5220939547067848,
                    "recall": 0.516728624535316,
                    "f1-score": 0.5170893146928112,
                    "support": 269.0
                }
            }
        },
        {
            "fold": 2,
            "accuracy": 0.4626865671641791,
            "auroc": 0.49248120300751874,
            "n_train_samples": 1073,
            "n_test_samples": 268,
            "classification_report": {
                "0": {
                    "precision": 0.4713375796178344,
                    "recall": 0.5481481481481482,
                    "f1-score": 0.5068493150684932,
                    "support": 135.0
                },
                "1": {
                    "precision": 0.45045045045045046,
                    "recall": 0.37593984962406013,
                    "f1-score": 0.4098360655737705,
                    "support": 133.0
                },
                "accuracy": 0.4626865671641791,
                "macro avg": {
                    "precision": 0.4608940150341424,
                    "recall": 0.46204399888610415,
                    "f1-score": 0.45834269032113184,
                    "support": 268.0
                },
                "weighted avg": {
                    "precision": 0.46097195208327446,
                    "recall": 0.4626865671641791,
                    "f1-score": 0.4587046800580524,
                    "support": 268.0
                }
            }
        },
        {
            "fold": 3,
            "accuracy": 0.5149253731343284,
            "auroc": 0.5416500142734799,
            "n_train_samples": 1073,
            "n_test_samples": 268,
            "classification_report": {
                "0": {
                    "precision": 0.43795620437956206,
                    "recall": 0.5309734513274337,
                    "f1-score": 0.48,
                    "support": 113.0
                },
                "1": {
                    "precision": 0.5954198473282443,
                    "recall": 0.5032258064516129,
                    "f1-score": 0.5454545454545454,
                    "support": 155.0
                },
                "accuracy": 0.5149253731343284,
                "macro avg": {
                    "precision": 0.5166880258539032,
                    "recall": 0.5170996288895233,
                    "f1-score": 0.5127272727272727,
                    "support": 268.0
                },
                "weighted avg": {
                    "precision": 0.5290265948909267,
                    "recall": 0.5149253731343284,
                    "f1-score": 0.517856173677069,
                    "support": 268.0
                }
            }
        },
        {
            "fold": 4,
            "accuracy": 0.4552238805970149,
            "auroc": 0.4663990568156299,
            "n_train_samples": 1073,
            "n_test_samples": 268,
            "classification_report": {
                "0": {
                    "precision": 0.42105263157894735,
                    "recall": 0.5245901639344263,
                    "f1-score": 0.46715328467153283,
                    "support": 122.0
                },
                "1": {
                    "precision": 0.5,
                    "recall": 0.3972602739726027,
                    "f1-score": 0.44274809160305345,
                    "support": 146.0
                },
                "accuracy": 0.4552238805970149,
                "macro avg": {
                    "precision": 0.4605263157894737,
                    "recall": 0.46092521895351446,
                    "f1-score": 0.4549506881372931,
                    "support": 268.0
                },
                "weighted avg": {
                    "precision": 0.4640612725844462,
                    "recall": 0.4552238805970149,
                    "f1-score": 0.453857918298406,
                    "support": 268.0
                }
            }
        },
        {
            "fold": 5,
            "accuracy": 0.4925373134328358,
            "auroc": 0.5064674908424909,
            "n_train_samples": 1073,
            "n_test_samples": 268,
            "classification_report": {
                "0": {
                    "precision": 0.5757575757575758,
                    "recall": 0.48717948717948717,
                    "f1-score": 0.5277777777777778,
                    "support": 156.0
                },
                "1": {
                    "precision": 0.4117647058823529,
                    "recall": 0.5,
                    "f1-score": 0.45161290322580644,
                    "support": 112.0
                },
                "accuracy": 0.4925373134328358,
                "macro avg": {
                    "precision": 0.49376114081996436,
                    "recall": 0.4935897435897436,
                    "f1-score": 0.4896953405017921,
                    "support": 268.0
                },
                "weighted avg": {
                    "precision": 0.5072232420783782,
                    "recall": 0.4925373134328358,
                    "f1-score": 0.49594768095008823,
                    "support": 268.0
                }
            }
        }
    ],
    "n_classes": 2
}