{
    "subject_id": 10,
    "trial_id": 1,
    "eval_name": "local_flow_angle",
    "k_folds": 5,
    "mean_accuracy": 0.24310344827586206,
    "std_accuracy": 0.0756265937912459,
    "fold_results": [
        {
            "fold": 1,
            "accuracy": 0.3103448275862069,
            "auroc": 0.48798387602735427,
            "n_train_samples": 115,
            "n_test_samples": 29,
            "classification_report": {
                "0": {
                    "precision": 0.2,
                    "recall": 0.14285714285714285,
                    "f1-score": 0.16666666666666666,
                    "support": 7.0
                },
                "1": {
                    "precision": 0.3157894736842105,
                    "recall": 0.8571428571428571,
                    "f1-score": 0.46153846153846156,
                    "support": 7.0
                },
                "2": {
                    "precision": 0.5,
                    "recall": 0.2222222222222222,
                    "f1-score": 0.3076923076923077,
                    "support": 9.0
                },
                "3": {
                    "precision": 0.0,
                    "recall": 0.0,
                    "f1-score": 0.0,
                    "support": 6.0
                },
                "accuracy": 0.3103448275862069,
                "macro avg": {
                    "precision": 0.25394736842105264,
                    "recall": 0.3055555555555556,
                    "f1-score": 0.23397435897435898,
                    "support": 29.0
                },
                "weighted avg": {
                    "precision": 0.2796733212341198,
                    "recall": 0.3103448275862069,
                    "f1-score": 0.2471264367816092,
                    "support": 29.0
                }
            },
            "auroc_per_class": {
                "class_0": 0.5454545454545454,
                "class_1": 0.5649350649350648,
                "class_2": 0.5444444444444444,
                "class_3": 0.2971014492753623
            }
        },
        {
            "fold": 2,
            "accuracy": 0.10344827586206896,
            "auroc": 0.43036796536796534,
            "n_train_samples": 115,
            "n_test_samples": 29,
            "classification_report": {
                "0": {
                    "precision": 0.0,
                    "recall": 0.0,
                    "f1-score": 0.0,
                    "support": 4.0
                },
                "1": {
                    "precision": 0.5,
                    "recall": 0.2727272727272727,
                    "f1-score": 0.35294117647058826,
                    "support": 11.0
                },
                "2": {
                    "precision": 0.0,
                    "recall": 0.0,
                    "f1-score": 0.0,
                    "support": 7.0
                },
                "3": {
                    "precision": 0.0,
                    "recall": 0.0,
                    "f1-score": 0.0,
                    "support": 7.0
                },
                "accuracy": 0.10344827586206896,
                "macro avg": {
                    "precision": 0.125,
                    "recall": 0.06818181818181818,
                    "f1-score": 0.08823529411764706,
                    "support": 29.0
                },
                "weighted avg": {
                    "precision": 0.1896551724137931,
                    "recall": 0.10344827586206896,
                    "f1-score": 0.1338742393509128,
                    "support": 29.0
                }
            },
            "auroc_per_class": {
                "class_0": 0.36,
                "class_1": 0.5303030303030303,
                "class_2": 0.4025974025974026,
                "class_3": 0.42857142857142855
            }
        },
        {
            "fold": 3,
            "accuracy": 0.2413793103448276,
            "auroc": 0.42337301587301585,
            "n_train_samples": 115,
            "n_test_samples": 29,
            "classification_report": {
                "0": {
                    "precision": 0.6666666666666666,
                    "recall": 0.25,
                    "f1-score": 0.36363636363636365,
                    "support": 8.0
                },
                "1": {
                    "precision": 0.2777777777777778,
                    "recall": 0.625,
                    "f1-score": 0.38461538461538464,
                    "support": 8.0
                },
                "2": {
                    "precision": 0.0,
                    "recall": 0.0,
                    "f1-score": 0.0,
                    "support": 4.0
                },
                "3": {
                    "precision": 0.0,
                    "recall": 0.0,
                    "f1-score": 0.0,
                    "support": 9.0
                },
                "accuracy": 0.2413793103448276,
                "macro avg": {
                    "precision": 0.2361111111111111,
                    "recall": 0.21875,
                    "f1-score": 0.18706293706293708,
                    "support": 29.0
                },
                "weighted avg": {
                    "precision": 0.26053639846743293,
                    "recall": 0.2413793103448276,
                    "f1-score": 0.20641427537979265,
                    "support": 29.0
                }
            },
            "auroc_per_class": {
                "class_0": 0.5654761904761905,
                "class_1": 0.47023809523809523,
                "class_2": 0.28,
                "class_3": 0.37777777777777777
            }
        },
        {
            "fold": 4,
            "accuracy": 0.3103448275862069,
            "auroc": 0.5365671466214945,
            "n_train_samples": 115,
            "n_test_samples": 29,
            "classification_report": {
                "0": {
                    "precision": 0.42857142857142855,
                    "recall": 0.75,
                    "f1-score": 0.5454545454545454,
                    "support": 8.0
                },
                "1": {
                    "precision": 0.4,
                    "recall": 0.3333333333333333,
                    "f1-score": 0.36363636363636365,
                    "support": 6.0
                },
                "2": {
                    "precision": 0.0,
                    "recall": 0.0,
                    "f1-score": 0.0,
                    "support": 8.0
                },
                "3": {
                    "precision": 0.14285714285714285,
                    "recall": 0.14285714285714285,
                    "f1-score": 0.14285714285714285,
                    "support": 7.0
                },
                "accuracy": 0.3103448275862069,
                "macro avg": {
                    "precision": 0.24285714285714283,
                    "recall": 0.306547619047619,
                    "f1-score": 0.262987012987013,
                    "support": 29.0
                },
                "weighted avg": {
                    "precision": 0.23546798029556654,
                    "recall": 0.3103448275862069,
                    "f1-score": 0.26018808777429464,
                    "support": 29.0
                }
            },
            "auroc_per_class": {
                "class_0": 0.7023809523809523,
                "class_1": 0.41304347826086957,
                "class_2": 0.5178571428571429,
                "class_3": 0.512987012987013
            }
        },
        {
            "fold": 5,
            "accuracy": 0.25,
            "auroc": 0.4273136337868481,
            "n_train_samples": 116,
            "n_test_samples": 28,
            "classification_report": {
                "0": {
                    "precision": 0.3333333333333333,
                    "recall": 0.3333333333333333,
                    "f1-score": 0.3333333333333333,
                    "support": 9.0
                },