{
    "subject_id": 2,
    "trial_id": 3,
    "eval_name": "onset",
    "k_folds": 5,
    "mean_accuracy": 0.6527999999999999,
    "std_accuracy": 0.029869047524151152,
    "fold_results": [
        {
            "fold": 1,
            "accuracy": 0.652,
            "auroc": 0.7102719999999999,
            "n_train_samples": 2000,
            "n_test_samples": 500,
            "classification_report": {
                "0": {
                    "precision": 0.6439393939393939,
                    "recall": 0.68,
                    "f1-score": 0.6614785992217899,
                    "support": 250.0
                },
                "1": {
                    "precision": 0.6610169491525424,
                    "recall": 0.624,
                    "f1-score": 0.6419753086419753,
                    "support": 250.0
                },
                "accuracy": 0.652,
                "macro avg": {
                    "precision": 0.6524781715459682,
                    "recall": 0.652,
                    "f1-score": 0.6517269539318826,
                    "support": 500.0
                },
                "weighted avg": {
                    "precision": 0.6524781715459681,
                    "recall": 0.652,
                    "f1-score": 0.6517269539318826,
                    "support": 500.0
                }
            }
        },
        {
            "fold": 2,
            "accuracy": 0.602,
            "auroc": 0.6753359999999999,
            "n_train_samples": 2000,
            "n_test_samples": 500,
            "classification_report": {
                "0": {
                    "precision": 0.6007905138339921,
                    "recall": 0.608,
                    "f1-score": 0.6043737574552683,
                    "support": 250.0
                },
                "1": {
                    "precision": 0.6032388663967612,
                    "recall": 0.596,
                    "f1-score": 0.5995975855130785,
                    "support": 250.0
                },
                "accuracy": 0.602,
                "macro avg": {
                    "precision": 0.6020146901153767,
                    "recall": 0.602,
                    "f1-score": 0.6019856714841734,
                    "support": 500.0
                },
                "weighted avg": {
                    "precision": 0.6020146901153767,
                    "recall": 0.602,
                    "f1-score": 0.6019856714841734,
                    "support": 500.0
                }
            }
        },
        {
            "fold": 3,
            "accuracy": 0.646,
            "auroc": 0.715712,
            "n_train_samples": 2000,
            "n_test_samples": 500,
            "classification_report": {
                "0": {
                    "precision": 0.6607929515418502,
                    "recall": 0.6,
                    "f1-score": 0.6289308176100629,
                    "support": 250.0
                },
                "1": {
                    "precision": 0.6336996336996337,
                    "recall": 0.692,
                    "f1-score": 0.6615678776290631,
                    "support": 250.0
                },
                "accuracy": 0.646,
                "macro avg": {
                    "precision": 0.647246292620742,
                    "recall": 0.6459999999999999,
                    "f1-score": 0.645249347619563,
                    "support": 500.0
                },
                "weighted avg": {
                    "precision": 0.647246292620742,
                    "recall": 0.646,
                    "f1-score": 0.645249347619563,
                    "support": 500.0
                }
            }
        },
        {
            "fold": 4,
            "accuracy": 0.69,
            "auroc": 0.752352,
            "n_train_samples": 2000,
            "n_test_samples": 500,
            "classification_report": {
                "0": {
                    "precision": 0.7056277056277056,
                    "recall": 0.652,
                    "f1-score": 0.6777546777546778,
                    "support": 250.0
                },
                "1": {
                    "precision": 0.6765799256505576,
                    "recall": 0.728,
                    "f1-score": 0.7013487475915221,
                    "support": 250.0
                },
                "accuracy": 0.69,
                "macro avg": {
                    "precision": 0.6911038156391316,
                    "recall": 0.69,
                    "f1-score": 0.6895517126730999,
                    "support": 500.0
                },
                "weighted avg": {
                    "precision": 0.6911038156391317,
                    "recall": 0.69,
                    "f1-score": 0.6895517126730999,
                    "support": 500.0
                }
            }
        },
        {
            "fold": 5,
            "accuracy": 0.674,
            "auroc": 0.7272959999999999,
            "n_train_samples": 2000,
            "n_test_samples": 500,
            "classification_report": {
                "0": {
                    "precision": 0.6916299559471366,
                    "recall": 0.628,
                    "f1-score": 0.6582809224318659,
                    "support": 250.0
                },
                "1": {
                    "precision": 0.6593406593406593,
                    "recall": 0.72,
                    "f1-score": 0.6883365200764818,
                    "support": 250.0
                },
                "accuracy": 0.674,
                "macro avg": {
                    "precision": 0.675485307643898,
                    "recall": 0.6739999999999999,
                    "f1-score": 0.6733087212541738,
                    "support": 500.0
                },
                "weighted avg": {
                    "precision": 0.675485307643898,
                    "recall": 0.674,
                    "f1-score": 0.6733087212541738,
                    "support": 500.0
                }
            }
        }
    ],
    "n_classes": 2
}