{
    "subject_id": 4,
    "trial_id": 0,
    "eval_name": "delta_pitch",
    "k_folds": 5,
    "mean_accuracy": 0.49896689803619126,
    "std_accuracy": 0.0181890337957605,
    "fold_results": [
        {
            "fold": 1,
            "accuracy": 0.5265486725663717,
            "auroc": 0.515228671519004,
            "n_train_samples": 2709,
            "n_test_samples": 678,
            "classification_report": {
                "0": {
                    "precision": 0.5718390804597702,
                    "recall": 0.5363881401617251,
                    "f1-score": 0.5535465924895688,
                    "support": 371.0
                },
                "1": {
                    "precision": 0.47878787878787876,
                    "recall": 0.5146579804560261,
                    "f1-score": 0.49607535321821034,
                    "support": 307.0
                },
                "accuracy": 0.5265486725663717,
                "macro avg": {
                    "precision": 0.5253134796238245,
                    "recall": 0.5255230603088756,
                    "f1-score": 0.5248109728538896,
                    "support": 678.0
                },
                "weighted avg": {
                    "precision": 0.5297052767528813,
                    "recall": 0.5265486725663717,
                    "f1-score": 0.5275234797221543,
                    "support": 678.0
                }
            }
        },
        {
            "fold": 2,
            "accuracy": 0.47050147492625366,
            "auroc": 0.48769163763066203,
            "n_train_samples": 2709,
            "n_test_samples": 678,
            "classification_report": {
                "0": {
                    "precision": 0.48656716417910445,
                    "recall": 0.4657142857142857,
                    "f1-score": 0.4759124087591241,
                    "support": 350.0
                },
                "1": {
                    "precision": 0.45481049562682213,
                    "recall": 0.47560975609756095,
                    "f1-score": 0.46497764530551416,
                    "support": 328.0
                },
                "accuracy": 0.47050147492625366,
                "macro avg": {
                    "precision": 0.4706888299029633,
                    "recall": 0.47066202090592335,
                    "f1-score": 0.47044502703231916,
                    "support": 678.0
                },
                "weighted avg": {
                    "precision": 0.4712040560889148,
                    "recall": 0.47050147492625366,
                    "f1-score": 0.47062243469897064,
                    "support": 678.0
                }
            }
        },
        {
            "fold": 3,
            "accuracy": 0.5022156573116692,
            "auroc": 0.49732872407291007,
            "n_train_samples": 2710,
            "n_test_samples": 677,
            "classification_report": {
                "0": {
                    "precision": 0.5102040816326531,
                    "recall": 0.5087209302325582,
                    "f1-score": 0.5094614264919942,
                    "support": 344.0
                },
                "1": {
                    "precision": 0.4940119760479042,
                    "recall": 0.4954954954954955,
                    "f1-score": 0.4947526236881559,
                    "support": 333.0
                },
                "accuracy": 0.5022156573116692,
                "macro avg": {
                    "precision": 0.5021080288402786,
                    "recall": 0.5021082128640268,
                    "f1-score": 0.5021070250900751,
                    "support": 677.0
                },
                "weighted avg": {
                    "precision": 0.5022395747497559,
                    "recall": 0.5022156573116692,
                    "f1-score": 0.5022265205338285,
                    "support": 677.0
                }
            }
        },
        {
            "fold": 4,
            "accuracy": 0.5036927621861153,
            "auroc": 0.5144201393132103,
            "n_train_samples": 2710,
            "n_test_samples": 677,
            "classification_report": {
                "0": {
                    "precision": 0.4971590909090909,
                    "recall": 0.5239520958083832,
                    "f1-score": 0.5102040816326531,
                    "support": 334.0
                },
                "1": {
                    "precision": 0.5107692307692308,
                    "recall": 0.4839650145772595,
                    "f1-score": 0.49700598802395207,
                    "support": 343.0
                },
                "accuracy": 0.5036927621861153,
                "macro avg": {
                    "precision": 0.5039641608391608,
                    "recall": 0.5039585551928214,
                    "f1-score": 0.5036050348283025,
                    "support": 677.0
                },
                "weighted avg": {
                    "precision": 0.5040546270568427,
                    "recall": 0.5036927621861153,
                    "f1-score": 0.50351730747049,
                    "support": 677.0
                }
            }
        },
        {
            "fold": 5,
            "accuracy": 0.4918759231905465,
            "auroc": 0.47027242878693765,
            "n_train_samples": 2710,
            "n_test_samples": 677,
            "classification_report": {
                "0": {
                    "precision": 0.4264264264264264,
                    "recall": 0.48135593220338985,
                    "f1-score": 0.45222929936305734,
                    "support": 295.0
                },
                "1": {
                    "precision": 0.5552325581395349,
                    "recall": 0.5,
                    "f1-score": 0.5261707988980716,
                    "support": 382.0
                },
                "accuracy": 0.4918759231905465,
                "macro avg": {
                    "precision": 0.4908294922829807,
                    "recall": 0.4906779661016949,
                    "f1-score": 0.4892000491305645,
                    "support": 677.0
                },
                "weighted avg": {
                    "precision": 0.49910580946100164,
                    "recall": 0.4918759231905465,
                    "f1-score": 0.49395109082889993,
                    "support": 677.0
                }
            }
        }
    ],
    "n_classes": 2
}