{
    "subject_id": 9,
    "trial_id": 0,
    "eval_name": "volume",
    "k_folds": 5,
    "mean_accuracy": 0.5183035971637747,
    "std_accuracy": 0.018939016943363245,
    "fold_results": [
        {
            "fold": 1,
            "accuracy": 0.5355969331872946,
            "auroc": 0.5406008782293636,
            "n_train_samples": 3648,
            "n_test_samples": 913,
            "classification_report": {
                "0": {
                    "precision": 0.6218097447795824,
                    "recall": 0.5066162570888468,
                    "f1-score": 0.5583333333333333,
                    "support": 529.0
                },
                "1": {
                    "precision": 0.45850622406639,
                    "recall": 0.5755208333333334,
                    "f1-score": 0.5103926096997691,
                    "support": 384.0
                },
                "accuracy": 0.5355969331872946,
                "macro avg": {
                    "precision": 0.5401579844229862,
                    "recall": 0.5410685452110902,
                    "f1-score": 0.5343629715165512,
                    "support": 913.0
                },
                "weighted avg": {
                    "precision": 0.5531256791126975,
                    "recall": 0.5355969331872946,
                    "f1-score": 0.5381698745433129,
                    "support": 913.0
                }
            }
        },
        {
            "fold": 2,
            "accuracy": 0.5372807017543859,
            "auroc": 0.550216456583663,
            "n_train_samples": 3649,
            "n_test_samples": 912,
            "classification_report": {
                "0": {
                    "precision": 0.4671201814058957,
                    "recall": 0.5241730279898219,
                    "f1-score": 0.4940047961630695,
                    "support": 393.0
                },
                "1": {
                    "precision": 0.6029723991507431,
                    "recall": 0.5472061657032755,
                    "f1-score": 0.5737373737373738,
                    "support": 519.0
                },
                "accuracy": 0.5372807017543859,
                "macro avg": {
                    "precision": 0.5350462902783194,
                    "recall": 0.5356895968465487,
                    "f1-score": 0.5338710849502216,
                    "support": 912.0
                },
                "weighted avg": {
                    "precision": 0.544430818477799,
                    "recall": 0.5372807017543859,
                    "f1-score": 0.5393789274800256,
                    "support": 912.0
                }
            }
        },
        {
            "fold": 3,
            "accuracy": 0.4923245614035088,
            "auroc": 0.5341678042264495,
            "n_train_samples": 3649,
            "n_test_samples": 912,
            "classification_report": {
                "0": {
                    "precision": 0.7447368421052631,
                    "recall": 0.43605546995377503,
                    "f1-score": 0.5500485908649174,
                    "support": 649.0
                },
                "1": {
                    "precision": 0.31203007518796994,
                    "recall": 0.6311787072243346,
                    "f1-score": 0.4176100628930818,
                    "support": 263.0
                },
                "accuracy": 0.4923245614035088,
                "macro avg": {
                    "precision": 0.5283834586466165,
                    "recall": 0.5336170885890548,
                    "f1-score": 0.4838293268789996,
                    "support": 912.0
                },
                "weighted avg": {
                    "precision": 0.6199540792771402,
                    "recall": 0.4923245614035088,
                    "f1-score": 0.511856339925671,
                    "support": 912.0
                }
            }
        },
        {
            "fold": 4,
            "accuracy": 0.5274122807017544,
            "auroc": 0.5445569790704832,
            "n_train_samples": 3649,
            "n_test_samples": 912,
            "classification_report": {
                "0": {
                    "precision": 0.5272331154684096,
                    "recall": 0.5307017543859649,
                    "f1-score": 0.5289617486338798,
                    "support": 456.0
                },
                "1": {
                    "precision": 0.5275938189845475,
                    "recall": 0.5241228070175439,
                    "f1-score": 0.5258525852585259,
                    "support": 456.0
                },
                "accuracy": 0.5274122807017544,
                "macro avg": {
                    "precision": 0.5274134672264785,
                    "recall": 0.5274122807017544,
                    "f1-score": 0.5274071669462028,
                    "support": 912.0
                },
                "weighted avg": {
                    "precision": 0.5274134672264785,
                    "recall": 0.5274122807017544,
                    "f1-score": 0.5274071669462028,
                    "support": 912.0
                }
            }
        },
        {
            "fold": 5,
            "accuracy": 0.49890350877192985,
            "auroc": 0.4905254529354044,
            "n_train_samples": 3649,
            "n_test_samples": 912,
            "classification_report": {
                "0": {
                    "precision": 0.26879271070615035,
                    "recall": 0.4645669291338583,
                    "f1-score": 0.34054834054834054,
                    "support": 254.0
                },
                "1": {
                    "precision": 0.7124735729386892,
                    "recall": 0.5121580547112462,
                    "f1-score": 0.5959328028293546,
                    "support": 658.0
                },
                "accuracy": 0.49890350877192985,
                "macro avg": {
                    "precision": 0.4906331418224198,
                    "recall": 0.4883624919225522,
                    "f1-score": 0.4682405716888476,
                    "support": 912.0
                },
                "weighted avg": {
                    "precision": 0.5889045608695391,
                    "recall": 0.49890350877192985,
                    "f1-score": 0.5248059898695108,
                    "support": 912.0
                }
            }
        }
    ],
    "n_classes": 2
}