{
    "subject_id": 10,
    "trial_id": 0,
    "eval_name": "global_flow",
    "k_folds": 5,
    "mean_accuracy": 0.5057714086592908,
    "std_accuracy": 0.022676780691852326,
    "fold_results": [
        {
            "fold": 1,
            "accuracy": 0.4638009049773756,
            "auroc": 0.48098059755163297,
            "n_train_samples": 3535,
            "n_test_samples": 884,
            "classification_report": {
                "0": {
                    "precision": 0.5400593471810089,
                    "recall": 0.36327345309381237,
                    "f1-score": 0.4343675417661098,
                    "support": 501.0
                },
                "1": {
                    "precision": 0.41681901279707495,
                    "recall": 0.5953002610966057,
                    "f1-score": 0.49032258064516127,
                    "support": 383.0
                },
                "accuracy": 0.4638009049773756,
                "macro avg": {
                    "precision": 0.47843917998904195,
                    "recall": 0.479286857095209,
                    "f1-score": 0.46234506120563557,
                    "support": 884.0
                },
                "weighted avg": {
                    "precision": 0.4866644964241687,
                    "recall": 0.4638009049773756,
                    "f1-score": 0.4586105054433459,
                    "support": 884.0
                }
            }
        },
        {
            "fold": 2,
            "accuracy": 0.5101809954751131,
            "auroc": 0.521248973727422,
            "n_train_samples": 3535,
            "n_test_samples": 884,
            "classification_report": {
                "0": {
                    "precision": 0.5384615384615384,
                    "recall": 0.4676724137931034,
                    "f1-score": 0.5005767012687428,
                    "support": 464.0
                },
                "1": {
                    "precision": 0.4864864864864865,
                    "recall": 0.5571428571428572,
                    "f1-score": 0.5194228634850167,
                    "support": 420.0
                },
                "accuracy": 0.5101809954751131,
                "macro avg": {
                    "precision": 0.5124740124740125,
                    "recall": 0.5124076354679803,
                    "f1-score": 0.5099997823768797,
                    "support": 884.0
                },
                "weighted avg": {
                    "precision": 0.5137675092426224,
                    "recall": 0.5101809954751131,
                    "f1-score": 0.5095307602402757,
                    "support": 884.0
                }
            }
        },
        {
            "fold": 3,
            "accuracy": 0.5328054298642534,
            "auroc": 0.5418681085665819,
            "n_train_samples": 3535,
            "n_test_samples": 884,
            "classification_report": {
                "0": {
                    "precision": 0.44097995545657015,
                    "recall": 0.55,
                    "f1-score": 0.4894932014833127,
                    "support": 360.0
                },
                "1": {
                    "precision": 0.6275862068965518,
                    "recall": 0.5209923664122137,
                    "f1-score": 0.5693430656934306,
                    "support": 524.0
                },
                "accuracy": 0.5328054298642534,
                "macro avg": {
                    "precision": 0.534283081176561,
                    "recall": 0.5354961832061069,
                    "f1-score": 0.5294181335883716,
                    "support": 884.0
                },
                "weighted avg": {
                    "precision": 0.5515927108350208,
                    "recall": 0.5328054298642534,
                    "f1-score": 0.5368250214449664,
                    "support": 884.0
                }
            }
        },
        {
            "fold": 4,
            "accuracy": 0.5124434389140271,
            "auroc": 0.49850262426674896,
            "n_train_samples": 3535,
            "n_test_samples": 884,
            "classification_report": {
                "0": {
                    "precision": 0.5523114355231143,
                    "recall": 0.47890295358649787,
                    "f1-score": 0.5129943502824859,
                    "support": 474.0
                },
                "1": {
                    "precision": 0.47780126849894294,
                    "recall": 0.551219512195122,
                    "f1-score": 0.5118912797281994,
                    "support": 410.0
                },
                "accuracy": 0.5124434389140271,
                "macro avg": {
                    "precision": 0.5150563520110286,
                    "recall": 0.51506123289081,
                    "f1-score": 0.5124428150053426,
                    "support": 884.0
                },
                "weighted avg": {
                    "precision": 0.5177535526272882,
                    "recall": 0.5124434389140271,
                    "f1-score": 0.5124827451611539,
                    "support": 884.0
                }
            }
        },
        {
            "fold": 5,
            "accuracy": 0.5096262740656852,
            "auroc": 0.5343052377713191,
            "n_train_samples": 3536,
            "n_test_samples": 883,
            "classification_report": {
                "0": {
                    "precision": 0.48066298342541436,
                    "recall": 0.633495145631068,
                    "f1-score": 0.5465968586387434,
                    "support": 412.0
                },
                "1": {
                    "precision": 0.5558823529411765,
                    "recall": 0.4012738853503185,
                    "f1-score": 0.46609124537607893,
                    "support": 471.0
                },
                "accuracy": 0.5096262740656852,
                "macro avg": {
                    "precision": 0.5182726681832954,
                    "recall": 0.5173845154906933,
                    "f1-score": 0.5063440520074112,
                    "support": 883.0
                },
                "weighted avg": {
                    "precision": 0.5207856595770837,
                    "recall": 0.5096262740656852,
                    "f1-score": 0.5036544533763255,
                    "support": 883.0
                }
            }
        }
    ],
    "n_classes": 2
}