{
    "subject_id": 3,
    "trial_id": 2,
    "eval_name": "delta_pitch",
    "k_folds": 5,
    "mean_accuracy": 0.5172191484499152,
    "std_accuracy": 0.009680785825600328,
    "fold_results": [
        {
            "fold": 1,
            "accuracy": 0.5230479774223895,
            "auroc": 0.5275283604073134,
            "n_train_samples": 4250,
            "n_test_samples": 1063,
            "classification_report": {
                "0": {
                    "precision": 0.5303030303030303,
                    "recall": 0.5194805194805194,
                    "f1-score": 0.5248359887535146,
                    "support": 539.0
                },
                "1": {
                    "precision": 0.5158878504672897,
                    "recall": 0.5267175572519084,
                    "f1-score": 0.5212464589235127,
                    "support": 524.0
                },
                "accuracy": 0.5230479774223895,
                "macro avg": {
                    "precision": 0.52309544038516,
                    "recall": 0.523099038366214,
                    "f1-score": 0.5230412238385136,
                    "support": 1063.0
                },
                "weighted avg": {
                    "precision": 0.523197146733954,
                    "recall": 0.5230479774223895,
                    "f1-score": 0.523066549778048,
                    "support": 1063.0
                }
            }
        },
        {
            "fold": 2,
            "accuracy": 0.5268109125117592,
            "auroc": 0.5306536412078152,
            "n_train_samples": 4250,
            "n_test_samples": 1063,
            "classification_report": {
                "0": {
                    "precision": 0.4972067039106145,
                    "recall": 0.534,
                    "f1-score": 0.5149469623915139,
                    "support": 500.0
                },
                "1": {
                    "precision": 0.5570342205323194,
                    "recall": 0.5204262877442274,
                    "f1-score": 0.5381083562901745,
                    "support": 563.0
                },
                "accuracy": 0.5268109125117592,
                "macro avg": {
                    "precision": 0.5271204622214669,
                    "recall": 0.5272131438721137,
                    "f1-score": 0.5265276593408442,
                    "support": 1063.0
                },
                "weighted avg": {
                    "precision": 0.5288933378316115,
                    "recall": 0.5268109125117592,
                    "f1-score": 0.5272140035626767,
                    "support": 1063.0
                }
            }
        },
        {
            "fold": 3,
            "accuracy": 0.5164628410159925,
            "auroc": 0.519560865491098,
            "n_train_samples": 4250,
            "n_test_samples": 1063,
            "classification_report": {
                "0": {
                    "precision": 0.5435203094777563,
                    "recall": 0.5026833631484794,
                    "f1-score": 0.5223048327137546,
                    "support": 559.0
                },
                "1": {
                    "precision": 0.4908424908424908,
                    "recall": 0.5317460317460317,
                    "f1-score": 0.5104761904761905,
                    "support": 504.0
                },
                "accuracy": 0.5164628410159925,
                "macro avg": {
                    "precision": 0.5171814001601236,
                    "recall": 0.5172146974472556,
                    "f1-score": 0.5163905115949725,
                    "support": 1063.0
                },
                "weighted avg": {
                    "precision": 0.5185441847438205,
                    "recall": 0.5164628410159925,
                    "f1-score": 0.516696520683903,
                    "support": 1063.0
                }
            }
        },
        {
            "fold": 4,
            "accuracy": 0.5207156308851224,
            "auroc": 0.5249467329545454,
            "n_train_samples": 4251,
            "n_test_samples": 1062,
            "classification_report": {
                "0": {
                    "precision": 0.5393474088291746,
                    "recall": 0.5109090909090909,
                    "f1-score": 0.5247432306255836,
                    "support": 550.0
                },
                "1": {
                    "precision": 0.5027726432532348,
                    "recall": 0.53125,
                    "f1-score": 0.51661918328585,
                    "support": 512.0
                },
                "accuracy": 0.5207156308851224,
                "macro avg": {
                    "precision": 0.5210600260412047,
                    "recall": 0.5210795454545454,
                    "f1-score": 0.5206812069557167,
                    "support": 1062.0
                },
                "weighted avg": {
                    "precision": 0.521714376837761,
                    "recall": 0.5207156308851224,
                    "f1-score": 0.5208265524354295,
                    "support": 1062.0
                }
            }
        },
        {
            "fold": 5,
            "accuracy": 0.4990583804143126,
            "auroc": 0.5136156773022307,
            "n_train_samples": 4251,
            "n_test_samples": 1062,
            "classification_report": {
                "0": {
                    "precision": 0.478584729981378,
                    "recall": 0.5049115913555993,
                    "f1-score": 0.491395793499044,
                    "support": 509.0
                },
                "1": {
                    "precision": 0.52,
                    "recall": 0.4936708860759494,
                    "f1-score": 0.5064935064935064,
                    "support": 553.0
                },
                "accuracy": 0.4990583804143126,
                "macro avg": {
                    "precision": 0.499292364990689,
                    "recall": 0.4992912387157743,
                    "f1-score": 0.4989446499962752,
                    "support": 1062.0
                },
                "weighted avg": {
                    "precision": 0.5001503084374024,
                    "recall": 0.4990583804143126,
                    "f1-score": 0.499257408645878,
                    "support": 1062.0
                }
            }
        }
    ],
    "n_classes": 2
}