{
    "subject_id": 10,
    "trial_id": 1,
    "eval_name": "face_num",
    "k_folds": 5,
    "mean_accuracy": 0.3532553808843272,
    "std_accuracy": 0.018465659715392164,
    "fold_results": [
        {
            "fold": 1,
            "accuracy": 0.34232558139534885,
            "auroc": 0.5209942497017422,
            "n_train_samples": 4298,
            "n_test_samples": 1075,
            "classification_report": {
                "0": {
                    "precision": 0.19592875318066158,
                    "recall": 0.4031413612565445,
                    "f1-score": 0.2636986301369863,
                    "support": 191.0
                },
                "1": {
                    "precision": 0.31333333333333335,
                    "recall": 0.25824175824175827,
                    "f1-score": 0.28313253012048195,
                    "support": 364.0
                },
                "2": {
                    "precision": 0.5157068062827225,
                    "recall": 0.37884615384615383,
                    "f1-score": 0.43680709534368073,
                    "support": 520.0
                },
                "accuracy": 0.34232558139534885,
                "macro avg": {
                    "precision": 0.34165629759890576,
                    "recall": 0.3467430911148188,
                    "f1-score": 0.3278794185337163,
                    "support": 1075.0
                },
                "weighted avg": {
                    "precision": 0.39036582740265613,
                    "recall": 0.34232558139534885,
                    "f1-score": 0.35401522688254305,
                    "support": 1075.0
                }
            },
            "auroc_per_class": {
                "class_0": 0.5623119565989909,
                "class_1": 0.47065346748891057,
                "class_2": 0.530017325017325
            }
        },
        {
            "fold": 2,
            "accuracy": 0.32744186046511625,
            "auroc": 0.4820066114370957,
            "n_train_samples": 4298,
            "n_test_samples": 1075,
            "classification_report": {
                "0": {
                    "precision": 0.31865284974093266,
                    "recall": 0.37272727272727274,
                    "f1-score": 0.3435754189944134,
                    "support": 330.0
                },
                "1": {
                    "precision": 0.3447098976109215,
                    "recall": 0.27371273712737126,
                    "f1-score": 0.30513595166163143,
                    "support": 369.0
                },
                "2": {
                    "precision": 0.32323232323232326,
                    "recall": 0.3404255319148936,
                    "f1-score": 0.3316062176165803,
                    "support": 376.0
                },
                "accuracy": 0.32744186046511625,
                "macro avg": {
                    "precision": 0.3288650235280592,
                    "recall": 0.32895518058984585,
                    "f1-score": 0.32677252942420837,
                    "support": 1075.0
                },
                "weighted avg": {
                    "precision": 0.32919883364492225,
                    "recall": 0.32744186046511625,
                    "f1-score": 0.32619441140012334,
                    "support": 1075.0
                }
            },
            "auroc_per_class": {
                "class_0": 0.49129957291031123,
                "class_1": 0.49800778461042405,
                "class_2": 0.4567124767905518
            }
        },
        {
            "fold": 3,
            "accuracy": 0.3488372093023256,
            "auroc": 0.5156318726877538,
            "n_train_samples": 4298,
            "n_test_samples": 1075,
            "classification_report": {
                "0": {
                    "precision": 0.5307262569832403,
                    "recall": 0.3605313092979127,
                    "f1-score": 0.4293785310734463,
                    "support": 527.0
                },
                "1": {
                    "precision": 0.3644578313253012,
                    "recall": 0.3324175824175824,
                    "f1-score": 0.34770114942528735,
                    "support": 364.0
                },
                "2": {
                    "precision": 0.16623376623376623,
                    "recall": 0.34782608695652173,
                    "f1-score": 0.22495606326889278,
                    "support": 184.0
                },
                "accuracy": 0.3488372093023256,
                "macro avg": {
                    "precision": 0.35380595151410255,
                    "recall": 0.3469249928906723,
                    "f1-score": 0.3340119145892088,
                    "support": 1075.0
                },
                "weighted avg": {
                    "precision": 0.4120394428089212,
                    "recall": 0.3488372093023256,
                    "f1-score": 0.3667326696818484,
                    "support": 1075.0
                }
            },
            "auroc_per_class": {
                "class_0": 0.5432519840995028,
                "class_1": 0.5216070848982242,
                "class_2": 0.48203654906553456
            }
        },
        {
            "fold": 4,
            "accuracy": 0.3789571694599628,
            "auroc": 0.5459947878900082,
            "n_train_samples": 4299,
            "n_test_samples": 1074,
            "classification_report": {
                "0": {
                    "precision": 0.4370179948586118,
                    "recall": 0.4392764857881137,
                    "f1-score": 0.4381443298969072,
                    "support": 387.0
                },
                "1": {
                    "precision": 0.35275080906148865,
                    "recall": 0.2766497461928934,
                    "f1-score": 0.310099573257468,
                    "support": 394.0
                },
                "2": {
                    "precision": 0.3404255319148936,
                    "recall": 0.43686006825938567,
                    "f1-score": 0.38266068759342303,
                    "support": 293.0
                },
                "accuracy": 0.3789571694599628,
                "macro avg": {
                    "precision": 0.3767314452783314,
                    "recall": 0.38426210008013095,
                    "f1-score": 0.3769681969159328,
                    "support": 1074.0
                },
                "weighted avg": {
                    "precision": 0.37975275943349457,
                    "recall": 0.3789571694599628,
                    "f1-score": 0.37603414245662803,
                    "support": 1074.0
                }
            },
            "auroc_per_class": {
                "class_0": 0.5820987027445848,
                "class_1": 0.4861339205733054,
                "class_2": 0.5697517403521345
            }
        },
        {
            "fold": 5,
            "accuracy": 0.3687150837988827,
            "auroc": 0.5361613259781586,
            "n_train_samples": 4299,
            "n_test_samples": 1074,
            "classification_report": {
                "0": {
                    "precision": 0.347953216374269,
                    "recall": 0.3342696629213483,
                    "f1-score": 0.34097421203438394,
                    "support": 356.0
                },
                "1": {
                    "precision": 0.31626506024096385,
                    "recall": 0.35,
                    "f1-score": 0.3322784810126582,
                    "support": 300.0
                },
                "2": {
                    "precision": 0.43,
                    "recall": 0.41148325358851673,
                    "f1-score": 0.42053789731051344,
                    "support": 418.0
                },
                "accuracy": 0.3687150837988827,
                "macro avg": {
                    "precision": 0.36473942553841093,