{
    "subject_id": 1,
    "trial_id": 0,
    "eval_name": "global_flow",
    "k_folds": 5,
    "mean_accuracy": 0.49771863848037257,
    "std_accuracy": 0.014643837102875704,
    "fold_results": [
        {
            "fold": 1,
            "accuracy": 0.4879898862199747,
            "auroc": 0.47472782323004575,
            "n_train_samples": 3161,
            "n_test_samples": 791,
            "classification_report": {
                "0": {
                    "precision": 0.43854748603351956,
                    "recall": 0.43490304709141275,
                    "f1-score": 0.43671766342141866,
                    "support": 361.0
                },
                "1": {
                    "precision": 0.5288683602771362,
                    "recall": 0.5325581395348837,
                    "f1-score": 0.5307068366164542,
                    "support": 430.0
                },
                "accuracy": 0.4879898862199747,
                "macro avg": {
                    "precision": 0.4837079231553279,
                    "recall": 0.48373059331314827,
                    "f1-score": 0.4837122500189365,
                    "support": 791.0
                },
                "weighted avg": {
                    "precision": 0.48764732917480297,
                    "recall": 0.4879898862199747,
                    "f1-score": 0.48781165137826477,
                    "support": 791.0
                }
            }
        },
        {
            "fold": 2,
            "accuracy": 0.5233881163084703,
            "auroc": 0.5427037108495724,
            "n_train_samples": 3161,
            "n_test_samples": 791,
            "classification_report": {
                "0": {
                    "precision": 0.5653333333333334,
                    "recall": 0.49765258215962443,
                    "f1-score": 0.529338327091136,
                    "support": 426.0
                },
                "1": {
                    "precision": 0.4855769230769231,
                    "recall": 0.5534246575342465,
                    "f1-score": 0.5172855313700384,
                    "support": 365.0
                },
                "accuracy": 0.5233881163084703,
                "macro avg": {
                    "precision": 0.5254551282051282,
                    "recall": 0.5255386198469355,
                    "f1-score": 0.5233119292305872,
                    "support": 791.0
                },
                "weighted avg": {
                    "precision": 0.5285304385879608,
                    "recall": 0.5233881163084703,
                    "f1-score": 0.5237766704056738,
                    "support": 791.0
                }
            }
        },
        {
            "fold": 3,
            "accuracy": 0.4936708860759494,
            "auroc": 0.48525363996501514,
            "n_train_samples": 3162,
            "n_test_samples": 790,
            "classification_report": {
                "0": {
                    "precision": 0.4734848484848485,
                    "recall": 0.6720430107526881,
                    "f1-score": 0.5555555555555556,
                    "support": 372.0
                },
                "1": {
                    "precision": 0.5343511450381679,
                    "recall": 0.3349282296650718,
                    "f1-score": 0.4117647058823529,
                    "support": 418.0
                },
                "accuracy": 0.4936708860759494,
                "macro avg": {
                    "precision": 0.5039179967615082,
                    "recall": 0.50348562020888,
                    "f1-score": 0.48366013071895425,
                    "support": 790.0
                },
                "weighted avg": {
                    "precision": 0.5056900534966048,
                    "recall": 0.4936708860759494,
                    "f1-score": 0.4794738148423926,
                    "support": 790.0
                }
            }
        },
        {
            "fold": 4,
            "accuracy": 0.4810126582278481,
            "auroc": 0.4929591199875175,
            "n_train_samples": 3162,
            "n_test_samples": 790,
            "classification_report": {
                "0": {
                    "precision": 0.5465116279069767,
                    "recall": 0.4253393665158371,
                    "f1-score": 0.47837150127226463,
                    "support": 442.0
                },
                "1": {
                    "precision": 0.4304932735426009,
                    "recall": 0.5517241379310345,
                    "f1-score": 0.4836272040302267,
                    "support": 348.0
                },
                "accuracy": 0.4810126582278481,
                "macro avg": {
                    "precision": 0.4885024507247888,
                    "recall": 0.4885317522234358,
                    "f1-score": 0.48099935265124566,
                    "support": 790.0
                },
                "weighted avg": {
                    "precision": 0.49540480851608715,
                    "recall": 0.4810126582278481,
                    "f1-score": 0.4806866716010884,
                    "support": 790.0
                }
            }
        },
        {
            "fold": 5,
            "accuracy": 0.5025316455696203,
            "auroc": 0.5100215849522047,
            "n_train_samples": 3162,
            "n_test_samples": 790,
            "classification_report": {
                "0": {
                    "precision": 0.47911547911547914,
                    "recall": 0.5186170212765957,
                    "f1-score": 0.49808429118773945,
                    "support": 376.0
                },
                "1": {
                    "precision": 0.5274151436031331,
                    "recall": 0.48792270531400966,
                    "f1-score": 0.506900878293601,
                    "support": 414.0
                },
                "accuracy": 0.5025316455696203,
                "macro avg": {
                    "precision": 0.5032653113593062,
                    "recall": 0.5032698632953027,
                    "f1-score": 0.5024925847406703,
                    "support": 790.0
                },
                "weighted avg": {
                    "precision": 0.5044269488596421,
                    "recall": 0.5025316455696203,
                    "f1-score": 0.5027046292406846,
                    "support": 790.0
                }
            }
        }
    ],
    "n_classes": 2
}