{
    "subject_id": 2,
    "trial_id": 6,
    "eval_name": "local_flow",
    "k_folds": 5,
    "mean_accuracy": 0.5188148148148148,
    "std_accuracy": 0.02365550655551062,
    "fold_results": [
        {
            "fold": 1,
            "accuracy": 0.562962962962963,
            "auroc": 0.5874782578140099,
            "n_train_samples": 2700,
            "n_test_samples": 675,
            "classification_report": {
                "0": {
                    "precision": 0.5747800586510264,
                    "recall": 0.5664739884393064,
                    "f1-score": 0.5705967976710334,
                    "support": 346.0
                },
                "1": {
                    "precision": 0.5508982035928144,
                    "recall": 0.5592705167173252,
                    "f1-score": 0.555052790346908,
                    "support": 329.0
                },
                "accuracy": 0.562962962962963,
                "macro avg": {
                    "precision": 0.5628391311219204,
                    "recall": 0.5628722525783159,
                    "f1-score": 0.5628247940089708,
                    "support": 675.0
                },
                "weighted avg": {
                    "precision": 0.5631398655930239,
                    "recall": 0.562962962962963,
                    "f1-score": 0.5630205333604597,
                    "support": 675.0
                }
            }
        },
        {
            "fold": 2,
            "accuracy": 0.5214814814814814,
            "auroc": 0.541358505254963,
            "n_train_samples": 2700,
            "n_test_samples": 675,
            "classification_report": {
                "0": {
                    "precision": 0.5679012345679012,
                    "recall": 0.5013623978201635,
                    "f1-score": 0.532561505065123,
                    "support": 367.0
                },
                "1": {
                    "precision": 0.47863247863247865,
                    "recall": 0.5454545454545454,
                    "f1-score": 0.5098634294385432,
                    "support": 308.0
                },
                "accuracy": 0.5214814814814814,
                "macro avg": {
                    "precision": 0.5232668566001899,
                    "recall": 0.5234084716373544,
                    "f1-score": 0.5212124672518331,
                    "support": 675.0
                },
                "weighted avg": {
                    "precision": 0.5271682318595899,
                    "recall": 0.5214814814814814,
                    "f1-score": 0.5222044572236615,
                    "support": 675.0
                }
            }
        },
        {
            "fold": 3,
            "accuracy": 0.5111111111111111,
            "auroc": 0.5213334057420078,
            "n_train_samples": 2700,
            "n_test_samples": 675,
            "classification_report": {
                "0": {
                    "precision": 0.5988023952095808,
                    "recall": 0.5050505050505051,
                    "f1-score": 0.547945205479452,
                    "support": 396.0
                },
                "1": {
                    "precision": 0.4252199413489736,
                    "recall": 0.5197132616487455,
                    "f1-score": 0.46774193548387094,
                    "support": 279.0
                },
                "accuracy": 0.5111111111111111,
                "macro avg": {
                    "precision": 0.5120111682792772,
                    "recall": 0.5123818833496253,
                    "f1-score": 0.5078435704816615,
                    "support": 675.0
                },
                "weighted avg": {
                    "precision": 0.5270549809471965,
                    "recall": 0.5111111111111111,
                    "f1-score": 0.5147945205479452,
                    "support": 675.0
                }
            }
        },
        {
            "fold": 4,
            "accuracy": 0.5022222222222222,
            "auroc": 0.4895792552334017,
            "n_train_samples": 2700,
            "n_test_samples": 675,
            "classification_report": {
                "0": {
                    "precision": 0.258160237388724,
                    "recall": 0.5028901734104047,
                    "f1-score": 0.3411764705882353,
                    "support": 173.0
                },
                "1": {
                    "precision": 0.7455621301775148,
                    "recall": 0.50199203187251,
                    "f1-score": 0.6,
                    "support": 502.0
                },
                "accuracy": 0.5022222222222222,
                "macro avg": {
                    "precision": 0.5018611837831194,
                    "recall": 0.5024411026414572,
                    "f1-score": 0.47058823529411764,
                    "support": 675.0
                },
                "weighted avg": {
                    "precision": 0.6206428302479433,
                    "recall": 0.5022222222222222,
                    "f1-score": 0.5336644880174292,
                    "support": 675.0
                }
            }
        },
        {
            "fold": 5,
            "accuracy": 0.4962962962962963,
            "auroc": 0.5116560147966377,
            "n_train_samples": 2700,
            "n_test_samples": 675,
            "classification_report": {
                "0": {
                    "precision": 0.603125,
                    "recall": 0.4753694581280788,
                    "f1-score": 0.5316804407713499,
                    "support": 406.0
                },
                "1": {
                    "precision": 0.4,
                    "recall": 0.5278810408921933,
                    "f1-score": 0.4551282051282051,
                    "support": 269.0
                },
                "accuracy": 0.4962962962962963,
                "macro avg": {
                    "precision": 0.5015625,
                    "recall": 0.5016252495101361,
                    "f1-score": 0.49340432294977754,
                    "support": 675.0
                },
                "weighted avg": {
                    "precision": 0.5221759259259259,
                    "recall": 0.4962962962962963,
                    "f1-score": 0.5011729572335634,
                    "support": 675.0
                }
            }
        }
    ],
    "n_classes": 2
}