{
    "subject_id": 6,
    "trial_id": 0,
    "eval_name": "global_flow_angle",
    "k_folds": 5,
    "mean_accuracy": 0.26296296296296295,
    "std_accuracy": 0.02508558737804457,
    "fold_results": [
        {
            "fold": 1,
            "accuracy": 0.2777777777777778,
            "auroc": 0.5063172583911854,
            "n_train_samples": 864,
            "n_test_samples": 216,
            "classification_report": {
                "0": {
                    "precision": 0.1590909090909091,
                    "recall": 0.16666666666666666,
                    "f1-score": 0.16279069767441862,
                    "support": 42.0
                },
                "1": {
                    "precision": 0.3488372093023256,
                    "recall": 0.2112676056338028,
                    "f1-score": 0.2631578947368421,
                    "support": 71.0
                },
                "2": {
                    "precision": 0.2753623188405797,
                    "recall": 0.40425531914893614,
                    "f1-score": 0.3275862068965517,
                    "support": 47.0
                },
                "3": {
                    "precision": 0.31666666666666665,
                    "recall": 0.3392857142857143,
                    "f1-score": 0.3275862068965517,
                    "support": 56.0
                },
                "accuracy": 0.2777777777777778,
                "macro avg": {
                    "precision": 0.27498927597512024,
                    "recall": 0.28036882643378,
                    "f1-score": 0.27028025155109103,
                    "support": 216.0
                },
                "weighted avg": {
                    "precision": 0.2876139924126106,
                    "recall": 0.2777777777777778,
                    "f1-score": 0.2743648108286398,
                    "support": 216.0
                }
            },
            "auroc_per_class": {
                "class_0": 0.4185823754789272,
                "class_1": 0.49742593491986403,
                "class_2": 0.5948634017373788,
                "class_3": 0.5143973214285714
            }
        },
        {
            "fold": 2,
            "accuracy": 0.25462962962962965,
            "auroc": 0.501300667573164,
            "n_train_samples": 864,
            "n_test_samples": 216,
            "classification_report": {
                "0": {
                    "precision": 0.28,
                    "recall": 0.2857142857142857,
                    "f1-score": 0.2828282828282828,
                    "support": 49.0
                },
                "1": {
                    "precision": 0.2545454545454545,
                    "recall": 0.25925925925925924,
                    "f1-score": 0.25688073394495414,
                    "support": 54.0
                },
                "2": {
                    "precision": 0.2982456140350877,
                    "recall": 0.288135593220339,
                    "f1-score": 0.29310344827586204,
                    "support": 59.0
                },
                "3": {
                    "precision": 0.18518518518518517,
                    "recall": 0.18518518518518517,
                    "f1-score": 0.18518518518518517,
                    "support": 54.0
                },
                "accuracy": 0.25462962962962965,
                "macro avg": {
                    "precision": 0.25449406344143183,
                    "recall": 0.2545735808447673,
                    "f1-score": 0.25449941255857106,
                    "support": 216.0
                },
                "weighted avg": {
                    "precision": 0.25491641561817,
                    "recall": 0.25462962962962965,
                    "f1-score": 0.25473726361059834,
                    "support": 216.0
                }
            },
            "auroc_per_class": {
                "class_0": 0.5172919467188073,
                "class_1": 0.4871970736168267,
                "class_2": 0.5179747382057649,
                "class_3": 0.4827389117512574
            }
        },
        {
            "fold": 3,
            "accuracy": 0.28703703703703703,
            "auroc": 0.5394617701948881,
            "n_train_samples": 864,
            "n_test_samples": 216,
            "classification_report": {
                "0": {
                    "precision": 0.2727272727272727,
                    "recall": 0.2542372881355932,
                    "f1-score": 0.2631578947368421,
                    "support": 59.0
                },
                "1": {
                    "precision": 0.42857142857142855,
                    "recall": 0.3582089552238806,
                    "f1-score": 0.3902439024390244,
                    "support": 67.0
                },
                "2": {
                    "precision": 0.23809523809523808,
                    "recall": 0.24390243902439024,
                    "f1-score": 0.24096385542168675,
                    "support": 41.0
                },
                "3": {
                    "precision": 0.20634920634920634,
                    "recall": 0.2653061224489796,
                    "f1-score": 0.23214285714285715,
                    "support": 49.0
                },
                "accuracy": 0.28703703703703703,
                "macro avg": {
                    "precision": 0.28643578643578643,
                    "recall": 0.2804137012082109,
                    "f1-score": 0.2816271274351026,
                    "support": 216.0
                },
                "weighted avg": {
                    "precision": 0.2994361605472716,
                    "recall": 0.28703703703703703,
                    "f1-score": 0.2913295153943402,
                    "support": 216.0
                }
            },
            "auroc_per_class": {
                "class_0": 0.5130087444672352,
                "class_1": 0.5649103475909045,
                "class_2": 0.5516376306620209,
                "class_3": 0.5282903580593914
            }
        },
        {
            "fold": 4,
            "accuracy": 0.2175925925925926,
            "auroc": 0.46141956378128723,
            "n_train_samples": 864,
            "n_test_samples": 216,
            "classification_report": {
                "0": {
                    "precision": 0.22033898305084745,
                    "recall": 0.22033898305084745,
                    "f1-score": 0.22033898305084745,
                    "support": 59.0
                },
                "1": {
                    "precision": 0.21052631578947367,
                    "recall": 0.2727272727272727,
                    "f1-score": 0.2376237623762376,
                    "support": 44.0
                },
                "2": {
                    "precision": 0.25925925925925924,
                    "recall": 0.24561403508771928,
                    "f1-score": 0.25225225225225223,
                    "support": 57.0
                },
                "3": {
                    "precision": 0.17391304347826086,
                    "recall": 0.14285714285714285,
                    "f1-score": 0.1568627450980392,
                    "support": 56.0
                },
                "accuracy": 0.2175925925925926,
                "macro avg": {
                    "precision": 0.2160094003944603,
                    "recall": 0.22038435843074555,
                    "f1-score": 0.21676943569434412,
                    "support": 216.0
                },
                "weighted avg": {
                    "precision": 0.21657438012637606,
                    "recall": 0.2175925925925926,
                    "f1-score": 0.2158247113352918,
                    "support": 216.0
                }
            },
            "auroc_per_class": {
                "class_0": 0.4361437979056461,
                "class_1": 0.5647463002114165,
                "class_2": 0.4339622641509434,