{
    "subject_id": 2,
    "trial_id": 2,
    "eval_name": "pitch",
    "k_folds": 5,
    "mean_accuracy": 0.5152149352754518,
    "std_accuracy": 0.023677862774185824,
    "fold_results": [
        {
            "fold": 1,
            "accuracy": 0.5498721227621484,
            "auroc": 0.5700177692728267,
            "n_train_samples": 3125,
            "n_test_samples": 782,
            "classification_report": {
                "0": {
                    "precision": 0.44642857142857145,
                    "recall": 0.5645161290322581,
                    "f1-score": 0.4985754985754986,
                    "support": 310.0
                },
                "1": {
                    "precision": 0.6538461538461539,
                    "recall": 0.5402542372881356,
                    "f1-score": 0.5916473317865429,
                    "support": 472.0
                },
                "accuracy": 0.5498721227621484,
                "macro avg": {
                    "precision": 0.5501373626373627,
                    "recall": 0.5523851831601969,
                    "f1-score": 0.5451114151810208,
                    "support": 782.0
                },
                "weighted avg": {
                    "precision": 0.5716217925297209,
                    "recall": 0.5498721227621484,
                    "f1-score": 0.5547518480328042,
                    "support": 782.0
                }
            }
        },
        {
            "fold": 2,
            "accuracy": 0.5358056265984654,
            "auroc": 0.5324612403100775,
            "n_train_samples": 3125,
            "n_test_samples": 782,
            "classification_report": {
                "0": {
                    "precision": 0.596401028277635,
                    "recall": 0.5296803652968036,
                    "f1-score": 0.5610640870616687,
                    "support": 438.0
                },
                "1": {
                    "precision": 0.4758269720101781,
                    "recall": 0.5436046511627907,
                    "f1-score": 0.5074626865671642,
                    "support": 344.0
                },
                "accuracy": 0.5358056265984654,
                "macro avg": {
                    "precision": 0.5361140001439065,
                    "recall": 0.5366425082297972,
                    "f1-score": 0.5342633868144164,
                    "support": 782.0
                },
                "weighted avg": {
                    "precision": 0.5433607784617716,
                    "recall": 0.5358056265984654,
                    "f1-score": 0.5374849543633189,
                    "support": 782.0
                }
            }
        },
        {
            "fold": 3,
            "accuracy": 0.48655569782330343,
            "auroc": 0.4895639099718991,
            "n_train_samples": 3126,
            "n_test_samples": 781,
            "classification_report": {
                "0": {
                    "precision": 0.47391304347826085,
                    "recall": 0.5782493368700266,
                    "f1-score": 0.5209080047789725,
                    "support": 377.0
                },
                "1": {
                    "precision": 0.5046728971962616,
                    "recall": 0.400990099009901,
                    "f1-score": 0.44689655172413795,
                    "support": 404.0
                },
                "accuracy": 0.48655569782330343,
                "macro avg": {
                    "precision": 0.48929297033726127,
                    "recall": 0.4896197179399638,
                    "f1-score": 0.4839022782515552,
                    "support": 781.0
                },
                "weighted avg": {
                    "precision": 0.48982467075364156,
                    "recall": 0.48655569782330343,
                    "f1-score": 0.48262295095803376,
                    "support": 781.0
                }
            }
        },
        {
            "fold": 4,
            "accuracy": 0.5006402048655569,
            "auroc": 0.5245338078291815,
            "n_train_samples": 3126,
            "n_test_samples": 781,
            "classification_report": {
                "0": {
                    "precision": 0.6580459770114943,
                    "recall": 0.458,
                    "f1-score": 0.5400943396226415,
                    "support": 500.0
                },
                "1": {
                    "precision": 0.3741339491916859,
                    "recall": 0.5765124555160143,
                    "f1-score": 0.453781512605042,
                    "support": 281.0
                },
                "accuracy": 0.5006402048655569,
                "macro avg": {
                    "precision": 0.51608996310159,
                    "recall": 0.5172562277580072,
                    "f1-score": 0.4969379261138418,
                    "support": 781.0
                },
                "weighted avg": {
                    "precision": 0.5558958107920754,
                    "recall": 0.5006402048655569,
                    "f1-score": 0.509039404421687,
                    "support": 781.0
                }
            }
        },
        {
            "fold": 5,
            "accuracy": 0.5032010243277849,
            "auroc": 0.48502434300777364,
            "n_train_samples": 3126,
            "n_test_samples": 781,
            "classification_report": {
                "0": {
                    "precision": 0.4196185286103542,
                    "recall": 0.46808510638297873,
                    "f1-score": 0.4425287356321839,
                    "support": 329.0
                },
                "1": {
                    "precision": 0.5772946859903382,
                    "recall": 0.5287610619469026,
                    "f1-score": 0.5519630484988453,
                    "support": 452.0
                },
                "accuracy": 0.5032010243277849,
                "macro avg": {
                    "precision": 0.4984566073003462,
                    "recall": 0.4984230841649407,
                    "f1-score": 0.4972458920655146,
                    "support": 781.0
                },
                "weighted avg": {
                    "precision": 0.5108728476061963,
                    "recall": 0.5032010243277849,
                    "f1-score": 0.5058633187509175,
                    "support": 781.0
                }
            }
        }
    ],
    "n_classes": 2
}