{
    "subject_id": 8,
    "trial_id": 0,
    "eval_name": "word_index",
    "k_folds": 5,
    "mean_accuracy": 0.2664578074733977,
    "std_accuracy": 0.01507419866700671,
    "fold_results": [
        {
            "fold": 1,
            "accuracy": 0.2911111111111111,
            "auroc": 0.5442248224982046,
            "n_train_samples": 1798,
            "n_test_samples": 450,
            "classification_report": {
                "0": {
                    "precision": 0.35964912280701755,
                    "recall": 0.33884297520661155,
                    "f1-score": 0.34893617021276596,
                    "support": 121.0
                },
                "1": {
                    "precision": 0.2815533980582524,
                    "recall": 0.26605504587155965,
                    "f1-score": 0.27358490566037735,
                    "support": 109.0
                },
                "2": {
                    "precision": 0.26495726495726496,
                    "recall": 0.29523809523809524,
                    "f1-score": 0.27927927927927926,
                    "support": 105.0
                },
                "3": {
                    "precision": 0.25862068965517243,
                    "recall": 0.2608695652173913,
                    "f1-score": 0.2597402597402597,
                    "support": 115.0
                },
                "accuracy": 0.2911111111111111,
                "macro avg": {
                    "precision": 0.29119511886942684,
                    "recall": 0.29025142038341445,
                    "f1-score": 0.29038515372317053,
                    "support": 450.0
                },
                "weighted avg": {
                    "precision": 0.2928194586196807,
                    "recall": 0.2911111111111111,
                    "f1-score": 0.2916366344604,
                    "support": 450.0
                }
            },
            "auroc_per_class": {
                "class_0": 0.6018488281544374,
                "class_1": 0.5337781484570476,
                "class_2": 0.532615596963423,
                "class_3": 0.5086567164179104
            }
        },
        {
            "fold": 2,
            "accuracy": 0.26666666666666666,
            "auroc": 0.5282558628627408,
            "n_train_samples": 1798,
            "n_test_samples": 450,
            "classification_report": {
                "0": {
                    "precision": 0.2595419847328244,
                    "recall": 0.3063063063063063,
                    "f1-score": 0.2809917355371901,
                    "support": 111.0
                },
                "1": {
                    "precision": 0.25773195876288657,
                    "recall": 0.21551724137931033,
                    "f1-score": 0.2347417840375587,
                    "support": 116.0
                },
                "2": {
                    "precision": 0.24390243902439024,
                    "recall": 0.2830188679245283,
                    "f1-score": 0.26200873362445415,
                    "support": 106.0
                },
                "3": {
                    "precision": 0.31313131313131315,
                    "recall": 0.26495726495726496,
                    "f1-score": 0.28703703703703703,
                    "support": 117.0
                },
                "accuracy": 0.26666666666666666,
                "macro avg": {
                    "precision": 0.2685769239128536,
                    "recall": 0.2674499201418524,
                    "f1-score": 0.26619482255905996,
                    "support": 450.0
                },
                "weighted avg": {
                    "precision": 0.2693246437661941,
                    "recall": 0.26666666666666666,
                    "f1-score": 0.26616975264557863,
                    "support": 450.0
                }
            },
            "auroc_per_class": {
                "class_0": 0.5502405059927183,
                "class_1": 0.521345240553376,
                "class_2": 0.5083918385256692,
                "class_3": 0.5330458663791997
            }
        },
        {
            "fold": 3,
            "accuracy": 0.24444444444444444,
            "auroc": 0.518581780554682,
            "n_train_samples": 1798,
            "n_test_samples": 450,
            "classification_report": {
                "0": {
                    "precision": 0.26126126126126126,
                    "recall": 0.2543859649122807,
                    "f1-score": 0.2577777777777778,
                    "support": 114.0
                },
                "1": {
                    "precision": 0.24324324324324326,
                    "recall": 0.24107142857142858,
                    "f1-score": 0.242152466367713,
                    "support": 112.0
                },
                "2": {
                    "precision": 0.24528301886792453,
                    "recall": 0.2222222222222222,
                    "f1-score": 0.23318385650224216,
                    "support": 117.0
                },
                "3": {
                    "precision": 0.22950819672131148,
                    "recall": 0.2616822429906542,
                    "f1-score": 0.2445414847161572,
                    "support": 107.0
                },
                "accuracy": 0.24444444444444444,
                "macro avg": {
                    "precision": 0.2448239300234351,
                    "recall": 0.24484046467414644,
                    "f1-score": 0.24441389634097255,
                    "support": 450.0
                },
                "weighted avg": {
                    "precision": 0.2450722606305656,
                    "recall": 0.24444444444444444,
                    "f1-score": 0.2443470955005371,
                    "support": 450.0
                }
            },
            "auroc_per_class": {
                "class_0": 0.5282477025898078,
                "class_1": 0.5218987743026204,
                "class_2": 0.4967018300351634,
                "class_3": 0.5274788152911364
            }
        },
        {
            "fold": 4,
            "accuracy": 0.26057906458797325,
            "auroc": 0.529458589297906,
            "n_train_samples": 1799,
            "n_test_samples": 449,
            "classification_report": {
                "0": {
                    "precision": 0.30097087378640774,
                    "recall": 0.2719298245614035,
                    "f1-score": 0.2857142857142857,
                    "support": 114.0
                },
                "1": {
                    "precision": 0.2796610169491525,
                    "recall": 0.28448275862068967,
                    "f1-score": 0.28205128205128205,
                    "support": 116.0
                },
                "2": {
                    "precision": 0.21052631578947367,
                    "recall": 0.2033898305084746,
                    "f1-score": 0.20689655172413793,
                    "support": 118.0
                },
                "3": {
                    "precision": 0.2543859649122807,
                    "recall": 0.2871287128712871,
                    "f1-score": 0.26976744186046514,
                    "support": 101.0
                },
                "accuracy": 0.26057906458797325,
                "macro avg": {
                    "precision": 0.26138604285932865,
                    "recall": 0.2617327816404637,
                    "f1-score": 0.2611073903375427,
                    "support": 449.0
                },
                "weighted avg": {
                    "precision": 0.26121702738764013,
                    "recall": 0.26057906458797325,
                    "f1-score": 0.26046699781900345,
                    "support": 449.0
                }
            },
            "auroc_per_class": {
                "class_0": 0.5557999476302697,
                "class_1": 0.5213057885471679,
                "class_2": 0.4929591888985611,