{
    "subject_id": 10,
    "trial_id": 1,
    "eval_name": "frame_brightness",
    "k_folds": 5,
    "mean_accuracy": 0.497179588803567,
    "std_accuracy": 0.042726872407812116,
    "fold_results": [
        {
            "fold": 1,
            "accuracy": 0.5122615803814714,
            "auroc": 0.523637966578063,
            "n_train_samples": 4400,
            "n_test_samples": 1101,
            "classification_report": {
                "0": {
                    "precision": 0.5431034482758621,
                    "recall": 0.5366269165247018,
                    "f1-score": 0.5398457583547558,
                    "support": 587.0
                },
                "1": {
                    "precision": 0.4779270633397313,
                    "recall": 0.48443579766536965,
                    "f1-score": 0.4811594202898551,
                    "support": 514.0
                },
                "accuracy": 0.5122615803814714,
                "macro avg": {
                    "precision": 0.5105152558077967,
                    "recall": 0.5105313570950357,
                    "f1-score": 0.5105025893223054,
                    "support": 1101.0
                },
                "weighted avg": {
                    "precision": 0.5126759624836993,
                    "recall": 0.5122615803814714,
                    "f1-score": 0.5124481400392618,
                    "support": 1101.0
                }
            }
        },
        {
            "fold": 2,
            "accuracy": 0.5345454545454545,
            "auroc": 0.5330572507991864,
            "n_train_samples": 4401,
            "n_test_samples": 1100,
            "classification_report": {
                "0": {
                    "precision": 0.6410256410256411,
                    "recall": 0.5255255255255256,
                    "f1-score": 0.5775577557755776,
                    "support": 666.0
                },
                "1": {
                    "precision": 0.4296028880866426,
                    "recall": 0.5483870967741935,
                    "f1-score": 0.4817813765182186,
                    "support": 434.0
                },
                "accuracy": 0.5345454545454545,
                "macro avg": {
                    "precision": 0.5353142645561418,
                    "recall": 0.5369563111498595,
                    "f1-score": 0.5296695661468981,
                    "support": 1100.0
                },
                "weighted avg": {
                    "precision": 0.5576097548660726,
                    "recall": 0.5345454545454545,
                    "f1-score": 0.539769620686765,
                    "support": 1100.0
                }
            }
        },
        {
            "fold": 3,
            "accuracy": 0.47545454545454546,
            "auroc": 0.5020445478723404,
            "n_train_samples": 4401,
            "n_test_samples": 1100,
            "classification_report": {
                "0": {
                    "precision": 0.8565815324165029,
                    "recall": 0.46382978723404256,
                    "f1-score": 0.6017943409247757,
                    "support": 940.0
                },
                "1": {
                    "precision": 0.14720812182741116,
                    "recall": 0.54375,
                    "f1-score": 0.23169107856191745,
                    "support": 160.0
                },
                "accuracy": 0.47545454545454546,
                "macro avg": {
                    "precision": 0.501894827121957,
                    "recall": 0.5037898936170213,
                    "f1-score": 0.4167427097433466,
                    "support": 1100.0
                },
                "weighted avg": {
                    "precision": 0.753399945421726,
                    "recall": 0.47545454545454546,
                    "f1-score": 0.5479611391265418,
                    "support": 1100.0
                }
            }
        },
        {
            "fold": 4,
            "accuracy": 0.5390909090909091,
            "auroc": 0.5423304188126323,
            "n_train_samples": 4401,
            "n_test_samples": 1100,
            "classification_report": {
                "0": {
                    "precision": 0.49907235621521334,
                    "recall": 0.5316205533596838,
                    "f1-score": 0.5148325358851674,
                    "support": 506.0
                },
                "1": {
                    "precision": 0.5775401069518716,
                    "recall": 0.5454545454545454,
                    "f1-score": 0.561038961038961,
                    "support": 594.0
                },
                "accuracy": 0.5390909090909091,
                "macro avg": {
                    "precision": 0.5383062315835425,
                    "recall": 0.5385375494071146,
                    "f1-score": 0.5379357484620642,
                    "support": 1100.0
                },
                "weighted avg": {
                    "precision": 0.5414449416130089,
                    "recall": 0.5390909090909091,
                    "f1-score": 0.5397840054682159,
                    "support": 1100.0
                }
            }
        },
        {
            "fold": 5,
            "accuracy": 0.42454545454545456,
            "auroc": 0.40646102466236056,
            "n_train_samples": 4401,
            "n_test_samples": 1100,
            "classification_report": {
                "0": {
                    "precision": 0.0352,
                    "recall": 0.4230769230769231,
                    "f1-score": 0.06499261447562776,
                    "support": 52.0
                },
                "1": {
                    "precision": 0.9368421052631579,
                    "recall": 0.42461832061068705,
                    "f1-score": 0.5843729481286933,
                    "support": 1048.0
                },
                "accuracy": 0.42454545454545456,
                "macro avg": {
                    "precision": 0.48602105263157896,
                    "recall": 0.4238476218438051,
                    "f1-score": 0.32468278130216055,
                    "support": 1100.0
                },
                "weighted avg": {
                    "precision": 0.8942190239234451,
                    "recall": 0.42454545454545456,
                    "f1-score": 0.5598204232650938,
                    "support": 1100.0
                }
            }
        }
    ],
    "n_classes": 2
}