{
    "subject_id": 9,
    "trial_id": 0,
    "eval_name": "global_flow_angle",
    "k_folds": 5,
    "mean_accuracy": 0.2555066865408435,
    "std_accuracy": 0.015509938225622797,
    "fold_results": [
        {
            "fold": 1,
            "accuracy": 0.2494279176201373,
            "auroc": 0.4992748833167142,
            "n_train_samples": 1747,
            "n_test_samples": 437,
            "classification_report": {
                "0": {
                    "precision": 0.2962962962962963,
                    "recall": 0.17647058823529413,
                    "f1-score": 0.22119815668202766,
                    "support": 136.0
                },
                "1": {
                    "precision": 0.18548387096774194,
                    "recall": 0.2948717948717949,
                    "f1-score": 0.22772277227722773,
                    "support": 78.0
                },
                "2": {
                    "precision": 0.2713178294573643,
                    "recall": 0.3465346534653465,
                    "f1-score": 0.30434782608695654,
                    "support": 101.0
                },
                "3": {
                    "precision": 0.2621359223300971,
                    "recall": 0.22131147540983606,
                    "f1-score": 0.24,
                    "support": 122.0
                },
                "accuracy": 0.2494279176201373,
                "macro avg": {
                    "precision": 0.2538084797628749,
                    "recall": 0.25979712799556787,
                    "f1-score": 0.24831718876155298,
                    "support": 437.0
                },
                "weighted avg": {
                    "precision": 0.26120760075799954,
                    "recall": 0.2494279176201373,
                    "f1-score": 0.24682941872119482,
                    "support": 437.0
                }
            },
            "auroc_per_class": {
                "class_0": 0.4521203830369357,
                "class_1": 0.5128205128205129,
                "class_2": 0.5371287128712872,
                "class_3": 0.4950299245381212
            }
        },
        {
            "fold": 2,
            "accuracy": 0.2631578947368421,
            "auroc": 0.5191012892835232,
            "n_train_samples": 1747,
            "n_test_samples": 437,
            "classification_report": {
                "0": {
                    "precision": 0.22900763358778625,
                    "recall": 0.3448275862068966,
                    "f1-score": 0.27522935779816515,
                    "support": 87.0
                },
                "1": {
                    "precision": 0.33962264150943394,
                    "recall": 0.3157894736842105,
                    "f1-score": 0.32727272727272727,
                    "support": 114.0
                },
                "2": {
                    "precision": 0.23469387755102042,
                    "recall": 0.19658119658119658,
                    "f1-score": 0.21395348837209302,
                    "support": 117.0
                },
                "3": {
                    "precision": 0.2549019607843137,
                    "recall": 0.2184873949579832,
                    "f1-score": 0.23529411764705882,
                    "support": 119.0
                },
                "accuracy": 0.2631578947368421,
                "macro avg": {
                    "precision": 0.2645565283581386,
                    "recall": 0.2689214128575717,
                    "f1-score": 0.2629374227725111,
                    "support": 437.0
                },
                "weighted avg": {
                    "precision": 0.26643744224488697,
                    "recall": 0.2631578947368421,
                    "f1-score": 0.2615254077278402,
                    "support": 437.0
                }
            },
            "auroc_per_class": {
                "class_0": 0.5396059113300493,
                "class_1": 0.5515995872033024,
                "class_2": 0.5172275641025641,
                "class_3": 0.46797209449817667
            }
        },
        {
            "fold": 3,
            "accuracy": 0.2402745995423341,
            "auroc": 0.5042847993011227,
            "n_train_samples": 1747,
            "n_test_samples": 437,
            "classification_report": {
                "0": {
                    "precision": 0.22857142857142856,
                    "recall": 0.2727272727272727,
                    "f1-score": 0.24870466321243523,
                    "support": 88.0
                },
                "1": {
                    "precision": 0.28378378378378377,
                    "recall": 0.14285714285714285,
                    "f1-score": 0.19004524886877827,
                    "support": 147.0
                },
                "2": {
                    "precision": 0.31896551724137934,
                    "recall": 0.3557692307692308,
                    "f1-score": 0.33636363636363636,
                    "support": 104.0
                },
                "3": {
                    "precision": 0.1619718309859155,
                    "recall": 0.23469387755102042,
                    "f1-score": 0.19166666666666668,
                    "support": 98.0
                },
                "accuracy": 0.2402745995423341,
                "macro avg": {
                    "precision": 0.2483231401456268,
                    "recall": 0.25151188097616667,
                    "f1-score": 0.24169505377787914,
                    "support": 437.0
                },
                "weighted avg": {
                    "precision": 0.2537211788563503,
                    "recall": 0.2402745995423341,
                    "f1-score": 0.23704305139944215,
                    "support": 437.0
                }
            },
            "auroc_per_class": {
                "class_0": 0.5142940870018234,
                "class_1": 0.4840253342716397,
                "class_2": 0.5764322014322014,
                "class_3": 0.44238757449882604
            }
        },
        {
            "fold": 4,
            "accuracy": 0.2425629290617849,
            "auroc": 0.5123455924596914,
            "n_train_samples": 1747,
            "n_test_samples": 437,
            "classification_report": {
                "0": {
                    "precision": 0.24731182795698925,
                    "recall": 0.17692307692307693,
                    "f1-score": 0.2062780269058296,
                    "support": 130.0
                },
                "1": {
                    "precision": 0.21568627450980393,
                    "recall": 0.3473684210526316,
                    "f1-score": 0.2661290322580645,
                    "support": 95.0
                },
                "2": {
                    "precision": 0.27722772277227725,
                    "recall": 0.2641509433962264,
                    "f1-score": 0.27053140096618356,
                    "support": 106.0
                },
                "3": {
                    "precision": 0.24444444444444444,
                    "recall": 0.20754716981132076,
                    "f1-score": 0.22448979591836735,
                    "support": 106.0
                },
                "accuracy": 0.2425629290617849,
                "macro avg": {
                    "precision": 0.24616756742087872,
                    "recall": 0.2489974027958139,
                    "f1-score": 0.24185706401211127,
                    "support": 437.0
                },
                "weighted avg": {
                    "precision": 0.24699767377073795,
                    "recall": 0.2425629290617849,
                    "f1-score": 0.23929210167514045,
                    "support": 437.0
                }
            },
            "auroc_per_class": {
                "class_0": 0.4546980706589827,
                "class_1": 0.5208371806709757,
                "class_2": 0.537878356039446,