{
    "subject_id": 5,
    "trial_id": 0,
    "eval_name": "pitch",
    "k_folds": 5,
    "mean_accuracy": 0.5142965962009314,
    "std_accuracy": 0.01594645949913528,
    "fold_results": [
        {
            "fold": 1,
            "accuracy": 0.506953223767383,
            "auroc": 0.5299188839688076,
            "n_train_samples": 3162,
            "n_test_samples": 791,
            "classification_report": {
                "0": {
                    "precision": 0.43532338308457713,
                    "recall": 0.5177514792899408,
                    "f1-score": 0.47297297297297297,
                    "support": 338.0
                },
                "1": {
                    "precision": 0.5809768637532133,
                    "recall": 0.4988962472406181,
                    "f1-score": 0.5368171021377672,
                    "support": 453.0
                },
                "accuracy": 0.506953223767383,
                "macro avg": {
                    "precision": 0.5081501234188952,
                    "recall": 0.5083238632652795,
                    "f1-score": 0.5048950375553701,
                    "support": 791.0
                },
                "weighted avg": {
                    "precision": 0.5187380818745799,
                    "recall": 0.506953223767383,
                    "f1-score": 0.5095360456804974,
                    "support": 791.0
                }
            }
        },
        {
            "fold": 2,
            "accuracy": 0.5284450063211125,
            "auroc": 0.536868900601444,
            "n_train_samples": 3162,
            "n_test_samples": 791,
            "classification_report": {
                "0": {
                    "precision": 0.5625,
                    "recall": 0.4748201438848921,
                    "f1-score": 0.5149544863459038,
                    "support": 417.0
                },
                "1": {
                    "precision": 0.5011389521640092,
                    "recall": 0.5882352941176471,
                    "f1-score": 0.5412054120541205,
                    "support": 374.0
                },
                "accuracy": 0.5284450063211125,
                "macro avg": {
                    "precision": 0.5318194760820045,
                    "recall": 0.5315277190012696,
                    "f1-score": 0.5280799492000121,
                    "support": 791.0
                },
                "weighted avg": {
                    "precision": 0.5334873174580778,
                    "recall": 0.5284450063211125,
                    "f1-score": 0.527366428463316,
                    "support": 791.0
                }
            }
        },
        {
            "fold": 3,
            "accuracy": 0.49304677623261695,
            "auroc": 0.5176089412853778,
            "n_train_samples": 3162,
            "n_test_samples": 791,
            "classification_report": {
                "0": {
                    "precision": 0.6402439024390244,
                    "recall": 0.4259634888438134,
                    "f1-score": 0.5115712545676004,
                    "support": 493.0
                },
                "1": {
                    "precision": 0.38876889848812096,
                    "recall": 0.6040268456375839,
                    "f1-score": 0.4730617608409987,
                    "support": 298.0
                },
                "accuracy": 0.49304677623261695,
                "macro avg": {
                    "precision": 0.5145064004635727,
                    "recall": 0.5149951672406987,
                    "f1-score": 0.4923165077042996,
                    "support": 791.0
                },
                "weighted avg": {
                    "precision": 0.5455036354638421,
                    "recall": 0.49304677623261695,
                    "f1-score": 0.49706325313836236,
                    "support": 791.0
                }
            }
        },
        {
            "fold": 4,
            "accuracy": 0.5367088607594936,
            "auroc": 0.5438839645447219,
            "n_train_samples": 3163,
            "n_test_samples": 790,
            "classification_report": {
                "0": {
                    "precision": 0.4988235294117647,
                    "recall": 0.5808219178082191,
                    "f1-score": 0.5367088607594936,
                    "support": 365.0
                },
                "1": {
                    "precision": 0.5808219178082191,
                    "recall": 0.4988235294117647,
                    "f1-score": 0.5367088607594936,
                    "support": 425.0
                },
                "accuracy": 0.5367088607594936,
                "macro avg": {
                    "precision": 0.539822723609992,
                    "recall": 0.539822723609992,
                    "f1-score": 0.5367088607594936,
                    "support": 790.0
                },
                "weighted avg": {
                    "precision": 0.5429365864604901,
                    "recall": 0.5367088607594936,
                    "f1-score": 0.5367088607594936,
                    "support": 790.0
                }
            }
        },
        {
            "fold": 5,
            "accuracy": 0.5063291139240507,
            "auroc": 0.5103054222772532,
            "n_train_samples": 3163,
            "n_test_samples": 790,
            "classification_report": {
                "0": {
                    "precision": 0.46875,
                    "recall": 0.5357142857142857,
                    "f1-score": 0.5,
                    "support": 364.0
                },
                "1": {
                    "precision": 0.5481283422459893,
                    "recall": 0.4812206572769953,
                    "f1-score": 0.5125,
                    "support": 426.0
                },
                "accuracy": 0.5063291139240507,
                "macro avg": {
                    "precision": 0.5084391711229946,
                    "recall": 0.5084674714956405,
                    "f1-score": 0.50625,
                    "support": 790.0
                },
                "weighted avg": {
                    "precision": 0.511554017464293,
                    "recall": 0.5063291139240507,
                    "f1-score": 0.5067405063291139,
                    "support": 790.0
                }
            }
        }
    ],
    "n_classes": 2
}