{
    "subject_id": 3,
    "trial_id": 2,
    "eval_name": "local_flow",
    "k_folds": 5,
    "mean_accuracy": 0.5303011942535517,
    "std_accuracy": 0.01943938885401176,
    "fold_results": [
        {
            "fold": 1,
            "accuracy": 0.5258701787394168,
            "auroc": 0.5554108527131782,
            "n_train_samples": 4251,
            "n_test_samples": 1063,
            "classification_report": {
                "0": {
                    "precision": 0.3837837837837838,
                    "recall": 0.568,
                    "f1-score": 0.45806451612903226,
                    "support": 375.0
                },
                "1": {
                    "precision": 0.6811023622047244,
                    "recall": 0.502906976744186,
                    "f1-score": 0.5785953177257525,
                    "support": 688.0
                },
                "accuracy": 0.5258701787394168,
                "macro avg": {
                    "precision": 0.5324430729942541,
                    "recall": 0.535453488372093,
                    "f1-score": 0.5183299169273924,
                    "support": 1063.0
                },
                "weighted avg": {
                    "precision": 0.5762157517551922,
                    "recall": 0.5258701787394168,
                    "f1-score": 0.5360750443496752,
                    "support": 1063.0
                }
            }
        },
        {
            "fold": 2,
            "accuracy": 0.555032925682032,
            "auroc": 0.5748609542480875,
            "n_train_samples": 4251,
            "n_test_samples": 1063,
            "classification_report": {
                "0": {
                    "precision": 0.591002044989775,
                    "recall": 0.5142348754448398,
                    "f1-score": 0.5499524262607041,
                    "support": 562.0
                },
                "1": {
                    "precision": 0.524390243902439,
                    "recall": 0.6007984031936128,
                    "f1-score": 0.56,
                    "support": 501.0
                },
                "accuracy": 0.555032925682032,
                "macro avg": {
                    "precision": 0.557696144446107,
                    "recall": 0.5575166393192263,
                    "f1-score": 0.5549762131303521,
                    "support": 1063.0
                },
                "weighted avg": {
                    "precision": 0.5596073955591492,
                    "recall": 0.555032925682032,
                    "f1-score": 0.5546879243259789,
                    "support": 1063.0
                }
            }
        },
        {
            "fold": 3,
            "accuracy": 0.510818438381938,
            "auroc": 0.554298397964846,
            "n_train_samples": 4251,
            "n_test_samples": 1063,
            "classification_report": {
                "0": {
                    "precision": 0.44851657940663175,
                    "recall": 0.5574837310195228,
                    "f1-score": 0.49709864603481624,
                    "support": 461.0
                },
                "1": {
                    "precision": 0.5836734693877551,
                    "recall": 0.4750830564784053,
                    "f1-score": 0.5238095238095238,
                    "support": 602.0
                },
                "accuracy": 0.510818438381938,
                "macro avg": {
                    "precision": 0.5160950243971935,
                    "recall": 0.516283393748964,
                    "f1-score": 0.51045408492217,
                    "support": 1063.0
                },
                "weighted avg": {
                    "precision": 0.5250588632905794,
                    "recall": 0.510818438381938,
                    "f1-score": 0.5122255965713863,
                    "support": 1063.0
                }
            }
        },
        {
            "fold": 4,
            "accuracy": 0.5089369708372531,
            "auroc": 0.5270568193205732,
            "n_train_samples": 4251,
            "n_test_samples": 1063,
            "classification_report": {
                "0": {
                    "precision": 0.5596330275229358,
                    "recall": 0.5195911413969335,
                    "f1-score": 0.5388692579505301,
                    "support": 587.0
                },
                "1": {
                    "precision": 0.4555984555984556,
                    "recall": 0.4957983193277311,
                    "f1-score": 0.47484909456740443,
                    "support": 476.0
                },
                "accuracy": 0.5089369708372531,
                "macro avg": {
                    "precision": 0.5076157415606957,
                    "recall": 0.5076947303623323,
                    "f1-score": 0.5068591762589673,
                    "support": 1063.0
                },
                "weighted avg": {
                    "precision": 0.5130474619198759,
                    "recall": 0.5089369708372531,
                    "f1-score": 0.5102017153631663,
                    "support": 1063.0
                }
            }
        },
        {
            "fold": 5,
            "accuracy": 0.5508474576271186,
            "auroc": 0.5754535002310951,
            "n_train_samples": 4252,
            "n_test_samples": 1062,
            "classification_report": {
                "0": {
                    "precision": 0.7016460905349794,
                    "recall": 0.5066864784546805,
                    "f1-score": 0.5884383088869716,
                    "support": 673.0
                },
                "1": {
                    "precision": 0.4236111111111111,
                    "recall": 0.6272493573264781,
                    "f1-score": 0.505699481865285,
                    "support": 389.0
                },
                "accuracy": 0.5508474576271186,
                "macro avg": {
                    "precision": 0.5626286008230452,
                    "recall": 0.5669679178905793,
                    "f1-score": 0.5470688953761282,
                    "support": 1062.0
                },
                "weighted avg": {
                    "precision": 0.599804652685747,
                    "recall": 0.5508474576271186,
                    "f1-score": 0.558131902379028,
                    "support": 1062.0
                }
            }
        }
    ],
    "n_classes": 2
}