{
    "subject_id": 3,
    "trial_id": 1,
    "eval_name": "word_head_pos",
    "k_folds": 5,
    "mean_accuracy": 0.5855170116130436,
    "std_accuracy": 0.01003530128951765,
    "fold_results": [
        {
            "fold": 1,
            "accuracy": 0.5936794582392777,
            "auroc": 0.6234215751759611,
            "n_train_samples": 5313,
            "n_test_samples": 1329,
            "classification_report": {
                "0": {
                    "precision": 0.5666156202143952,
                    "recall": 0.5901116427432217,
                    "f1-score": 0.578125,
                    "support": 627.0
                },
                "1": {
                    "precision": 0.6198224852071006,
                    "recall": 0.5968660968660968,
                    "f1-score": 0.6081277213352685,
                    "support": 702.0
                },
                "accuracy": 0.5936794582392777,
                "macro avg": {
                    "precision": 0.5932190527107479,
                    "recall": 0.5934888698046592,
                    "f1-score": 0.5931263606676342,
                    "support": 1329.0
                },
                "weighted avg": {
                    "precision": 0.5947203750863885,
                    "recall": 0.5936794582392777,
                    "f1-score": 0.5939729385834149,
                    "support": 1329.0
                }
            }
        },
        {
            "fold": 2,
            "accuracy": 0.5733634311512416,
            "auroc": 0.5993736833759938,
            "n_train_samples": 5313,
            "n_test_samples": 1329,
            "classification_report": {
                "0": {
                    "precision": 0.5799701046337817,
                    "recall": 0.5756676557863502,
                    "f1-score": 0.5778108711839166,
                    "support": 674.0
                },
                "1": {
                    "precision": 0.5666666666666667,
                    "recall": 0.5709923664122137,
                    "f1-score": 0.5688212927756654,
                    "support": 655.0
                },
                "accuracy": 0.5733634311512416,
                "macro avg": {
                    "precision": 0.5733183856502242,
                    "recall": 0.5733300110992819,
                    "f1-score": 0.573316081979791,
                    "support": 1329.0
                },
                "weighted avg": {
                    "precision": 0.5734134817079274,
                    "recall": 0.5733634311512416,
                    "f1-score": 0.5733803415696168,
                    "support": 1329.0
                }
            }
        },
        {
            "fold": 3,
            "accuracy": 0.5896084337349398,
            "auroc": 0.6344381668083705,
            "n_train_samples": 5314,
            "n_test_samples": 1328,
            "classification_report": {
                "0": {
                    "precision": 0.634703196347032,
                    "recall": 0.5775623268698061,
                    "f1-score": 0.6047860768672951,
                    "support": 722.0
                },
                "1": {
                    "precision": 0.5454545454545454,
                    "recall": 0.6039603960396039,
                    "f1-score": 0.5732184808144087,
                    "support": 606.0
                },
                "accuracy": 0.5896084337349398,
                "macro avg": {
                    "precision": 0.5900788709007887,
                    "recall": 0.590761361454705,
                    "f1-score": 0.589002278840852,
                    "support": 1328.0
                },
                "weighted avg": {
                    "precision": 0.5939767788463943,
                    "recall": 0.5896084337349398,
                    "f1-score": 0.5903809840901497,
                    "support": 1328.0
                }
            }
        },
        {
            "fold": 4,
            "accuracy": 0.5971385542168675,
            "auroc": 0.6415856887949356,
            "n_train_samples": 5314,
            "n_test_samples": 1328,
            "classification_report": {
                "0": {
                    "precision": 0.5735735735735735,
                    "recall": 0.6034755134281201,
                    "f1-score": 0.588144726712856,
                    "support": 633.0
                },
                "1": {
                    "precision": 0.620845921450151,
                    "recall": 0.5913669064748202,
                    "f1-score": 0.6057479734708917,
                    "support": 695.0
                },
                "accuracy": 0.5971385542168675,
                "macro avg": {
                    "precision": 0.5972097475118623,
                    "recall": 0.5974212099514702,
                    "f1-score": 0.5969463500918739,
                    "support": 1328.0
                },
                "weighted avg": {
                    "precision": 0.5983132435842824,
                    "recall": 0.5971385542168675,
                    "f1-score": 0.5973572692556534,
                    "support": 1328.0
                }
            }
        },
        {
            "fold": 5,
            "accuracy": 0.5737951807228916,
            "auroc": 0.5992503884144751,
            "n_train_samples": 5314,
            "n_test_samples": 1328,
            "classification_report": {
                "0": {
                    "precision": 0.5753424657534246,
                    "recall": 0.5684210526315789,
                    "f1-score": 0.5718608169440242,
                    "support": 665.0
                },
                "1": {
                    "precision": 0.5722801788375559,
                    "recall": 0.579185520361991,
                    "f1-score": 0.5757121439280359,
                    "support": 663.0
                },
                "accuracy": 0.5737951807228916,
                "macro avg": {
                    "precision": 0.5738113222954903,
                    "recall": 0.573803286496785,
                    "f1-score": 0.5737864804360301,
                    "support": 1328.0
                },
                "weighted avg": {
                    "precision": 0.5738136282344329,
                    "recall": 0.5737951807228916,
                    "f1-score": 0.5737835803404095,
                    "support": 1328.0
                }
            }
        }
    ],
    "n_classes": 2
}