{
    "subject_id": 2,
    "trial_id": 6,
    "eval_name": "gpt2_surprisal",
    "k_folds": 5,
    "mean_accuracy": 0.5093333333333334,
    "std_accuracy": 0.014677885720297294,
    "fold_results": [
        {
            "fold": 1,
            "accuracy": 0.52,
            "auroc": 0.5445828111485711,
            "n_train_samples": 2700,
            "n_test_samples": 675,
            "classification_report": {
                "0": {
                    "precision": 0.4835820895522388,
                    "recall": 0.5175718849840255,
                    "f1-score": 0.5,
                    "support": 313.0
                },
                "1": {
                    "precision": 0.5558823529411765,
                    "recall": 0.5220994475138122,
                    "f1-score": 0.5384615384615384,
                    "support": 362.0
                },
                "accuracy": 0.52,
                "macro avg": {
                    "precision": 0.5197322212467077,
                    "recall": 0.5198356662489189,
                    "f1-score": 0.5192307692307692,
                    "support": 675.0
                },
                "weighted avg": {
                    "precision": 0.5223564530289727,
                    "recall": 0.52,
                    "f1-score": 0.5206267806267806,
                    "support": 675.0
                }
            }
        },
        {
            "fold": 2,
            "accuracy": 0.4888888888888889,
            "auroc": 0.4948853615520283,
            "n_train_samples": 2700,
            "n_test_samples": 675,
            "classification_report": {
                "0": {
                    "precision": 0.5239616613418531,
                    "recall": 0.45555555555555555,
                    "f1-score": 0.487369985141159,
                    "support": 360.0
                },
                "1": {
                    "precision": 0.4585635359116022,
                    "recall": 0.526984126984127,
                    "f1-score": 0.49039881831610044,
                    "support": 315.0
                },
                "accuracy": 0.4888888888888889,
                "macro avg": {
                    "precision": 0.4912625986267276,
                    "recall": 0.4912698412698413,
                    "f1-score": 0.4888844017286297,
                    "support": 675.0
                },
                "weighted avg": {
                    "precision": 0.4934425361410693,
                    "recall": 0.4888888888888889,
                    "f1-score": 0.4887834406227983,
                    "support": 675.0
                }
            }
        },
        {
            "fold": 3,
            "accuracy": 0.5259259259259259,
            "auroc": 0.50956240728968,
            "n_train_samples": 2700,
            "n_test_samples": 675,
            "classification_report": {
                "0": {
                    "precision": 0.5626822157434402,
                    "recall": 0.5316804407713499,
                    "f1-score": 0.546742209631728,
                    "support": 363.0
                },
                "1": {
                    "precision": 0.4879518072289157,
                    "recall": 0.5192307692307693,
                    "f1-score": 0.5031055900621118,
                    "support": 312.0
                },
                "accuracy": 0.5259259259259259,
                "macro avg": {
                    "precision": 0.5253170114861779,
                    "recall": 0.5254556050010596,
                    "f1-score": 0.5249238998469199,
                    "support": 675.0
                },
                "weighted avg": {
                    "precision": 0.5281401602522822,
                    "recall": 0.5259259259259259,
                    "f1-score": 0.5265723943639943,
                    "support": 675.0
                }
            }
        },
        {
            "fold": 4,
            "accuracy": 0.5170370370370371,
            "auroc": 0.5360996326905417,
            "n_train_samples": 2700,
            "n_test_samples": 675,
            "classification_report": {
                "0": {
                    "precision": 0.480225988700565,
                    "recall": 0.5448717948717948,
                    "f1-score": 0.5105105105105106,
                    "support": 312.0
                },
                "1": {
                    "precision": 0.557632398753894,
                    "recall": 0.4931129476584022,
                    "f1-score": 0.5233918128654971,
                    "support": 363.0
                },
                "accuracy": 0.5170370370370371,
                "macro avg": {
                    "precision": 0.5189291937272296,
                    "recall": 0.5189923712650986,
                    "f1-score": 0.5169511616880038,
                    "support": 675.0
                },
                "weighted avg": {
                    "precision": 0.5218534358847997,
                    "recall": 0.5170370370370371,
                    "f1-score": 0.5174377886658588,
                    "support": 675.0
                }
            }
        },
        {
            "fold": 5,
            "accuracy": 0.4948148148148148,
            "auroc": 0.5034328358208955,
            "n_train_samples": 2700,
            "n_test_samples": 675,
            "classification_report": {
                "0": {
                    "precision": 0.49859154929577465,
                    "recall": 0.5205882352941177,
                    "f1-score": 0.5093525179856115,
                    "support": 340.0
                },
                "1": {
                    "precision": 0.490625,
                    "recall": 0.46865671641791046,
                    "f1-score": 0.47938931297709925,
                    "support": 335.0
                },
                "accuracy": 0.4948148148148148,
                "macro avg": {
                    "precision": 0.4946082746478873,
                    "recall": 0.49462247585601404,
                    "f1-score": 0.49437091548135537,
                    "support": 675.0
                },
                "weighted avg": {
                    "precision": 0.49463778038601985,
                    "recall": 0.4948148148148148,
                    "f1-score": 0.4944818903147203,
                    "support": 675.0
                }
            }
        }
    ],
    "n_classes": 2
}