{
    "subject_id": 2,
    "trial_id": 0,
    "eval_name": "word_gap",
    "k_folds": 5,
    "mean_accuracy": 0.5118643241134138,
    "std_accuracy": 0.022116964794630514,
    "fold_results": [
        {
            "fold": 1,
            "accuracy": 0.48026315789473684,
            "auroc": 0.46500346500346496,
            "n_train_samples": 2430,
            "n_test_samples": 608,
            "classification_report": {
                "0": {
                    "precision": 0.46062992125984253,
                    "recall": 0.3952702702702703,
                    "f1-score": 0.4254545454545455,
                    "support": 296.0
                },
                "1": {
                    "precision": 0.4943502824858757,
                    "recall": 0.5608974358974359,
                    "f1-score": 0.5255255255255256,
                    "support": 312.0
                },
                "accuracy": 0.48026315789473684,
                "macro avg": {
                    "precision": 0.4774901018728591,
                    "recall": 0.4780838530838531,
                    "f1-score": 0.47549003549003555,
                    "support": 608.0
                },
                "weighted avg": {
                    "precision": 0.47793379083635956,
                    "recall": 0.48026315789473684,
                    "f1-score": 0.4768067589120221,
                    "support": 608.0
                }
            }
        },
        {
            "fold": 2,
            "accuracy": 0.5197368421052632,
            "auroc": 0.5244544322304652,
            "n_train_samples": 2430,
            "n_test_samples": 608,
            "classification_report": {
                "0": {
                    "precision": 0.5317220543806647,
                    "recall": 0.5623003194888179,
                    "f1-score": 0.546583850931677,
                    "support": 313.0
                },
                "1": {
                    "precision": 0.5054151624548736,
                    "recall": 0.4745762711864407,
                    "f1-score": 0.48951048951048953,
                    "support": 295.0
                },
                "accuracy": 0.5197368421052632,
                "macro avg": {
                    "precision": 0.5185686084177692,
                    "recall": 0.5184382953376293,
                    "f1-score": 0.5180471702210833,
                    "support": 608.0
                },
                "weighted avg": {
                    "precision": 0.5189580196469338,
                    "recall": 0.5197368421052632,
                    "f1-score": 0.5188920061631732,
                    "support": 608.0
                }
            }
        },
        {
            "fold": 3,
            "accuracy": 0.4917763157894737,
            "auroc": 0.49115556009116573,
            "n_train_samples": 2430,
            "n_test_samples": 608,
            "classification_report": {
                "0": {
                    "precision": 0.5862068965517241,
                    "recall": 0.5528455284552846,
                    "f1-score": 0.5690376569037657,
                    "support": 369.0
                },
                "1": {
                    "precision": 0.36538461538461536,
                    "recall": 0.39748953974895396,
                    "f1-score": 0.3807615230460922,
                    "support": 239.0
                },
                "accuracy": 0.4917763157894737,
                "macro avg": {
                    "precision": 0.4757957559681697,
                    "recall": 0.47516753410211926,
                    "f1-score": 0.474899589974929,
                    "support": 608.0
                },
                "weighted avg": {
                    "precision": 0.49940340115873233,
                    "recall": 0.4917763157894737,
                    "f1-score": 0.49502779507484473,
                    "support": 608.0
                }
            }
        },
        {
            "fold": 4,
            "accuracy": 0.5304777594728172,
            "auroc": 0.5303571428571429,
            "n_train_samples": 2431,
            "n_test_samples": 607,
            "classification_report": {
                "0": {
                    "precision": 0.5538461538461539,
                    "recall": 0.5625,
                    "f1-score": 0.5581395348837209,
                    "support": 320.0
                },
                "1": {
                    "precision": 0.5035460992907801,
                    "recall": 0.49477351916376305,
                    "f1-score": 0.4991212653778559,
                    "support": 287.0
                },
                "accuracy": 0.5304777594728172,
                "macro avg": {
                    "precision": 0.528696126568467,
                    "recall": 0.5286367595818815,
                    "f1-score": 0.5286304001307884,
                    "support": 607.0
                },
                "weighted avg": {
                    "precision": 0.5300634262392473,
                    "recall": 0.5304777594728172,
                    "f1-score": 0.5302346858751819,
                    "support": 607.0
                }
            }
        },
        {
            "fold": 5,
            "accuracy": 0.5370675453047776,
            "auroc": 0.5445842868039665,
            "n_train_samples": 2431,
            "n_test_samples": 607,
            "classification_report": {
                "0": {
                    "precision": 0.5064516129032258,
                    "recall": 0.5508771929824562,
                    "f1-score": 0.5277310924369748,
                    "support": 285.0
                },
                "1": {
                    "precision": 0.569023569023569,
                    "recall": 0.5248447204968945,
                    "f1-score": 0.5460420032310178,
                    "support": 322.0
                },
                "accuracy": 0.5370675453047776,
                "macro avg": {
                    "precision": 0.5377375909633975,
                    "recall": 0.5378609567396753,
                    "f1-score": 0.5368865478339964,
                    "support": 607.0
                },
                "weighted avg": {
                    "precision": 0.5396446439917768,
                    "recall": 0.5370675453047776,
                    "f1-score": 0.5374446233689053,
                    "support": 607.0
                }
            }
        }
    ],
    "n_classes": 2
}