{
    "subject_id": 4,
    "trial_id": 0,
    "eval_name": "gpt2_surprisal",
    "k_folds": 5,
    "mean_accuracy": 0.48155013224228005,
    "std_accuracy": 0.026857666784309373,
    "fold_results": [
        {
            "fold": 1,
            "accuracy": 0.44837758112094395,
            "auroc": 0.44064226970105747,
            "n_train_samples": 2709,
            "n_test_samples": 678,
            "classification_report": {
                "0": {
                    "precision": 0.45481049562682213,
                    "recall": 0.45481049562682213,
                    "f1-score": 0.45481049562682213,
                    "support": 343.0
                },
                "1": {
                    "precision": 0.4417910447761194,
                    "recall": 0.4417910447761194,
                    "f1-score": 0.4417910447761194,
                    "support": 335.0
                },
                "accuracy": 0.44837758112094395,
                "macro avg": {
                    "precision": 0.44830077020147074,
                    "recall": 0.44830077020147074,
                    "f1-score": 0.44830077020147074,
                    "support": 678.0
                },
                "weighted avg": {
                    "precision": 0.44837758112094395,
                    "recall": 0.44837758112094395,
                    "f1-score": 0.44837758112094395,
                    "support": 678.0
                }
            }
        },
        {
            "fold": 2,
            "accuracy": 0.504424778761062,
            "auroc": 0.48745616401402747,
            "n_train_samples": 2709,
            "n_test_samples": 678,
            "classification_report": {
                "0": {
                    "precision": 0.501432664756447,
                    "recall": 0.5192878338278932,
                    "f1-score": 0.5102040816326531,
                    "support": 337.0
                },
                "1": {
                    "precision": 0.5075987841945289,
                    "recall": 0.4897360703812317,
                    "f1-score": 0.49850746268656715,
                    "support": 341.0
                },
                "accuracy": 0.504424778761062,
                "macro avg": {
                    "precision": 0.5045157244754879,
                    "recall": 0.5045119521045625,
                    "f1-score": 0.5043557721596101,
                    "support": 678.0
                },
                "weighted avg": {
                    "precision": 0.5045339136183732,
                    "recall": 0.504424778761062,
                    "f1-score": 0.5043212688588842,
                    "support": 678.0
                }
            }
        },
        {
            "fold": 3,
            "accuracy": 0.5051698670605613,
            "auroc": 0.5130941727641206,
            "n_train_samples": 2710,
            "n_test_samples": 677,
            "classification_report": {
                "0": {
                    "precision": 0.4690265486725664,
                    "recall": 0.5063694267515924,
                    "f1-score": 0.4869831546707504,
                    "support": 314.0
                },
                "1": {
                    "precision": 0.5414201183431953,
                    "recall": 0.5041322314049587,
                    "f1-score": 0.5221112696148359,
                    "support": 363.0
                },
                "accuracy": 0.5051698670605613,
                "macro avg": {
                    "precision": 0.5052233335078808,
                    "recall": 0.5052508290782756,
                    "f1-score": 0.5045472121427932,
                    "support": 677.0
                },
                "weighted avg": {
                    "precision": 0.5078431894265373,
                    "recall": 0.5051698670605613,
                    "f1-score": 0.5058184659332364,
                    "support": 677.0
                }
            }
        },
        {
            "fold": 4,
            "accuracy": 0.44903988183161003,
            "auroc": 0.44194782852929815,
            "n_train_samples": 2710,
            "n_test_samples": 677,
            "classification_report": {
                "0": {
                    "precision": 0.4868804664723032,
                    "recall": 0.45879120879120877,
                    "f1-score": 0.4724186704384724,
                    "support": 364.0
                },
                "1": {
                    "precision": 0.4101796407185629,
                    "recall": 0.43769968051118213,
                    "f1-score": 0.4234930448222566,
                    "support": 313.0
                },
                "accuracy": 0.44903988183161003,
                "macro avg": {
                    "precision": 0.4485300535954331,
                    "recall": 0.4482454446511954,
                    "f1-score": 0.4479558576303645,
                    "support": 677.0
                },
                "weighted avg": {
                    "precision": 0.45141908026710276,
                    "recall": 0.44903988183161003,
                    "f1-score": 0.4497986987724819,
                    "support": 677.0
                }
            }
        },
        {
            "fold": 5,
            "accuracy": 0.5007385524372231,
            "auroc": 0.5111410766652702,
            "n_train_samples": 2710,
            "n_test_samples": 677,
            "classification_report": {
                "0": {
                    "precision": 0.4970588235294118,
                    "recall": 0.5029761904761905,
                    "f1-score": 0.5,
                    "support": 336.0
                },
                "1": {
                    "precision": 0.5044510385756676,
                    "recall": 0.49853372434017595,
                    "f1-score": 0.5014749262536873,
                    "support": 341.0
                },
                "accuracy": 0.5007385524372231,
                "macro avg": {
                    "precision": 0.5007549310525397,
                    "recall": 0.5007549574081832,
                    "f1-score": 0.5007374631268436,
                    "support": 677.0
                },
                "weighted avg": {
                    "precision": 0.5007822287447341,
                    "recall": 0.5007385524372231,
                    "f1-score": 0.5007429096787406,
                    "support": 677.0
                }
            }
        }
    ],
    "n_classes": 2
}