{
    "subject_id": 4,
    "trial_id": 2,
    "eval_name": "global_flow",
    "k_folds": 5,
    "mean_accuracy": 0.5370967741935484,
    "std_accuracy": 0.025932153533570198,
    "fold_results": [
        {
            "fold": 1,
            "accuracy": 0.5443548387096774,
            "auroc": 0.5761637739207833,
            "n_train_samples": 1984,
            "n_test_samples": 496,
            "classification_report": {
                "0": {
                    "precision": 0.39591836734693875,
                    "recall": 0.5542857142857143,
                    "f1-score": 0.46190476190476193,
                    "support": 175.0
                },
                "1": {
                    "precision": 0.6892430278884463,
                    "recall": 0.5389408099688473,
                    "f1-score": 0.6048951048951049,
                    "support": 321.0
                },
                "accuracy": 0.5443548387096774,
                "macro avg": {
                    "precision": 0.5425806976176926,
                    "recall": 0.5466132621272808,
                    "f1-score": 0.5333999333999334,
                    "support": 496.0
                },
                "weighted avg": {
                    "precision": 0.5857514641893257,
                    "recall": 0.5443548387096774,
                    "f1-score": 0.5544448830739154,
                    "support": 496.0
                }
            }
        },
        {
            "fold": 2,
            "accuracy": 0.5181451612903226,
            "auroc": 0.5317451071761417,
            "n_train_samples": 1984,
            "n_test_samples": 496,
            "classification_report": {
                "0": {
                    "precision": 0.3112033195020747,
                    "recall": 0.5067567567567568,
                    "f1-score": 0.3856041131105398,
                    "support": 148.0
                },
                "1": {
                    "precision": 0.7137254901960784,
                    "recall": 0.5229885057471264,
                    "f1-score": 0.603648424543947,
                    "support": 348.0
                },
                "accuracy": 0.5181451612903226,
                "macro avg": {
                    "precision": 0.5124644048490765,
                    "recall": 0.5148726312519416,
                    "f1-score": 0.49462626882724336,
                    "support": 496.0
                },
                "weighted avg": {
                    "precision": 0.5936180682954483,
                    "recall": 0.5181451612903226,
                    "f1-score": 0.5385868154872044,
                    "support": 496.0
                }
            }
        },
        {
            "fold": 3,
            "accuracy": 0.5705645161290323,
            "auroc": 0.5936539905782754,
            "n_train_samples": 1984,
            "n_test_samples": 496,
            "classification_report": {
                "0": {
                    "precision": 0.6772908366533864,
                    "recall": 0.5629139072847682,
                    "f1-score": 0.6148282097649186,
                    "support": 302.0
                },
                "1": {
                    "precision": 0.46122448979591835,
                    "recall": 0.5824742268041238,
                    "f1-score": 0.5148063781321185,
                    "support": 194.0
                },
                "accuracy": 0.5705645161290323,
                "macro avg": {
                    "precision": 0.5692576632246524,
                    "recall": 0.572694067044446,
                    "f1-score": 0.5648172939485185,
                    "support": 496.0
                },
                "weighted avg": {
                    "precision": 0.5927810155034896,
                    "recall": 0.5705645161290323,
                    "f1-score": 0.5757067675537023,
                    "support": 496.0
                }
            }
        },
        {
            "fold": 4,
            "accuracy": 0.49798387096774194,
            "auroc": 0.5246934916536201,
            "n_train_samples": 1984,
            "n_test_samples": 496,
            "classification_report": {
                "0": {
                    "precision": 0.7412280701754386,
                    "recall": 0.47075208913649025,
                    "f1-score": 0.575809199318569,
                    "support": 359.0
                },
                "1": {
                    "precision": 0.291044776119403,
                    "recall": 0.5693430656934306,
                    "f1-score": 0.3851851851851852,
                    "support": 137.0
                },
                "accuracy": 0.49798387096774194,
                "macro avg": {
                    "precision": 0.5161364231474208,
                    "recall": 0.5200475774149604,
                    "f1-score": 0.4804971922518771,
                    "support": 496.0
                },
                "weighted avg": {
                    "precision": 0.6168830877446385,
                    "recall": 0.49798387096774194,
                    "f1-score": 0.5231570018664046,
                    "support": 496.0
                }
            }
        },
        {
            "fold": 5,
            "accuracy": 0.5544354838709677,
            "auroc": 0.573219985668686,
            "n_train_samples": 1984,
            "n_test_samples": 496,
            "classification_report": {
                "0": {
                    "precision": 0.5767634854771784,
                    "recall": 0.5387596899224806,
                    "f1-score": 0.5571142284569138,
                    "support": 258.0
                },
                "1": {
                    "precision": 0.5333333333333333,
                    "recall": 0.5714285714285714,
                    "f1-score": 0.5517241379310345,
                    "support": 238.0
                },
                "accuracy": 0.5544354838709677,
                "macro avg": {
                    "precision": 0.5550484094052559,
                    "recall": 0.5550941306755259,
                    "f1-score": 0.5544191831939742,
                    "support": 496.0
                },
                "weighted avg": {
                    "precision": 0.5559240173113816,
                    "recall": 0.5544354838709677,
                    "f1-score": 0.5545278543739314,
                    "support": 496.0
                }
            }
        }
    ],
    "n_classes": 2
}