{
    "subject_id": 4,
    "trial_id": 2,
    "eval_name": "onset",
    "k_folds": 5,
    "mean_accuracy": 0.5633741448315293,
    "std_accuracy": 0.06337801032542728,
    "fold_results": [
        {
            "fold": 1,
            "accuracy": 0.5987460815047022,
            "auroc": 0.6428066037735849,
            "n_train_samples": 1275,
            "n_test_samples": 319,
            "classification_report": {
                "0": {
                    "precision": 0.6131386861313869,
                    "recall": 0.5283018867924528,
                    "f1-score": 0.5675675675675675,
                    "support": 159.0
                },
                "1": {
                    "precision": 0.5879120879120879,
                    "recall": 0.66875,
                    "f1-score": 0.6257309941520468,
                    "support": 160.0
                },
                "accuracy": 0.5987460815047022,
                "macro avg": {
                    "precision": 0.6005253870217374,
                    "recall": 0.5985259433962264,
                    "f1-score": 0.5966492808598072,
                    "support": 319.0
                },
                "weighted avg": {
                    "precision": 0.6004858468991366,
                    "recall": 0.5987460815047022,
                    "f1-score": 0.5967404461052374,
                    "support": 319.0
                }
            }
        },
        {
            "fold": 2,
            "accuracy": 0.6144200626959248,
            "auroc": 0.6705581761006291,
            "n_train_samples": 1275,
            "n_test_samples": 319,
            "classification_report": {
                "0": {
                    "precision": 0.6293706293706294,
                    "recall": 0.5625,
                    "f1-score": 0.594059405940594,
                    "support": 160.0
                },
                "1": {
                    "precision": 0.6022727272727273,
                    "recall": 0.6666666666666666,
                    "f1-score": 0.6328358208955224,
                    "support": 159.0
                },
                "accuracy": 0.6144200626959248,
                "macro avg": {
                    "precision": 0.6158216783216783,
                    "recall": 0.6145833333333333,
                    "f1-score": 0.6134476134180582,
                    "support": 319.0
                },
                "weighted avg": {
                    "precision": 0.6158641515224587,
                    "recall": 0.6144200626959248,
                    "f1-score": 0.6133868353381915,
                    "support": 319.0
                }
            }
        },
        {
            "fold": 3,
            "accuracy": 0.5830721003134797,
            "auroc": 0.6086084905660377,
            "n_train_samples": 1275,
            "n_test_samples": 319,
            "classification_report": {
                "0": {
                    "precision": 0.6101694915254238,
                    "recall": 0.4528301886792453,
                    "f1-score": 0.51985559566787,
                    "support": 159.0
                },
                "1": {
                    "precision": 0.5671641791044776,
                    "recall": 0.7125,
                    "f1-score": 0.631578947368421,
                    "support": 160.0
                },
                "accuracy": 0.5830721003134797,
                "macro avg": {
                    "precision": 0.5886668353149507,
                    "recall": 0.5826650943396227,
                    "f1-score": 0.5757172715181456,
                    "support": 319.0
                },
                "weighted avg": {
                    "precision": 0.5885994288691497,
                    "recall": 0.5830721003134797,
                    "f1-score": 0.5758923864894631,
                    "support": 319.0
                }
            }
        },
        {
            "fold": 4,
            "accuracy": 0.438871473354232,
            "auroc": 0.4154088050314465,
            "n_train_samples": 1275,
            "n_test_samples": 319,
            "classification_report": {
                "0": {
                    "precision": 0.44808743169398907,
                    "recall": 0.5125,
                    "f1-score": 0.478134110787172,
                    "support": 160.0
                },
                "1": {
                    "precision": 0.4264705882352941,
                    "recall": 0.36477987421383645,
                    "f1-score": 0.39322033898305087,
                    "support": 159.0
                },
                "accuracy": 0.438871473354232,
                "macro avg": {
                    "precision": 0.4372790099646416,
                    "recall": 0.4386399371069182,
                    "f1-score": 0.4356772248851114,
                    "support": 319.0
                },
                "weighted avg": {
                    "precision": 0.43731289216442004,
                    "recall": 0.438871473354232,
                    "f1-score": 0.4358103185713248,
                    "support": 319.0
                }
            }
        },
        {
            "fold": 5,
            "accuracy": 0.5817610062893082,
            "auroc": 0.6335983544954709,
            "n_train_samples": 1276,
            "n_test_samples": 318,
            "classification_report": {
                "0": {
                    "precision": 0.5656565656565656,
                    "recall": 0.7044025157232704,
                    "f1-score": 0.6274509803921569,
                    "support": 159.0
                },
                "1": {
                    "precision": 0.6083333333333333,
                    "recall": 0.4591194968553459,
                    "f1-score": 0.5232974910394266,
                    "support": 159.0
                },
                "accuracy": 0.5817610062893082,
                "macro avg": {
                    "precision": 0.5869949494949495,
                    "recall": 0.5817610062893082,
                    "f1-score": 0.5753742357157917,
                    "support": 318.0
                },
                "weighted avg": {
                    "precision": 0.5869949494949495,
                    "recall": 0.5817610062893082,
                    "f1-score": 0.5753742357157918,
                    "support": 318.0
                }
            }
        }
    ],
    "n_classes": 2
}