{
    "subject_id": 2,
    "trial_id": 5,
    "eval_name": "word_head_pos",
    "k_folds": 5,
    "mean_accuracy": 0.6062833024331463,
    "std_accuracy": 0.007041988829738154,
    "fold_results": [
        {
            "fold": 1,
            "accuracy": 0.6122661122661123,
            "auroc": 0.6507628803596127,
            "n_train_samples": 3846,
            "n_test_samples": 962,
            "classification_report": {
                "0": {
                    "precision": 0.6107660455486542,
                    "recall": 0.6145833333333334,
                    "f1-score": 0.612668743509865,
                    "support": 480.0
                },
                "1": {
                    "precision": 0.6137787056367432,
                    "recall": 0.6099585062240664,
                    "f1-score": 0.6118626430801248,
                    "support": 482.0
                },
                "accuracy": 0.6122661122661123,
                "macro avg": {
                    "precision": 0.6122723755926986,
                    "recall": 0.6122709197787,
                    "f1-score": 0.6122656932949949,
                    "support": 962.0
                },
                "weighted avg": {
                    "precision": 0.6122755072559919,
                    "recall": 0.6122661122661123,
                    "f1-score": 0.6122648553527603,
                    "support": 962.0
                }
            }
        },
        {
            "fold": 2,
            "accuracy": 0.6018711018711018,
            "auroc": 0.6285569105691057,
            "n_train_samples": 3846,
            "n_test_samples": 962,
            "classification_report": {
                "0": {
                    "precision": 0.6197802197802198,
                    "recall": 0.573170731707317,
                    "f1-score": 0.5955649419218585,
                    "support": 492.0
                },
                "1": {
                    "precision": 0.5857988165680473,
                    "recall": 0.6319148936170212,
                    "f1-score": 0.6079836233367452,
                    "support": 470.0
                },
                "accuracy": 0.6018711018711018,
                "macro avg": {
                    "precision": 0.6027895181741336,
                    "recall": 0.6025428126621691,
                    "f1-score": 0.6017742826293018,
                    "support": 962.0
                },
                "weighted avg": {
                    "precision": 0.6031780789177239,
                    "recall": 0.6018711018711018,
                    "f1-score": 0.6016322810746618,
                    "support": 962.0
                }
            }
        },
        {
            "fold": 3,
            "accuracy": 0.5945945945945946,
            "auroc": 0.615632049279889,
            "n_train_samples": 3846,
            "n_test_samples": 962,
            "classification_report": {
                "0": {
                    "precision": 0.628755364806867,
                    "recall": 0.5745098039215686,
                    "f1-score": 0.6004098360655737,
                    "support": 510.0
                },
                "1": {
                    "precision": 0.5625,
                    "recall": 0.6172566371681416,
                    "f1-score": 0.5886075949367089,
                    "support": 452.0
                },
                "accuracy": 0.5945945945945946,
                "macro avg": {
                    "precision": 0.5956276824034334,
                    "recall": 0.5958832205448551,
                    "f1-score": 0.5945087155011413,
                    "support": 962.0
                },
                "weighted avg": {
                    "precision": 0.5976249855005221,
                    "recall": 0.5945945945945946,
                    "f1-score": 0.5948645003168762,
                    "support": 962.0
                }
            }
        },
        {
            "fold": 4,
            "accuracy": 0.6129032258064516,
            "auroc": 0.6491836823544778,
            "n_train_samples": 3847,
            "n_test_samples": 961,
            "classification_report": {
                "0": {
                    "precision": 0.5797413793103449,
                    "recall": 0.6031390134529148,
                    "f1-score": 0.5912087912087912,
                    "support": 446.0
                },
                "1": {
                    "precision": 0.6438631790744467,
                    "recall": 0.6213592233009708,
                    "f1-score": 0.6324110671936759,
                    "support": 515.0
                },
                "accuracy": 0.6129032258064516,
                "macro avg": {
                    "precision": 0.6118022791923958,
                    "recall": 0.6122491183769427,
                    "f1-score": 0.6118099292012336,
                    "support": 961.0
                },
                "weighted avg": {
                    "precision": 0.6141042584763308,
                    "recall": 0.6129032258064516,
                    "f1-score": 0.6132890951965286,
                    "support": 961.0
                }
            }
        },
        {
            "fold": 5,
            "accuracy": 0.6097814776274714,
            "auroc": 0.6429827601143551,
            "n_train_samples": 3847,
            "n_test_samples": 961,
            "classification_report": {
                "0": {
                    "precision": 0.604989604989605,
                    "recall": 0.6113445378151261,
                    "f1-score": 0.6081504702194357,
                    "support": 476.0
                },
                "1": {
                    "precision": 0.6145833333333334,
                    "recall": 0.6082474226804123,
                    "f1-score": 0.6113989637305699,
                    "support": 485.0
                },
                "accuracy": 0.6097814776274714,
                "macro avg": {
                    "precision": 0.6097864691614692,
                    "recall": 0.6097959802477693,
                    "f1-score": 0.6097747169750027,
                    "support": 961.0
                },
                "weighted avg": {
                    "precision": 0.6098313929674491,
                    "recall": 0.6097814776274714,
                    "f1-score": 0.6097899284430569,
                    "support": 961.0
                }
            }
        }
    ],
    "n_classes": 2
}