{
    "subject_id": 6,
    "trial_id": 1,
    "eval_name": "local_flow",
    "k_folds": 5,
    "mean_accuracy": 0.5135471945093044,
    "std_accuracy": 0.017849674759884592,
    "fold_results": [
        {
            "fold": 1,
            "accuracy": 0.4814264487369985,
            "auroc": 0.4723926937322972,
            "n_train_samples": 2688,
            "n_test_samples": 673,
            "classification_report": {
                "0": {
                    "precision": 0.3944099378881988,
                    "recall": 0.45195729537366547,
                    "f1-score": 0.42122719734660036,
                    "support": 281.0
                },
                "1": {
                    "precision": 0.5612535612535613,
                    "recall": 0.5025510204081632,
                    "f1-score": 0.5302826379542396,
                    "support": 392.0
                },
                "accuracy": 0.4814264487369985,
                "macro avg": {
                    "precision": 0.47783174957088004,
                    "recall": 0.47725415789091435,
                    "f1-score": 0.47575491765042,
                    "support": 673.0
                },
                "weighted avg": {
                    "precision": 0.49159077051705774,
                    "recall": 0.4814264487369985,
                    "f1-score": 0.48474834551628027,
                    "support": 673.0
                }
            }
        },
        {
            "fold": 2,
            "accuracy": 0.5238095238095238,
            "auroc": 0.5185077044795238,
            "n_train_samples": 2689,
            "n_test_samples": 672,
            "classification_report": {
                "0": {
                    "precision": 0.4,
                    "recall": 0.5196850393700787,
                    "f1-score": 0.4520547945205479,
                    "support": 254.0
                },
                "1": {
                    "precision": 0.6432748538011696,
                    "recall": 0.5263157894736842,
                    "f1-score": 0.5789473684210527,
                    "support": 418.0
                },
                "accuracy": 0.5238095238095238,
                "macro avg": {
                    "precision": 0.5216374269005848,
                    "recall": 0.5230004144218814,
                    "f1-score": 0.5155010814708003,
                    "support": 672.0
                },
                "weighted avg": {
                    "precision": 0.5513227513227513,
                    "recall": 0.5238095238095238,
                    "f1-score": 0.5309849967384214,
                    "support": 672.0
                }
            }
        },
        {
            "fold": 3,
            "accuracy": 0.5074404761904762,
            "auroc": 0.4966846624877713,
            "n_train_samples": 2689,
            "n_test_samples": 672,
            "classification_report": {
                "0": {
                    "precision": 0.5851393188854489,
                    "recall": 0.4896373056994819,
                    "f1-score": 0.5331452750352609,
                    "support": 386.0
                },
                "1": {
                    "precision": 0.4355300859598854,
                    "recall": 0.5314685314685315,
                    "f1-score": 0.47874015748031495,
                    "support": 286.0
                },
                "accuracy": 0.5074404761904762,
                "macro avg": {
                    "precision": 0.5103347024226672,
                    "recall": 0.5105529185840066,
                    "f1-score": 0.5059427162577879,
                    "support": 672.0
                },
                "weighted avg": {
                    "precision": 0.5214663417772478,
                    "recall": 0.5074404761904762,
                    "f1-score": 0.5099907160758642,
                    "support": 672.0
                }
            }
        },
        {
            "fold": 4,
            "accuracy": 0.53125,
            "auroc": 0.5324838930281107,
            "n_train_samples": 2689,
            "n_test_samples": 672,
            "classification_report": {
                "0": {
                    "precision": 0.595166163141994,
                    "recall": 0.5211640211640212,
                    "f1-score": 0.5557122708039492,
                    "support": 378.0
                },
                "1": {
                    "precision": 0.46920821114369504,
                    "recall": 0.54421768707483,
                    "f1-score": 0.5039370078740157,
                    "support": 294.0
                },
                "accuracy": 0.53125,
                "macro avg": {
                    "precision": 0.5321871871428445,
                    "recall": 0.5326908541194255,
                    "f1-score": 0.5298246393389825,
                    "support": 672.0
                },
                "weighted avg": {
                    "precision": 0.5400595591427382,
                    "recall": 0.53125,
                    "f1-score": 0.5330605932721033,
                    "support": 672.0
                }
            }
        },
        {
            "fold": 5,
            "accuracy": 0.5238095238095238,
            "auroc": 0.5420743816573388,
            "n_train_samples": 2689,
            "n_test_samples": 672,
            "classification_report": {
                "0": {
                    "precision": 0.5922619047619048,
                    "recall": 0.5209424083769634,
                    "f1-score": 0.5543175487465181,
                    "support": 382.0
                },
                "1": {
                    "precision": 0.45535714285714285,
                    "recall": 0.5275862068965518,
                    "f1-score": 0.48881789137380194,
                    "support": 290.0
                },
                "accuracy": 0.5238095238095238,
                "macro avg": {
                    "precision": 0.5238095238095238,
                    "recall": 0.5242643076367576,
                    "f1-score": 0.5215677200601601,
                    "support": 672.0
                },
                "weighted avg": {
                    "precision": 0.5331809807256236,
                    "recall": 0.5238095238095238,
                    "f1-score": 0.5260513275588876,
                    "support": 672.0
                }
            }
        }
    ],
    "n_classes": 2
}