{
    "subject_id": 4,
    "trial_id": 1,
    "eval_name": "global_flow",
    "k_folds": 5,
    "mean_accuracy": 0.5069928847397772,
    "std_accuracy": 0.026174805524581617,
    "fold_results": [
        {
            "fold": 1,
            "accuracy": 0.5150784077201448,
            "auroc": 0.533360684562185,
            "n_train_samples": 3313,
            "n_test_samples": 829,
            "classification_report": {
                "0": {
                    "precision": 0.47533632286995514,
                    "recall": 0.5578947368421052,
                    "f1-score": 0.513317191283293,
                    "support": 380.0
                },
                "1": {
                    "precision": 0.5613577023498695,
                    "recall": 0.47884187082405344,
                    "f1-score": 0.5168269230769231,
                    "support": 449.0
                },
                "accuracy": 0.5150784077201448,
                "macro avg": {
                    "precision": 0.5183470126099123,
                    "recall": 0.5183683038330793,
                    "f1-score": 0.5150720571801081,
                    "support": 829.0
                },
                "weighted avg": {
                    "precision": 0.5219269132034673,
                    "recall": 0.5150784077201448,
                    "f1-score": 0.5152181196009528,
                    "support": 829.0
                }
            }
        },
        {
            "fold": 2,
            "accuracy": 0.53437876960193,
            "auroc": 0.4859237536656892,
            "n_train_samples": 3313,
            "n_test_samples": 829,
            "classification_report": {
                "0": {
                    "precision": 0.664,
                    "recall": 0.6036363636363636,
                    "f1-score": 0.6323809523809524,
                    "support": 550.0
                },
                "1": {
                    "precision": 0.3373860182370821,
                    "recall": 0.3978494623655914,
                    "f1-score": 0.3651315789473684,
                    "support": 279.0
                },
                "accuracy": 0.53437876960193,
                "macro avg": {
                    "precision": 0.5006930091185411,
                    "recall": 0.5007429130009775,
                    "f1-score": 0.4987562656641604,
                    "support": 829.0
                },
                "weighted avg": {
                    "precision": 0.5540780447384149,
                    "recall": 0.53437876960193,
                    "f1-score": 0.5424381596330996,
                    "support": 829.0
                }
            }
        },
        {
            "fold": 3,
            "accuracy": 0.5205314009661836,
            "auroc": 0.5129468457943925,
            "n_train_samples": 3314,
            "n_test_samples": 828,
            "classification_report": {
                "0": {
                    "precision": 0.5037974683544304,
                    "recall": 0.4975,
                    "f1-score": 0.5006289308176101,
                    "support": 400.0
                },
                "1": {
                    "precision": 0.535796766743649,
                    "recall": 0.5420560747663551,
                    "f1-score": 0.5389082462253194,
                    "support": 428.0
                },
                "accuracy": 0.5205314009661836,
                "macro avg": {
                    "precision": 0.5197971175490397,
                    "recall": 0.5197780373831775,
                    "f1-score": 0.5197685885214647,
                    "support": 828.0
                },
                "weighted avg": {
                    "precision": 0.5203381684879879,
                    "recall": 0.5205314009661836,
                    "f1-score": 0.5204158233230443,
                    "support": 828.0
                }
            }
        },
        {
            "fold": 4,
            "accuracy": 0.5072463768115942,
            "auroc": 0.51074072063268,
            "n_train_samples": 3314,
            "n_test_samples": 828,
            "classification_report": {
                "0": {
                    "precision": 0.41605839416058393,
                    "recall": 0.504424778761062,
                    "f1-score": 0.456,
                    "support": 339.0
                },
                "1": {
                    "precision": 0.5971223021582733,
                    "recall": 0.50920245398773,
                    "f1-score": 0.5496688741721855,
                    "support": 489.0
                },
                "accuracy": 0.5072463768115942,
                "macro avg": {
                    "precision": 0.5065903481594286,
                    "recall": 0.5068136163743959,
                    "f1-score": 0.5028344370860928,
                    "support": 828.0
                },
                "weighted avg": {
                    "precision": 0.5229910644635671,
                    "recall": 0.5072463768115942,
                    "f1-score": 0.5113189365582109,
                    "support": 828.0
                }
            }
        },
        {
            "fold": 5,
            "accuracy": 0.4577294685990338,
            "auroc": 0.4448051379360677,
            "n_train_samples": 3314,
            "n_test_samples": 828,
            "classification_report": {
                "0": {
                    "precision": 0.44362745098039214,
                    "recall": 0.4491315136476427,
                    "f1-score": 0.44636251541307026,
                    "support": 403.0
                },
                "1": {
                    "precision": 0.4714285714285714,
                    "recall": 0.46588235294117647,
                    "f1-score": 0.4686390532544379,
                    "support": 425.0
                },
                "accuracy": 0.4577294685990338,
                "macro avg": {
                    "precision": 0.4575280112044818,
                    "recall": 0.4575069332944096,
                    "f1-score": 0.4575007843337541,
                    "support": 828.0
                },
                "weighted avg": {
                    "precision": 0.45789734976116053,
                    "recall": 0.4577294685990338,
                    "f1-score": 0.4577967286770573,
                    "support": 828.0
                }
            }
        }
    ],
    "n_classes": 2
}