{
    "subject_id": 8,
    "trial_id": 0,
    "eval_name": "delta_pitch",
    "k_folds": 5,
    "mean_accuracy": 0.47644486215538845,
    "std_accuracy": 0.02091781769247744,
    "fold_results": [
        {
            "fold": 1,
            "accuracy": 0.4925,
            "auroc": 0.48717948717948717,
            "n_train_samples": 1596,
            "n_test_samples": 400,
            "classification_report": {
                "0": {
                    "precision": 0.47393364928909953,
                    "recall": 0.5208333333333334,
                    "f1-score": 0.49627791563275436,
                    "support": 192.0
                },
                "1": {
                    "precision": 0.5132275132275133,
                    "recall": 0.46634615384615385,
                    "f1-score": 0.48866498740554154,
                    "support": 208.0
                },
                "accuracy": 0.4925,
                "macro avg": {
                    "precision": 0.4935805812583064,
                    "recall": 0.4935897435897436,
                    "f1-score": 0.49247145151914795,
                    "support": 400.0
                },
                "weighted avg": {
                    "precision": 0.49436645853707467,
                    "recall": 0.4925,
                    "f1-score": 0.49231919295460375,
                    "support": 400.0
                }
            }
        },
        {
            "fold": 2,
            "accuracy": 0.44110275689223055,
            "auroc": 0.45666427620120886,
            "n_train_samples": 1597,
            "n_test_samples": 399,
            "classification_report": {
                "0": {
                    "precision": 0.510989010989011,
                    "recall": 0.40969162995594716,
                    "f1-score": 0.4547677261613692,
                    "support": 227.0
                },
                "1": {
                    "precision": 0.3824884792626728,
                    "recall": 0.48255813953488375,
                    "f1-score": 0.4267352185089974,
                    "support": 172.0
                },
                "accuracy": 0.44110275689223055,
                "macro avg": {
                    "precision": 0.4467387451258419,
                    "recall": 0.44612488474541545,
                    "f1-score": 0.4407514723351833,
                    "support": 399.0
                },
                "weighted avg": {
                    "precision": 0.455595298064374,
                    "recall": 0.44110275689223055,
                    "f1-score": 0.4426835373989433,
                    "support": 399.0
                }
            }
        },
        {
            "fold": 3,
            "accuracy": 0.5012531328320802,
            "auroc": 0.5026389866291344,
            "n_train_samples": 1597,
            "n_test_samples": 399,
            "classification_report": {
                "0": {
                    "precision": 0.49344978165938863,
                    "recall": 0.576530612244898,
                    "f1-score": 0.5317647058823529,
                    "support": 196.0
                },
                "1": {
                    "precision": 0.5117647058823529,
                    "recall": 0.42857142857142855,
                    "f1-score": 0.46648793565683644,
                    "support": 203.0
                },
                "accuracy": 0.5012531328320802,
                "macro avg": {
                    "precision": 0.5026072437708707,
                    "recall": 0.5025510204081632,
                    "f1-score": 0.4991263207695947,
                    "support": 399.0
                },
                "weighted avg": {
                    "precision": 0.5027679010008967,
                    "recall": 0.5012531328320802,
                    "f1-score": 0.49855371752200245,
                    "support": 399.0
                }
            }
        },
        {
            "fold": 4,
            "accuracy": 0.47869674185463656,
            "auroc": 0.4913732038048978,
            "n_train_samples": 1597,
            "n_test_samples": 399,
            "classification_report": {
                "0": {
                    "precision": 0.450199203187251,
                    "recall": 0.6174863387978142,
                    "f1-score": 0.5207373271889401,
                    "support": 183.0
                },
                "1": {
                    "precision": 0.527027027027027,
                    "recall": 0.3611111111111111,
                    "f1-score": 0.42857142857142855,
                    "support": 216.0
                },
                "accuracy": 0.47869674185463656,
                "macro avg": {
                    "precision": 0.488613115107139,
                    "recall": 0.4892987249544627,
                    "f1-score": 0.4746543778801843,
                    "support": 399.0
                },
                "weighted avg": {
                    "precision": 0.4917902055666786,
                    "recall": 0.47869674185463656,
                    "f1-score": 0.4708430061328436,
                    "support": 399.0
                }
            }
        },
        {
            "fold": 5,
            "accuracy": 0.46867167919799496,
            "auroc": 0.47336549575355547,
            "n_train_samples": 1597,
            "n_test_samples": 399,
            "classification_report": {
                "0": {
                    "precision": 0.47317073170731705,
                    "recall": 0.48258706467661694,
                    "f1-score": 0.47783251231527096,
                    "support": 201.0
                },
                "1": {
                    "precision": 0.4639175257731959,
                    "recall": 0.45454545454545453,
                    "f1-score": 0.45918367346938777,
                    "support": 198.0
                },
                "accuracy": 0.46867167919799496,
                "macro avg": {
                    "precision": 0.46854412874025647,
                    "recall": 0.4685662596110357,
                    "f1-score": 0.46850809289232936,
                    "support": 399.0
                },
                "weighted avg": {
                    "precision": 0.4685789152287307,
                    "recall": 0.46867167919799496,
                    "f1-score": 0.4685782013090432,
                    "support": 399.0
                }
            }
        }
    ],
    "n_classes": 2
}