{
    "subject_id": 3,
    "trial_id": 0,
    "eval_name": "pitch",
    "k_folds": 5,
    "mean_accuracy": 0.5395082562462177,
    "std_accuracy": 0.0136762040585433,
    "fold_results": [
        {
            "fold": 1,
            "accuracy": 0.5557620817843866,
            "auroc": 0.5518484754154253,
            "n_train_samples": 4303,
            "n_test_samples": 1076,
            "classification_report": {
                "0": {
                    "precision": 0.6824817518248175,
                    "recall": 0.551622418879056,
                    "f1-score": 0.6101141924959217,
                    "support": 678.0
                },
                "1": {
                    "precision": 0.42424242424242425,
                    "recall": 0.5628140703517588,
                    "f1-score": 0.4838012958963283,
                    "support": 398.0
                },
                "accuracy": 0.5557620817843866,
                "macro avg": {
                    "precision": 0.5533620880336209,
                    "recall": 0.5572182446154075,
                    "f1-score": 0.546957744196125,
                    "support": 1076.0
                },
                "weighted avg": {
                    "precision": 0.5869620005443412,
                    "recall": 0.5557620817843866,
                    "f1-score": 0.5633925076942133,
                    "support": 1076.0
                }
            }
        },
        {
            "fold": 2,
            "accuracy": 0.5381040892193308,
            "auroc": 0.5467246448920078,
            "n_train_samples": 4303,
            "n_test_samples": 1076,
            "classification_report": {
                "0": {
                    "precision": 0.5327272727272727,
                    "recall": 0.549718574108818,
                    "f1-score": 0.541089566020314,
                    "support": 533.0
                },
                "1": {
                    "precision": 0.5437262357414449,
                    "recall": 0.5267034990791897,
                    "f1-score": 0.5350795135640786,
                    "support": 543.0
                },
                "accuracy": 0.5381040892193308,
                "macro avg": {
                    "precision": 0.5382267542343588,
                    "recall": 0.5382110365940038,
                    "f1-score": 0.5380845397921963,
                    "support": 1076.0
                },
                "weighted avg": {
                    "precision": 0.5382778646572871,
                    "recall": 0.5381040892193308,
                    "f1-score": 0.5380566120391468,
                    "support": 1076.0
                }
            }
        },
        {
            "fold": 3,
            "accuracy": 0.5232342007434945,
            "auroc": 0.514015625,
            "n_train_samples": 4303,
            "n_test_samples": 1076,
            "classification_report": {
                "0": {
                    "precision": 0.48841354723707664,
                    "recall": 0.548,
                    "f1-score": 0.5164938737040528,
                    "support": 500.0
                },
                "1": {
                    "precision": 0.5611650485436893,
                    "recall": 0.5017361111111112,
                    "f1-score": 0.5297891842346472,
                    "support": 576.0
                },
                "accuracy": 0.5232342007434945,
                "macro avg": {
                    "precision": 0.524789297890383,
                    "recall": 0.5248680555555556,
                    "f1-score": 0.52314152896935,
                    "support": 1076.0
                },
                "weighted avg": {
                    "precision": 0.5273585888287206,
                    "recall": 0.5232342007434945,
                    "f1-score": 0.5236110659583486,
                    "support": 1076.0
                }
            }
        },
        {
            "fold": 4,
            "accuracy": 0.5260223048327137,
            "auroc": 0.5275625276817721,
            "n_train_samples": 4303,
            "n_test_samples": 1076,
            "classification_report": {
                "0": {
                    "precision": 0.3784786641929499,
                    "recall": 0.5382585751978892,
                    "f1-score": 0.4444444444444444,
                    "support": 379.0
                },
                "1": {
                    "precision": 0.6741154562383612,
                    "recall": 0.5193687230989957,
                    "f1-score": 0.586709886547812,
                    "support": 697.0
                },
                "accuracy": 0.5260223048327137,
                "macro avg": {
                    "precision": 0.5262970602156556,
                    "recall": 0.5288136491484425,
                    "f1-score": 0.5155771654961282,
                    "support": 1076.0
                },
                "weighted avg": {
                    "precision": 0.5699831661034069,
                    "recall": 0.5260223048327137,
                    "f1-score": 0.5365996611229269,
                    "support": 1076.0
                }
            }
        },
        {
            "fold": 5,
            "accuracy": 0.5544186046511628,
            "auroc": 0.584659649122807,
            "n_train_samples": 4304,
            "n_test_samples": 1075,
            "classification_report": {
                "0": {
                    "precision": 0.6094032549728752,
                    "recall": 0.5616666666666666,
                    "f1-score": 0.5845620121422377,
                    "support": 600.0
                },
                "1": {
                    "precision": 0.49616858237547895,
                    "recall": 0.5452631578947369,
                    "f1-score": 0.5195586760280843,
                    "support": 475.0
                },
                "accuracy": 0.5544186046511628,
                "macro avg": {
                    "precision": 0.552785918674177,
                    "recall": 0.5534649122807018,
                    "f1-score": 0.552060344085161,
                    "support": 1075.0
                },
                "weighted avg": {
                    "precision": 0.5593693298717001,
                    "recall": 0.5544186046511628,
                    "f1-score": 0.555839607812728,
                    "support": 1075.0
                }
            }
        }
    ],
    "n_classes": 2
}