{
    "subject_id": 2,
    "trial_id": 5,
    "eval_name": "word_length",
    "k_folds": 5,
    "mean_accuracy": 0.6151399549220272,
    "std_accuracy": 0.016172809027850517,
    "fold_results": [
        {
            "fold": 1,
            "accuracy": 0.631578947368421,
            "auroc": 0.659731995349691,
            "n_train_samples": 2049,
            "n_test_samples": 513,
            "classification_report": {
                "0": {
                    "precision": 0.6103286384976526,
                    "recall": 0.5508474576271186,
                    "f1-score": 0.579064587973274,
                    "support": 236.0
                },
                "1": {
                    "precision": 0.6466666666666666,
                    "recall": 0.7003610108303249,
                    "f1-score": 0.6724436741767764,
                    "support": 277.0
                },
                "accuracy": 0.631578947368421,
                "macro avg": {
                    "precision": 0.6284976525821596,
                    "recall": 0.6256042342287218,
                    "f1-score": 0.6257541310750252,
                    "support": 513.0
                },
                "weighted avg": {
                    "precision": 0.6299497570216621,
                    "recall": 0.631578947368421,
                    "f1-score": 0.629485654012982,
                    "support": 513.0
                }
            }
        },
        {
            "fold": 2,
            "accuracy": 0.6101364522417154,
            "auroc": 0.661441910301546,
            "n_train_samples": 2049,
            "n_test_samples": 513,
            "classification_report": {
                "0": {
                    "precision": 0.5764192139737991,
                    "recall": 0.5617021276595745,
                    "f1-score": 0.5689655172413793,
                    "support": 235.0
                },
                "1": {
                    "precision": 0.6373239436619719,
                    "recall": 0.6510791366906474,
                    "f1-score": 0.6441281138790036,
                    "support": 278.0
                },
                "accuracy": 0.6101364522417154,
                "macro avg": {
                    "precision": 0.6068715788178856,
                    "recall": 0.6063906321751109,
                    "f1-score": 0.6065468155601914,
                    "support": 513.0
                },
                "weighted avg": {
                    "precision": 0.6094241162219707,
                    "recall": 0.6101364522417154,
                    "f1-score": 0.6096969048929574,
                    "support": 513.0
                }
            }
        },
        {
            "fold": 3,
            "accuracy": 0.63671875,
            "auroc": 0.6687695459937453,
            "n_train_samples": 2050,
            "n_test_samples": 512,
            "classification_report": {
                "0": {
                    "precision": 0.6923076923076923,
                    "recall": 0.608540925266904,
                    "f1-score": 0.6477272727272727,
                    "support": 281.0
                },
                "1": {
                    "precision": 0.5849056603773585,
                    "recall": 0.670995670995671,
                    "f1-score": 0.625,
                    "support": 231.0
                },
                "accuracy": 0.63671875,
                "macro avg": {
                    "precision": 0.6386066763425253,
                    "recall": 0.6397682981312875,
                    "f1-score": 0.6363636363636364,
                    "support": 512.0
                },
                "weighted avg": {
                    "precision": 0.6438509161828737,
                    "recall": 0.63671875,
                    "f1-score": 0.6374733664772727,
                    "support": 512.0
                }
            }
        },
        {
            "fold": 4,
            "accuracy": 0.599609375,
            "auroc": 0.6383132345034181,
            "n_train_samples": 2050,
            "n_test_samples": 512,
            "classification_report": {
                "0": {
                    "precision": 0.6232876712328768,
                    "recall": 0.6570397111913358,
                    "f1-score": 0.6397188049209139,
                    "support": 277.0
                },
                "1": {
                    "precision": 0.5681818181818182,
                    "recall": 0.5319148936170213,
                    "f1-score": 0.5494505494505495,
                    "support": 235.0
                },
                "accuracy": 0.599609375,
                "macro avg": {
                    "precision": 0.5957347447073476,
                    "recall": 0.5944773024041785,
                    "f1-score": 0.5945846771857317,
                    "support": 512.0
                },
                "weighted avg": {
                    "precision": 0.5979949457113949,
                    "recall": 0.599609375,
                    "f1-score": 0.5982870861015084,
                    "support": 512.0
                }
            }
        },
        {
            "fold": 5,
            "accuracy": 0.59765625,
            "auroc": 0.6400491400491402,
            "n_train_samples": 2050,
            "n_test_samples": 512,
            "classification_report": {
                "0": {
                    "precision": 0.6053811659192825,
                    "recall": 0.5335968379446641,
                    "f1-score": 0.5672268907563025,
                    "support": 253.0
                },
                "1": {
                    "precision": 0.5916955017301038,
                    "recall": 0.6602316602316602,
                    "f1-score": 0.6240875912408759,
                    "support": 259.0
                },
                "accuracy": 0.59765625,
                "macro avg": {
                    "precision": 0.5985383338246931,
                    "recall": 0.5969142490881622,
                    "f1-score": 0.5956572409985892,
                    "support": 512.0
                },
                "weighted avg": {
                    "precision": 0.5984581443860846,
                    "recall": 0.59765625,
                    "f1-score": 0.5959904091654911,
                    "support": 512.0
                }
            }
        }
    ],
    "n_classes": 2
}