{
    "subject_id": 2,
    "trial_id": 3,
    "eval_name": "global_flow",
    "k_folds": 5,
    "mean_accuracy": 0.49792228644829795,
    "std_accuracy": 0.020873221522846645,
    "fold_results": [
        {
            "fold": 1,
            "accuracy": 0.4658959537572254,
            "auroc": 0.49662632614094776,
            "n_train_samples": 3457,
            "n_test_samples": 865,
            "classification_report": {
                "0": {
                    "precision": 0.24693877551020407,
                    "recall": 0.5654205607476636,
                    "f1-score": 0.34375,
                    "support": 214.0
                },
                "1": {
                    "precision": 0.752,
                    "recall": 0.43317972350230416,
                    "f1-score": 0.5497076023391813,
                    "support": 651.0
                },
                "accuracy": 0.4658959537572254,
                "macro avg": {
                    "precision": 0.499469387755102,
                    "recall": 0.49930014212498386,
                    "f1-score": 0.44672880116959063,
                    "support": 865.0
                },
                "weighted avg": {
                    "precision": 0.6270484369470332,
                    "recall": 0.4658959537572254,
                    "f1-score": 0.4987539296217422,
                    "support": 865.0
                }
            }
        },
        {
            "fold": 2,
            "accuracy": 0.5098265895953757,
            "auroc": 0.5450464988405174,
            "n_train_samples": 3457,
            "n_test_samples": 865,
            "classification_report": {
                "0": {
                    "precision": 0.684863523573201,
                    "recall": 0.4816753926701571,
                    "f1-score": 0.5655737704918032,
                    "support": 573.0
                },
                "1": {
                    "precision": 0.35714285714285715,
                    "recall": 0.565068493150685,
                    "f1-score": 0.4376657824933687,
                    "support": 292.0
                },
                "accuracy": 0.5098265895953757,
                "macro avg": {
                    "precision": 0.5210031903580291,
                    "recall": 0.523371942910421,
                    "f1-score": 0.5016197764925859,
                    "support": 865.0
                },
                "weighted avg": {
                    "precision": 0.574234119414056,
                    "recall": 0.5098265895953757,
                    "f1-score": 0.5223955826356843,
                    "support": 865.0
                }
            }
        },
        {
            "fold": 3,
            "accuracy": 0.4826388888888889,
            "auroc": 0.5298834350543065,
            "n_train_samples": 3458,
            "n_test_samples": 864,
            "classification_report": {
                "0": {
                    "precision": 0.7351351351351352,
                    "recall": 0.43800322061191627,
                    "f1-score": 0.5489404641775983,
                    "support": 621.0
                },
                "1": {
                    "precision": 0.2935222672064777,
                    "recall": 0.5967078189300411,
                    "f1-score": 0.39348710990502034,
                    "support": 243.0
                },
                "accuracy": 0.4826388888888889,
                "macro avg": {
                    "precision": 0.5143287011708064,
                    "recall": 0.5173555197709787,
                    "f1-score": 0.47121378704130934,
                    "support": 864.0
                },
                "weighted avg": {
                    "precision": 0.6109315160302002,
                    "recall": 0.4826388888888889,
                    "f1-score": 0.5052192082884358,
                    "support": 864.0
                }
            }
        },
        {
            "fold": 4,
            "accuracy": 0.5069444444444444,
            "auroc": 0.5062465349359199,
            "n_train_samples": 3458,
            "n_test_samples": 864,
            "classification_report": {
                "0": {
                    "precision": 0.47344110854503463,
                    "recall": 0.5086848635235732,
                    "f1-score": 0.4904306220095694,
                    "support": 403.0
                },
                "1": {
                    "precision": 0.5406032482598608,
                    "recall": 0.5054229934924078,
                    "f1-score": 0.5224215246636771,
                    "support": 461.0
                },
                "accuracy": 0.5069444444444444,
                "macro avg": {
                    "precision": 0.5070221784024478,
                    "recall": 0.5070539285079905,
                    "f1-score": 0.5064260733366233,
                    "support": 864.0
                },
                "weighted avg": {
                    "precision": 0.5092764631845426,
                    "recall": 0.5069444444444444,
                    "f1-score": 0.5074998420599671,
                    "support": 864.0
                }
            }
        },
        {
            "fold": 5,
            "accuracy": 0.5243055555555556,
            "auroc": 0.561275775700727,
            "n_train_samples": 3458,
            "n_test_samples": 864,
            "classification_report": {
                "0": {
                    "precision": 0.4364406779661017,
                    "recall": 0.5868945868945868,
                    "f1-score": 0.5006075334143378,
                    "support": 351.0
                },
                "1": {
                    "precision": 0.6301020408163265,
                    "recall": 0.48148148148148145,
                    "f1-score": 0.5458563535911602,
                    "support": 513.0
                },
                "accuracy": 0.5243055555555556,
                "macro avg": {
                    "precision": 0.5332713593912141,
                    "recall": 0.5341880341880342,
                    "f1-score": 0.523231943502749,
                    "support": 864.0
                },
                "weighted avg": {
                    "precision": 0.5514271121584227,
                    "recall": 0.5243055555555556,
                    "f1-score": 0.5274740203943261,
                    "support": 864.0
                }
            }
        }
    ],
    "n_classes": 2
}