{
    "subject_id": 4,
    "trial_id": 1,
    "eval_name": "speaker",
    "k_folds": 5,
    "mean_accuracy": 0.2405111089716847,
    "std_accuracy": 0.0129807490257689,
    "fold_results": [
        {
            "fold": 1,
            "accuracy": 0.238562091503268,
            "auroc": 0.4857288383032916,
            "n_train_samples": 2444,
            "n_test_samples": 612,
            "classification_report": {
                "0": {
                    "precision": 0.48484848484848486,
                    "recall": 0.25196850393700787,
                    "f1-score": 0.3316062176165803,
                    "support": 254.0
                },
                "1": {
                    "precision": 0.11801242236024845,
                    "recall": 0.18446601941747573,
                    "f1-score": 0.14393939393939395,
                    "support": 103.0
                },
                "2": {
                    "precision": 0.20833333333333334,
                    "recall": 0.2892561983471074,
                    "f1-score": 0.2422145328719723,
                    "support": 121.0
                },
                "3": {
                    "precision": 0.18543046357615894,
                    "recall": 0.208955223880597,
                    "f1-score": 0.19649122807017544,
                    "support": 134.0
                },
                "accuracy": 0.238562091503268,
                "macro avg": {
                    "precision": 0.24915617602955642,
                    "recall": 0.233661486395547,
                    "f1-score": 0.2285628431245305,
                    "support": 612.0
                },
                "weighted avg": {
                    "precision": 0.3028804086718291,
                    "recall": 0.238562091503268,
                    "f1-score": 0.25276392138771425,
                    "support": 612.0
                }
            },
            "auroc_per_class": {
                "class_0": 0.5221264241411164,
                "class_1": 0.41018940622198485,
                "class_2": 0.550941744794735,
                "class_3": 0.45965777805533004
            }
        },
        {
            "fold": 2,
            "accuracy": 0.24713584288052373,
            "auroc": 0.4858139163406476,
            "n_train_samples": 2445,
            "n_test_samples": 611,
            "classification_report": {
                "0": {
                    "precision": 0.2517985611510791,
                    "recall": 0.21212121212121213,
                    "f1-score": 0.23026315789473684,
                    "support": 165.0
                },
                "1": {
                    "precision": 0.3310810810810811,
                    "recall": 0.3081761006289308,
                    "f1-score": 0.31921824104234525,
                    "support": 159.0
                },
                "2": {
                    "precision": 0.3532934131736527,
                    "recall": 0.2681818181818182,
                    "f1-score": 0.3049095607235142,
                    "support": 220.0
                },
                "3": {
                    "precision": 0.050955414012738856,
                    "recall": 0.11940298507462686,
                    "f1-score": 0.07142857142857142,
                    "support": 67.0
                },
                "accuracy": 0.24713584288052373,
                "macro avg": {
                    "precision": 0.24678211735463795,
                    "recall": 0.226970529001647,
                    "f1-score": 0.23145488277229193,
                    "support": 611.0
                },
                "weighted avg": {
                    "precision": 0.2869512571503716,
                    "recall": 0.24713584288052373,
                    "f1-score": 0.26287224062725345,
                    "support": 611.0
                }
            },
            "auroc_per_class": {
                "class_0": 0.4548715858132899,
                "class_1": 0.5859353258752157,
                "class_2": 0.4753196930946292,
                "class_3": 0.4271290605794557
            }
        },
        {
            "fold": 3,
            "accuracy": 0.2160392798690671,
            "auroc": 0.4545826599964217,
            "n_train_samples": 2445,
            "n_test_samples": 611,
            "classification_report": {
                "0": {
                    "precision": 0.078125,
                    "recall": 0.1388888888888889,
                    "f1-score": 0.1,
                    "support": 72.0
                },
                "1": {
                    "precision": 0.21787709497206703,
                    "recall": 0.2653061224489796,
                    "f1-score": 0.2392638036809816,
                    "support": 147.0
                },
                "2": {
                    "precision": 0.2883435582822086,
                    "recall": 0.21363636363636362,
                    "f1-score": 0.2454308093994778,
                    "support": 220.0
                },
                "3": {
                    "precision": 0.2553191489361702,
                    "recall": 0.20930232558139536,
                    "f1-score": 0.23003194888178913,
                    "support": 172.0
                },
                "accuracy": 0.2160392798690671,
                "macro avg": {
                    "precision": 0.20991620054761145,
                    "recall": 0.20678342513890688,
                    "f1-score": 0.20368164049056214,
                    "support": 611.0
                },
                "weighted avg": {
                    "precision": 0.23732145564648288,
                    "recall": 0.2160392798690671,
                    "f1-score": 0.22247471753953707,
                    "support": 611.0
                }
            },
            "auroc_per_class": {
                "class_0": 0.46477530406101836,
                "class_1": 0.4623944405348347,
                "class_2": 0.4351429900023251,
                "class_3": 0.4560179053875086
            }
        },
        {
            "fold": 4,
            "accuracy": 0.25040916530278234,
            "auroc": 0.5206498731415401,
            "n_train_samples": 2445,
            "n_test_samples": 611,
            "classification_report": {
                "0": {
                    "precision": 0.2246376811594203,
                    "recall": 0.21379310344827587,
                    "f1-score": 0.21908127208480566,
                    "support": 145.0
                },
                "1": {
                    "precision": 0.34459459459459457,
                    "recall": 0.2982456140350877,
                    "f1-score": 0.31974921630094044,
                    "support": 171.0
                },
                "2": {
                    "precision": 0.18888888888888888,
                    "recall": 0.32075471698113206,
                    "f1-score": 0.23776223776223776,
                    "support": 106.0
                },
                "3": {
                    "precision": 0.25517241379310346,
                    "recall": 0.19576719576719576,
                    "f1-score": 0.2215568862275449,
                    "support": 189.0
                },
                "accuracy": 0.25040916530278234,
                "macro avg": {
                    "precision": 0.25332339460900183,
                    "recall": 0.25714015755792285,
                    "f1-score": 0.2495374030938822,
                    "support": 611.0
                },
                "weighted avg": {
                    "precision": 0.26145326984109724,
                    "recall": 0.25040916530278234,
                    "f1-score": 0.2512617825524727,
                    "support": 611.0
                }
            },
            "auroc_per_class": {
                "class_0": 0.4692763060529821,
                "class_1": 0.5874136097820308,
                "class_2": 0.567046515972352,