{
    "subject_id": 10,
    "trial_id": 1,
    "eval_name": "word_gap",
    "k_folds": 5,
    "mean_accuracy": 0.5220917822838846,
    "std_accuracy": 0.017735392168914402,
    "fold_results": [
        {
            "fold": 1,
            "accuracy": 0.5026680896478122,
            "auroc": 0.5179259498439349,
            "n_train_samples": 3748,
            "n_test_samples": 937,
            "classification_report": {
                "0": {
                    "precision": 0.3207920792079208,
                    "recall": 0.5684210526315789,
                    "f1-score": 0.41012658227848103,
                    "support": 285.0
                },
                "1": {
                    "precision": 0.7152777777777778,
                    "recall": 0.47392638036809814,
                    "f1-score": 0.5701107011070111,
                    "support": 652.0
                },
                "accuracy": 0.5026680896478122,
                "macro avg": {
                    "precision": 0.5180349284928493,
                    "recall": 0.5211737164998386,
                    "f1-score": 0.4901186416927461,
                    "support": 937.0
                },
                "weighted avg": {
                    "precision": 0.5952901320014605,
                    "recall": 0.5026680896478122,
                    "f1-score": 0.5214495763832854,
                    "support": 937.0
                }
            }
        },
        {
            "fold": 2,
            "accuracy": 0.5410885805763074,
            "auroc": 0.5631089154411765,
            "n_train_samples": 3748,
            "n_test_samples": 937,
            "classification_report": {
                "0": {
                    "precision": 0.5927601809954751,
                    "recall": 0.51171875,
                    "f1-score": 0.549266247379455,
                    "support": 512.0
                },
                "1": {
                    "precision": 0.494949494949495,
                    "recall": 0.5764705882352941,
                    "f1-score": 0.532608695652174,
                    "support": 425.0
                },
                "accuracy": 0.5410885805763074,
                "macro avg": {
                    "precision": 0.543854837972485,
                    "recall": 0.544094669117647,
                    "f1-score": 0.5409374715158144,
                    "support": 937.0
                },
                "weighted avg": {
                    "precision": 0.5483956755850786,
                    "recall": 0.5410885805763074,
                    "f1-score": 0.5417107943548077,
                    "support": 937.0
                }
            }
        },
        {
            "fold": 3,
            "accuracy": 0.5410885805763074,
            "auroc": 0.5298989898989899,
            "n_train_samples": 3748,
            "n_test_samples": 937,
            "classification_report": {
                "0": {
                    "precision": 0.5961538461538461,
                    "recall": 0.6763636363636364,
                    "f1-score": 0.6337308347529813,
                    "support": 550.0
                },
                "1": {
                    "precision": 0.43130990415335463,
                    "recall": 0.3488372093023256,
                    "f1-score": 0.38571428571428573,
                    "support": 387.0
                },
                "accuracy": 0.5410885805763074,
                "macro avg": {
                    "precision": 0.5137318751536004,
                    "recall": 0.512600422832981,
                    "f1-score": 0.5097225602336335,
                    "support": 937.0
                },
                "weighted avg": {
                    "precision": 0.528069955487688,
                    "recall": 0.5410885805763074,
                    "f1-score": 0.531294970849059,
                    "support": 937.0
                }
            }
        },
        {
            "fold": 4,
            "accuracy": 0.5250800426894343,
            "auroc": 0.5233798813756043,
            "n_train_samples": 3748,
            "n_test_samples": 937,
            "classification_report": {
                "0": {
                    "precision": 0.5492957746478874,
                    "recall": 0.5526315789473685,
                    "f1-score": 0.5509586276488395,
                    "support": 494.0
                },
                "1": {
                    "precision": 0.49772727272727274,
                    "recall": 0.49435665914221216,
                    "f1-score": 0.4960362400906002,
                    "support": 443.0
                },
                "accuracy": 0.5250800426894343,
                "macro avg": {
                    "precision": 0.52351152368758,
                    "recall": 0.5234941190447904,
                    "f1-score": 0.5234974338697198,
                    "support": 937.0
                },
                "weighted avg": {
                    "precision": 0.5249149354260814,
                    "recall": 0.5250800426894343,
                    "f1-score": 0.5249921199772281,
                    "support": 937.0
                }
            }
        },
        {
            "fold": 5,
            "accuracy": 0.5005336179295624,
            "auroc": 0.5090754073512693,
            "n_train_samples": 3748,
            "n_test_samples": 937,
            "classification_report": {
                "0": {
                    "precision": 0.6090047393364929,
                    "recall": 0.4589285714285714,
                    "f1-score": 0.5234215885947047,
                    "support": 560.0
                },
                "1": {
                    "precision": 0.4116504854368932,
                    "recall": 0.5623342175066313,
                    "f1-score": 0.47533632286995514,
                    "support": 377.0
                },
                "accuracy": 0.5005336179295624,
                "macro avg": {
                    "precision": 0.5103276123866931,
                    "recall": 0.5106313944676013,
                    "f1-score": 0.49937895573232993,
                    "support": 937.0
                },
                "weighted avg": {
                    "precision": 0.5295996659958855,
                    "recall": 0.5005336179295624,
                    "f1-score": 0.5040745820010754,
                    "support": 937.0
                }
            }
        }
    ],
    "n_classes": 2
}