{
    "subject_id": 2,
    "trial_id": 1,
    "eval_name": "gpt2_surprisal",
    "k_folds": 5,
    "mean_accuracy": 0.5189377675746106,
    "std_accuracy": 0.004052989418190719,
    "fold_results": [
        {
            "fold": 1,
            "accuracy": 0.5149647887323944,
            "auroc": 0.5339115959987453,
            "n_train_samples": 4541,
            "n_test_samples": 1136,
            "classification_report": {
                "0": {
                    "precision": 0.4929328621908127,
                    "recall": 0.5138121546961326,
                    "f1-score": 0.503155996393147,
                    "support": 543.0
                },
                "1": {
                    "precision": 0.5368421052631579,
                    "recall": 0.5160202360876898,
                    "f1-score": 0.5262252794496991,
                    "support": 593.0
                },
                "accuracy": 0.5149647887323944,
                "macro avg": {
                    "precision": 0.5148874837269853,
                    "recall": 0.5149161953919112,
                    "f1-score": 0.5146906379214231,
                    "support": 1136.0
                },
                "weighted avg": {
                    "precision": 0.5158537962945985,
                    "recall": 0.5149647887323944,
                    "f1-score": 0.515198324608407,
                    "support": 1136.0
                }
            }
        },
        {
            "fold": 2,
            "accuracy": 0.5132042253521126,
            "auroc": 0.5140507005166932,
            "n_train_samples": 4541,
            "n_test_samples": 1136,
            "classification_report": {
                "0": {
                    "precision": 0.5345132743362832,
                    "recall": 0.5101351351351351,
                    "f1-score": 0.5220397579948142,
                    "support": 592.0
                },
                "1": {
                    "precision": 0.4921190893169877,
                    "recall": 0.5165441176470589,
                    "f1-score": 0.5040358744394619,
                    "support": 544.0
                },
                "accuracy": 0.5132042253521126,
                "macro avg": {
                    "precision": 0.5133161818266354,
                    "recall": 0.513339626391097,
                    "f1-score": 0.5130378162171381,
                    "support": 1136.0
                },
                "weighted avg": {
                    "precision": 0.5142118336228177,
                    "recall": 0.5132042253521126,
                    "f1-score": 0.5134181799542229,
                    "support": 1136.0
                }
            }
        },
        {
            "fold": 3,
            "accuracy": 0.5215859030837005,
            "auroc": 0.5405745511319282,
            "n_train_samples": 4542,
            "n_test_samples": 1135,
            "classification_report": {
                "0": {
                    "precision": 0.4841549295774648,
                    "recall": 0.5238095238095238,
                    "f1-score": 0.5032021957913998,
                    "support": 525.0
                },
                "1": {
                    "precision": 0.5590828924162258,
                    "recall": 0.519672131147541,
                    "f1-score": 0.5386576040781649,
                    "support": 610.0
                },
                "accuracy": 0.5215859030837005,
                "macro avg": {
                    "precision": 0.5216189109968453,
                    "recall": 0.5217408274785325,
                    "f1-score": 0.5209298999347823,
                    "support": 1135.0
                },
                "weighted avg": {
                    "precision": 0.5244245836141557,
                    "recall": 0.5215859030837005,
                    "f1-score": 0.5222575253552119,
                    "support": 1135.0
                }
            }
        },
        {
            "fold": 4,
            "accuracy": 0.5233480176211454,
            "auroc": 0.5445042826619548,
            "n_train_samples": 4542,
            "n_test_samples": 1135,
            "classification_report": {
                "0": {
                    "precision": 0.568259385665529,
                    "recall": 0.5362318840579711,
                    "f1-score": 0.551781275890638,
                    "support": 621.0
                },
                "1": {
                    "precision": 0.47540983606557374,
                    "recall": 0.5077821011673151,
                    "f1-score": 0.49106302916274697,
                    "support": 514.0
                },
                "accuracy": 0.5233480176211454,
                "macro avg": {
                    "precision": 0.5218346108655514,
                    "recall": 0.5220069926126432,
                    "f1-score": 0.5214221525266924,
                    "support": 1135.0
                },
                "weighted avg": {
                    "precision": 0.526211219591188,
                    "recall": 0.5233480176211454,
                    "f1-score": 0.52428420204206,
                    "support": 1135.0
                }
            }
        },
        {
            "fold": 5,
            "accuracy": 0.5215859030837005,
            "auroc": 0.5247277662858811,
            "n_train_samples": 4542,
            "n_test_samples": 1135,
            "classification_report": {
                "0": {
                    "precision": 0.5129533678756477,
                    "recall": 0.532258064516129,
                    "f1-score": 0.5224274406332454,
                    "support": 558.0
                },
                "1": {
                    "precision": 0.5305755395683454,
                    "recall": 0.511265164644714,
                    "f1-score": 0.5207413945278023,
                    "support": 577.0
                },
                "accuracy": 0.5215859030837005,
                "macro avg": {
                    "precision": 0.5217644537219965,
                    "recall": 0.5217616145804216,
                    "f1-score": 0.5215844175805239,
                    "support": 1135.0
                },
                "weighted avg": {
                    "precision": 0.5219119520753714,
                    "recall": 0.5215859030837005,
                    "f1-score": 0.5215703053003461,
                    "support": 1135.0
                }
            }
        }
    ],
    "n_classes": 2
}