{
    "subject_id": 2,
    "trial_id": 0,
    "eval_name": "word_part_speech",
    "k_folds": 5,
    "mean_accuracy": 0.2578947368421053,
    "std_accuracy": 0.023801241432711957,
    "fold_results": [
        {
            "fold": 1,
            "accuracy": 0.29678362573099415,
            "auroc": 0.5584764493834301,
            "n_train_samples": 2736,
            "n_test_samples": 684,
            "classification_report": {
                "0": {
                    "precision": 0.3950617283950617,
                    "recall": 0.2895927601809955,
                    "f1-score": 0.3342036553524804,
                    "support": 221.0
                },
                "1": {
                    "precision": 0.2392638036809816,
                    "recall": 0.2635135135135135,
                    "f1-score": 0.2508038585209003,
                    "support": 148.0
                },
                "2": {
                    "precision": 0.2994350282485876,
                    "recall": 0.34415584415584416,
                    "f1-score": 0.3202416918429003,
                    "support": 154.0
                },
                "3": {
                    "precision": 0.25824175824175827,
                    "recall": 0.2919254658385093,
                    "f1-score": 0.27405247813411077,
                    "support": 161.0
                },
                "accuracy": 0.29678362573099415,
                "macro avg": {
                    "precision": 0.29800057964159726,
                    "recall": 0.2972968959222156,
                    "f1-score": 0.29482542096259795,
                    "support": 684.0
                },
                "weighted avg": {
                    "precision": 0.30761637770073025,
                    "recall": 0.29678362573099415,
                    "f1-score": 0.29885621113653493,
                    "support": 684.0
                }
            },
            "auroc_per_class": {
                "class_0": 0.537142186996081,
                "class_1": 0.5653174162968939,
                "class_2": 0.5639426611124724,
                "class_3": 0.5675035331282734
            }
        },
        {
            "fold": 2,
            "accuracy": 0.22953216374269006,
            "auroc": 0.4963885843506173,
            "n_train_samples": 2736,
            "n_test_samples": 684,
            "classification_report": {
                "0": {
                    "precision": 0.22099447513812154,
                    "recall": 0.24390243902439024,
                    "f1-score": 0.2318840579710145,
                    "support": 164.0
                },
                "1": {
                    "precision": 0.2222222222222222,
                    "recall": 0.2275449101796407,
                    "f1-score": 0.22485207100591717,
                    "support": 167.0
                },
                "2": {
                    "precision": 0.2138728323699422,
                    "recall": 0.21511627906976744,
                    "f1-score": 0.2144927536231884,
                    "support": 172.0
                },
                "3": {
                    "precision": 0.2641509433962264,
                    "recall": 0.23204419889502761,
                    "f1-score": 0.24705882352941178,
                    "support": 181.0
                },
                "accuracy": 0.22953216374269006,
                "macro avg": {
                    "precision": 0.23031011828162806,
                    "recall": 0.22965195679220649,
                    "f1-score": 0.22957192653238295,
                    "support": 684.0
                },
                "weighted avg": {
                    "precision": 0.23092346923407905,
                    "recall": 0.22953216374269006,
                    "f1-score": 0.22980947667726095,
                    "support": 684.0
                }
            },
            "auroc_per_class": {
                "class_0": 0.5219863977485929,
                "class_1": 0.47527189335062947,
                "class_2": 0.49242596293604646,
                "class_3": 0.4958700833672002
            }
        },
        {
            "fold": 3,
            "accuracy": 0.260233918128655,
            "auroc": 0.5212757330786768,
            "n_train_samples": 2736,
            "n_test_samples": 684,
            "classification_report": {
                "0": {
                    "precision": 0.2251655629139073,
                    "recall": 0.2251655629139073,
                    "f1-score": 0.2251655629139073,
                    "support": 151.0
                },
                "1": {
                    "precision": 0.27325581395348836,
                    "recall": 0.26256983240223464,
                    "f1-score": 0.2678062678062678,
                    "support": 179.0
                },
                "2": {
                    "precision": 0.2692307692307692,
                    "recall": 0.2832369942196532,
                    "f1-score": 0.27605633802816903,
                    "support": 173.0
                },
                "3": {
                    "precision": 0.2681564245810056,
                    "recall": 0.26519337016574585,
                    "f1-score": 0.26666666666666666,
                    "support": 181.0
                },
                "accuracy": 0.260233918128655,
                "macro avg": {
                    "precision": 0.2589521426697926,
                    "recall": 0.25904143992538525,
                    "f1-score": 0.2589237088537527,
                    "support": 684.0
                },
                "weighted avg": {
                    "precision": 0.26027196874818637,
                    "recall": 0.260233918128655,
                    "f1-score": 0.2601779752673418,
                    "support": 684.0
                }
            },
            "auroc_per_class": {
                "class_0": 0.5368835654734541,
                "class_1": 0.504165053376846,
                "class_2": 0.5279685078560683,
                "class_3": 0.5160858056083388
            }
        },
        {
            "fold": 4,
            "accuracy": 0.23684210526315788,
            "auroc": 0.5080180389075544,
            "n_train_samples": 2736,
            "n_test_samples": 684,
            "classification_report": {
                "0": {
                    "precision": 0.23333333333333334,
                    "recall": 0.2727272727272727,
                    "f1-score": 0.25149700598802394,
                    "support": 154.0
                },
                "1": {
                    "precision": 0.22560975609756098,
                    "recall": 0.21142857142857144,
                    "f1-score": 0.2182890855457227,
                    "support": 175.0
                },
                "2": {
                    "precision": 0.23563218390804597,
                    "recall": 0.22162162162162163,
                    "f1-score": 0.22841225626740946,
                    "support": 185.0
                },
                "3": {
                    "precision": 0.25301204819277107,
                    "recall": 0.24705882352941178,
                    "f1-score": 0.25,
                    "support": 170.0
                },
                "accuracy": 0.23684210526315788,
                "macro avg": {
                    "precision": 0.23689683038292786,
                    "recall": 0.2382090723267194,
                    "f1-score": 0.23704958695028902,
                    "support": 684.0
                },
                "weighted avg": {
                    "precision": 0.23686994571076916,
                    "recall": 0.23684210526315788,
                    "f1-score": 0.23638508231305252,
                    "support": 684.0
                }
            },
            "auroc_per_class": {
                "class_0": 0.5062239647145308,
                "class_1": 0.486225091215268,
                "class_2": 0.5092671830146781,