{
    "subject_id": 7,
    "trial_id": 0,
    "eval_name": "global_flow_angle",
    "k_folds": 5,
    "mean_accuracy": 0.24493092591402688,
    "std_accuracy": 0.008170359205942711,
    "fold_results": [
        {
            "fold": 1,
            "accuracy": 0.2481012658227848,
            "auroc": 0.48747564652935493,
            "n_train_samples": 1577,
            "n_test_samples": 395,
            "classification_report": {
                "0": {
                    "precision": 0.27450980392156865,
                    "recall": 0.25,
                    "f1-score": 0.2616822429906542,
                    "support": 112.0
                },
                "1": {
                    "precision": 0.2235294117647059,
                    "recall": 0.18627450980392157,
                    "f1-score": 0.20320855614973263,
                    "support": 102.0
                },
                "2": {
                    "precision": 0.16161616161616163,
                    "recall": 0.2222222222222222,
                    "f1-score": 0.1871345029239766,
                    "support": 72.0
                },
                "3": {
                    "precision": 0.3211009174311927,
                    "recall": 0.3211009174311927,
                    "f1-score": 0.3211009174311927,
                    "support": 109.0
                },
                "accuracy": 0.2481012658227848,
                "macro avg": {
                    "precision": 0.2451890736834072,
                    "recall": 0.2448994123643341,
                    "f1-score": 0.24328155487388903,
                    "support": 395.0
                },
                "weighted avg": {
                    "precision": 0.2536239536090616,
                    "recall": 0.2481012658227848,
                    "f1-score": 0.24939080545000583,
                    "support": 395.0
                }
            },
            "auroc_per_class": {
                "class_0": 0.48127523977789,
                "class_1": 0.4752057819714916,
                "class_2": 0.4684167526659787,
                "class_3": 0.5250048117020594
            }
        },
        {
            "fold": 2,
            "accuracy": 0.2379746835443038,
            "auroc": 0.5002962042329541,
            "n_train_samples": 1577,
            "n_test_samples": 395,
            "classification_report": {
                "0": {
                    "precision": 0.2553191489361702,
                    "recall": 0.24242424242424243,
                    "f1-score": 0.24870466321243523,
                    "support": 99.0
                },
                "1": {
                    "precision": 0.22105263157894736,
                    "recall": 0.2079207920792079,
                    "f1-score": 0.21428571428571427,
                    "support": 101.0
                },
                "2": {
                    "precision": 0.21875,
                    "recall": 0.23076923076923078,
                    "f1-score": 0.22459893048128343,
                    "support": 91.0
                },
                "3": {
                    "precision": 0.2545454545454545,
                    "recall": 0.2692307692307692,
                    "f1-score": 0.2616822429906542,
                    "support": 104.0
                },
                "accuracy": 0.2379746835443038,
                "macro avg": {
                    "precision": 0.237416808765143,
                    "recall": 0.23758625862586258,
                    "f1-score": 0.23731788774252177,
                    "support": 395.0
                },
                "weighted avg": {
                    "precision": 0.23792883242248555,
                    "recall": 0.2379746835443038,
                    "f1-score": 0.23776727783724824,
                    "support": 395.0
                }
            },
            "auroc_per_class": {
                "class_0": 0.5082582582582582,
                "class_1": 0.45355964167845353,
                "class_2": 0.5111155292076345,
                "class_3": 0.5282513877874703
            }
        },
        {
            "fold": 3,
            "accuracy": 0.23604060913705585,
            "auroc": 0.4949364550554486,
            "n_train_samples": 1578,
            "n_test_samples": 394,
            "classification_report": {
                "0": {
                    "precision": 0.28735632183908044,
                    "recall": 0.21739130434782608,
                    "f1-score": 0.24752475247524752,
                    "support": 115.0
                },
                "1": {
                    "precision": 0.16853932584269662,
                    "recall": 0.1724137931034483,
                    "f1-score": 0.17045454545454544,
                    "support": 87.0
                },
                "2": {
                    "precision": 0.20408163265306123,
                    "recall": 0.2222222222222222,
                    "f1-score": 0.2127659574468085,
                    "support": 90.0
                },
                "3": {
                    "precision": 0.275,
                    "recall": 0.3235294117647059,
                    "f1-score": 0.2972972972972973,
                    "support": 102.0
                },
                "accuracy": 0.23604060913705585,
                "macro avg": {
                    "precision": 0.23374432008370957,
                    "recall": 0.23388918285955063,
                    "f1-score": 0.23201063816847467,
                    "support": 394.0
                },
                "weighted avg": {
                    "precision": 0.2388990997425999,
                    "recall": 0.23604060913705585,
                    "f1-score": 0.23545216366430458,
                    "support": 394.0
                }
            },
            "auroc_per_class": {
                "class_0": 0.5372915692691289,
                "class_1": 0.4520386386611255,
                "class_2": 0.4562865497076024,
                "class_3": 0.5341290625839377
            }
        },
        {
            "fold": 4,
            "accuracy": 0.25888324873096447,
            "auroc": 0.493646771639236,
            "n_train_samples": 1578,
            "n_test_samples": 394,
            "classification_report": {
                "0": {
                    "precision": 0.18446601941747573,
                    "recall": 0.27941176470588236,
                    "f1-score": 0.2222222222222222,
                    "support": 68.0
                },
                "1": {
                    "precision": 0.30303030303030304,
                    "recall": 0.22900763358778625,
                    "f1-score": 0.2608695652173913,
                    "support": 131.0
                },
                "2": {
                    "precision": 0.29213483146067415,
                    "recall": 0.21311475409836064,
                    "f1-score": 0.24644549763033174,
                    "support": 122.0
                },
                "3": {
                    "precision": 0.2621359223300971,
                    "recall": 0.3698630136986301,
                    "f1-score": 0.3068181818181818,
                    "support": 73.0
                },
                "accuracy": 0.25888324873096447,
                "macro avg": {
                    "precision": 0.26044176905963745,
                    "recall": 0.27284929152266485,
                    "f1-score": 0.2590888667220318,
                    "support": 394.0
                },
                "weighted avg": {
                    "precision": 0.27161682940522175,
                    "recall": 0.25888324873096447,
                    "f1-score": 0.2582464521274546,
                    "support": 394.0
                }
            },
            "auroc_per_class": {
                "class_0": 0.48980512450378927,
                "class_1": 0.431326734972281,
                "class_2": 0.4802465043394407,