{
    "subject_id": 3,
    "trial_id": 1,
    "eval_name": "speaker",
    "k_folds": 5,
    "mean_accuracy": 0.23663382699463692,
    "std_accuracy": 0.027779386381645302,
    "fold_results": [
        {
            "fold": 1,
            "accuracy": 0.2039151712887439,
            "auroc": 0.4820023635469075,
            "n_train_samples": 2451,
            "n_test_samples": 613,
            "classification_report": {
                "0": {
                    "precision": 0.06626506024096386,
                    "recall": 0.21568627450980393,
                    "f1-score": 0.10138248847926268,
                    "support": 51.0
                },
                "1": {
                    "precision": 0.5517241379310345,
                    "recall": 0.14285714285714285,
                    "f1-score": 0.22695035460992907,
                    "support": 336.0
                },
                "2": {
                    "precision": 0.2154696132596685,
                    "recall": 0.30952380952380953,
                    "f1-score": 0.254071661237785,
                    "support": 126.0
                },
                "3": {
                    "precision": 0.15083798882681565,
                    "recall": 0.27,
                    "f1-score": 0.1935483870967742,
                    "support": 100.0
                },
                "accuracy": 0.2039151712887439,
                "macro avg": {
                    "precision": 0.24607420006462064,
                    "recall": 0.2345168067226891,
                    "f1-score": 0.19398822285593775,
                    "support": 613.0
                },
                "weighted avg": {
                    "precision": 0.37682185737441526,
                    "recall": 0.2039151712887439,
                    "f1-score": 0.21662919100655284,
                    "support": 613.0
                }
            },
            "auroc_per_class": {
                "class_0": 0.44996859953945983,
                "class_1": 0.46542461750042974,
                "class_2": 0.5124018121964734,
                "class_3": 0.5002144249512671
            }
        },
        {
            "fold": 2,
            "accuracy": 0.21207177814029363,
            "auroc": 0.5098663306057721,
            "n_train_samples": 2451,
            "n_test_samples": 613,
            "classification_report": {
                "0": {
                    "precision": 0.2535211267605634,
                    "recall": 0.22784810126582278,
                    "f1-score": 0.24,
                    "support": 158.0
                },
                "1": {
                    "precision": 0.4731182795698925,
                    "recall": 0.1375,
                    "f1-score": 0.21307506053268765,
                    "support": 320.0
                },
                "2": {
                    "precision": 0.22395833333333334,
                    "recall": 0.3944954128440367,
                    "f1-score": 0.2857142857142857,
                    "support": 109.0
                },
                "3": {
                    "precision": 0.03763440860215054,
                    "recall": 0.2692307692307692,
                    "f1-score": 0.0660377358490566,
                    "support": 26.0
                },
                "accuracy": 0.21207177814029363,
                "macro avg": {
                    "precision": 0.24705803706648494,
                    "recall": 0.2572685708351572,
                    "f1-score": 0.20120677052400748,
                    "support": 613.0
                },
                "weighted avg": {
                    "precision": 0.3537424803385381,
                    "recall": 0.21207177814029363,
                    "f1-score": 0.22669471067763894,
                    "support": 613.0
                }
            },
            "auroc_per_class": {
                "class_0": 0.49883154819863684,
                "class_1": 0.4486028156996587,
                "class_2": 0.5938000582495995,
                "class_3": 0.4982309002751933
            }
        },
        {
            "fold": 3,
            "accuracy": 0.24143556280587275,
            "auroc": 0.5545343620968707,
            "n_train_samples": 2451,
            "n_test_samples": 613,
            "classification_report": {
                "0": {
                    "precision": 0.330188679245283,
                    "recall": 0.18716577540106952,
                    "f1-score": 0.23890784982935154,
                    "support": 187.0
                },
                "1": {
                    "precision": 0.02262443438914027,
                    "recall": 0.3333333333333333,
                    "f1-score": 0.0423728813559322,
                    "support": 15.0
                },
                "2": {
                    "precision": 0.4918032786885246,
                    "recall": 0.23715415019762845,
                    "f1-score": 0.32,
                    "support": 253.0
                },
                "3": {
                    "precision": 0.2926829268292683,
                    "recall": 0.3037974683544304,
                    "f1-score": 0.2981366459627329,
                    "support": 158.0
                },
                "accuracy": 0.24143556280587275,
                "macro avg": {
                    "precision": 0.284324829788054,
                    "recall": 0.26536268182161543,
                    "f1-score": 0.22485434428700415,
                    "support": 613.0
                },
                "weighted avg": {
                    "precision": 0.37969784907328896,
                    "recall": 0.24143556280587275,
                    "f1-score": 0.28283352561262565,
                    "support": 613.0
                }
            },
            "auroc_per_class": {
                "class_0": 0.5151766212246742,
                "class_1": 0.5849498327759197,
                "class_2": 0.5882850241545894,
                "class_3": 0.5297259702322994
            }
        },
        {
            "fold": 4,
            "accuracy": 0.24306688417618272,
            "auroc": 0.5271211078161863,
            "n_train_samples": 2451,
            "n_test_samples": 613,
            "classification_report": {
                "0": {
                    "precision": 0.21025641025641026,
                    "recall": 0.422680412371134,
                    "f1-score": 0.2808219178082192,
                    "support": 97.0
                },
                "1": {
                    "precision": 0.048484848484848485,
                    "recall": 0.34782608695652173,
                    "f1-score": 0.0851063829787234,
                    "support": 23.0
                },
                "2": {
                    "precision": 0.32926829268292684,
                    "recall": 0.31213872832369943,
                    "f1-score": 0.32047477744807124,
                    "support": 173.0
                },
                "3": {
                    "precision": 0.5168539325842697,
                    "recall": 0.14375,
                    "f1-score": 0.22493887530562348,
                    "support": 320.0
                },
                "accuracy": 0.24306688417618272,
                "macro avg": {
                    "precision": 0.27621587100211387,
                    "recall": 0.3065988069128388,
                    "f1-score": 0.22783548838515935,
                    "support": 613.0
                },
                "weighted avg": {
                    "precision": 0.3978249532971223,
                    "recall": 0.24306688417618272,
                    "f1-score": 0.2554971442613764,
                    "support": 613.0
                }
            },
            "auroc_per_class": {
                "class_0": 0.5791576760169423,
                "class_1": 0.43345615327929254,
                "class_2": 0.5643326326852338,