{
    "subject_id": 3,
    "trial_id": 0,
    "eval_name": "global_flow_angle",
    "k_folds": 5,
    "mean_accuracy": 0.24798817708667995,
    "std_accuracy": 0.022662534441957725,
    "fold_results": [
        {
            "fold": 1,
            "accuracy": 0.22531645569620254,
            "auroc": 0.47764557311120076,
            "n_train_samples": 1577,
            "n_test_samples": 395,
            "classification_report": {
                "0": {
                    "precision": 0.23529411764705882,
                    "recall": 0.17094017094017094,
                    "f1-score": 0.19801980198019803,
                    "support": 117.0
                },
                "1": {
                    "precision": 0.22330097087378642,
                    "recall": 0.27058823529411763,
                    "f1-score": 0.24468085106382978,
                    "support": 85.0
                },
                "2": {
                    "precision": 0.20238095238095238,
                    "recall": 0.20481927710843373,
                    "f1-score": 0.20359281437125748,
                    "support": 83.0
                },
                "3": {
                    "precision": 0.23577235772357724,
                    "recall": 0.2636363636363636,
                    "f1-score": 0.24892703862660945,
                    "support": 110.0
                },
                "accuracy": 0.22531645569620254,
                "macro avg": {
                    "precision": 0.2241870996563437,
                    "recall": 0.22749601174477146,
                    "f1-score": 0.2238051265104737,
                    "support": 395.0
                },
                "weighted avg": {
                    "precision": 0.22593056376250703,
                    "recall": 0.22531645569620254,
                    "f1-score": 0.22340852408569647,
                    "support": 395.0
                }
            },
            "auroc_per_class": {
                "class_0": 0.4713767447580398,
                "class_1": 0.5209867172675522,
                "class_2": 0.47729379054680265,
                "class_3": 0.4409250398724083
            }
        },
        {
            "fold": 2,
            "accuracy": 0.2379746835443038,
            "auroc": 0.48805202693214056,
            "n_train_samples": 1577,
            "n_test_samples": 395,
            "classification_report": {
                "0": {
                    "precision": 0.19148936170212766,
                    "recall": 0.20224719101123595,
                    "f1-score": 0.19672131147540983,
                    "support": 89.0
                },
                "1": {
                    "precision": 0.2727272727272727,
                    "recall": 0.23076923076923078,
                    "f1-score": 0.25,
                    "support": 117.0
                },
                "2": {
                    "precision": 0.22580645161290322,
                    "recall": 0.22826086956521738,
                    "f1-score": 0.22702702702702704,
                    "support": 92.0
                },
                "3": {
                    "precision": 0.25688073394495414,
                    "recall": 0.28865979381443296,
                    "f1-score": 0.27184466019417475,
                    "support": 97.0
                },
                "accuracy": 0.2379746835443038,
                "macro avg": {
                    "precision": 0.23672595499681442,
                    "recall": 0.23748427129002928,
                    "f1-score": 0.2363982496741529,
                    "support": 395.0
                },
                "weighted avg": {
                    "precision": 0.2396032122572859,
                    "recall": 0.2379746835443038,
                    "f1-score": 0.23800915252312133,
                    "support": 395.0
                }
            },
            "auroc_per_class": {
                "class_0": 0.4758390247484761,
                "class_1": 0.49784787554571724,
                "class_2": 0.4603242932988951,
                "class_3": 0.5181969141354735
            }
        },
        {
            "fold": 3,
            "accuracy": 0.28426395939086296,
            "auroc": 0.5289797866032414,
            "n_train_samples": 1578,
            "n_test_samples": 394,
            "classification_report": {
                "0": {
                    "precision": 0.3229166666666667,
                    "recall": 0.29245283018867924,
                    "f1-score": 0.3069306930693069,
                    "support": 106.0
                },
                "1": {
                    "precision": 0.23577235772357724,
                    "recall": 0.3333333333333333,
                    "f1-score": 0.2761904761904762,
                    "support": 87.0
                },
                "2": {
                    "precision": 0.32142857142857145,
                    "recall": 0.2903225806451613,
                    "f1-score": 0.3050847457627119,
                    "support": 93.0
                },
                "3": {
                    "precision": 0.27472527472527475,
                    "recall": 0.23148148148148148,
                    "f1-score": 0.25125628140703515,
                    "support": 108.0
                },
                "accuracy": 0.28426395939086296,
                "macro avg": {
                    "precision": 0.2887107176360225,
                    "recall": 0.2868975564121638,
                    "f1-score": 0.28486554910738254,
                    "support": 394.0
                },
                "weighted avg": {
                    "precision": 0.2901130675172708,
                    "recall": 0.28426395939086296,
                    "f1-score": 0.28444615391322325,
                    "support": 394.0
                }
            },
            "auroc_per_class": {
                "class_0": 0.5417976939203354,
                "class_1": 0.5025646785727657,
                "class_2": 0.5365269888900797,
                "class_3": 0.535029785029785
            }
        },
        {
            "fold": 4,
            "accuracy": 0.2639593908629442,
            "auroc": 0.511733731372824,
            "n_train_samples": 1578,
            "n_test_samples": 394,
            "classification_report": {
                "0": {
                    "precision": 0.19444444444444445,
                    "recall": 0.26582278481012656,
                    "f1-score": 0.22459893048128343,
                    "support": 79.0
                },
                "1": {
                    "precision": 0.31868131868131866,
                    "recall": 0.24166666666666667,
                    "f1-score": 0.27488151658767773,
                    "support": 120.0
                },
                "2": {
                    "precision": 0.3368421052631579,
                    "recall": 0.2601626016260163,
                    "f1-score": 0.29357798165137616,
                    "support": 123.0
                },
                "3": {
                    "precision": 0.22,
                    "recall": 0.3055555555555556,
                    "f1-score": 0.2558139534883721,
                    "support": 72.0
                },
                "accuracy": 0.2639593908629442,
                "macro avg": {
                    "precision": 0.2674919670972302,
                    "recall": 0.26830190216459127,
                    "f1-score": 0.26221809555217734,
                    "support": 394.0
                },
                "weighted avg": {
                    "precision": 0.28140722918842076,
                    "recall": 0.2639593908629442,
                    "f1-score": 0.26715176114930145,
                    "support": 394.0
                }
            },
            "auroc_per_class": {
                "class_0": 0.5015873015873016,
                "class_1": 0.5089720194647201,
                "class_2": 0.5142051420514205,