{
    "subject_id": 8,
    "trial_id": 0,
    "eval_name": "gpt2_surprisal",
    "k_folds": 5,
    "mean_accuracy": 0.5172694235588973,
    "std_accuracy": 0.013601032008012017,
    "fold_results": [
        {
            "fold": 1,
            "accuracy": 0.5125,
            "auroc": 0.514720351169303,
            "n_train_samples": 1597,
            "n_test_samples": 400,
            "classification_report": {
                "0": {
                    "precision": 0.465,
                    "recall": 0.5138121546961326,
                    "f1-score": 0.4881889763779528,
                    "support": 181.0
                },
                "1": {
                    "precision": 0.56,
                    "recall": 0.5114155251141552,
                    "f1-score": 0.5346062052505967,
                    "support": 219.0
                },
                "accuracy": 0.5125,
                "macro avg": {
                    "precision": 0.5125000000000001,
                    "recall": 0.5126138399051439,
                    "f1-score": 0.5113975908142747,
                    "support": 400.0
                },
                "weighted avg": {
                    "precision": 0.5170125,
                    "recall": 0.5125,
                    "f1-score": 0.5136024091857253,
                    "support": 400.0
                }
            }
        },
        {
            "fold": 2,
            "accuracy": 0.535,
            "auroc": 0.5461886547163679,
            "n_train_samples": 1597,
            "n_test_samples": 400,
            "classification_report": {
                "0": {
                    "precision": 0.5314009661835749,
                    "recall": 0.5527638190954773,
                    "f1-score": 0.541871921182266,
                    "support": 199.0
                },
                "1": {
                    "precision": 0.538860103626943,
                    "recall": 0.5174129353233831,
                    "f1-score": 0.5279187817258884,
                    "support": 201.0
                },
                "accuracy": 0.535,
                "macro avg": {
                    "precision": 0.535130534905259,
                    "recall": 0.5350883772094301,
                    "f1-score": 0.5348953514540772,
                    "support": 400.0
                },
                "weighted avg": {
                    "precision": 0.5351491827488674,
                    "recall": 0.535,
                    "f1-score": 0.5348604686054362,
                    "support": 400.0
                }
            }
        },
        {
            "fold": 3,
            "accuracy": 0.5137844611528822,
            "auroc": 0.5091297591297591,
            "n_train_samples": 1598,
            "n_test_samples": 399,
            "classification_report": {
                "0": {
                    "precision": 0.43612334801762115,
                    "recall": 0.6,
                    "f1-score": 0.5051020408163265,
                    "support": 165.0
                },
                "1": {
                    "precision": 0.6162790697674418,
                    "recall": 0.452991452991453,
                    "f1-score": 0.5221674876847291,
                    "support": 234.0
                },
                "accuracy": 0.5137844611528822,
                "macro avg": {
                    "precision": 0.5262012088925315,
                    "recall": 0.5264957264957265,
                    "f1-score": 0.5136347642505278,
                    "support": 399.0
                },
                "weighted avg": {
                    "precision": 0.5417785833295461,
                    "recall": 0.5137844611528822,
                    "f1-score": 0.5151103480023069,
                    "support": 399.0
                }
            }
        },
        {
            "fold": 4,
            "accuracy": 0.5288220551378446,
            "auroc": 0.5419540229885058,
            "n_train_samples": 1598,
            "n_test_samples": 399,
            "classification_report": {
                "0": {
                    "precision": 0.6094674556213018,
                    "recall": 0.4577777777777778,
                    "f1-score": 0.5228426395939086,
                    "support": 225.0
                },
                "1": {
                    "precision": 0.46956521739130436,
                    "recall": 0.6206896551724138,
                    "f1-score": 0.5346534653465347,
                    "support": 174.0
                },
                "accuracy": 0.5288220551378446,
                "macro avg": {
                    "precision": 0.539516336506303,
                    "recall": 0.5392337164750958,
                    "f1-score": 0.5287480524702217,
                    "support": 399.0
                },
                "weighted avg": {
                    "precision": 0.5484574569946863,
                    "recall": 0.5288220551378446,
                    "f1-score": 0.5279932252604674,
                    "support": 399.0
                }
            }
        },
        {
            "fold": 5,
            "accuracy": 0.49624060150375937,
            "auroc": 0.4932057539172875,
            "n_train_samples": 1598,
            "n_test_samples": 399,
            "classification_report": {
                "0": {
                    "precision": 0.5654205607476636,
                    "recall": 0.5283842794759825,
                    "f1-score": 0.54627539503386,
                    "support": 229.0
                },
                "1": {
                    "precision": 0.41621621621621624,
                    "recall": 0.45294117647058824,
                    "f1-score": 0.43380281690140843,
                    "support": 170.0
                },
                "accuracy": 0.49624060150375937,
                "macro avg": {
                    "precision": 0.4908183884819399,
                    "recall": 0.49066272797328536,
                    "f1-score": 0.4900391059676342,
                    "support": 399.0
                },
                "weighted avg": {
                    "precision": 0.5018497873884004,
                    "recall": 0.49624060150375937,
                    "f1-score": 0.4983547477092566,
                    "support": 399.0
                }
            }
        }
    ],
    "n_classes": 2
}