{
    "subject_id": 8,
    "trial_id": 0,
    "eval_name": "onset",
    "k_folds": 5,
    "mean_accuracy": 0.585658349718625,
    "std_accuracy": 0.0331777058724632,
    "fold_results": [
        {
            "fold": 1,
            "accuracy": 0.5959302325581395,
            "auroc": 0.6228366684694429,
            "n_train_samples": 1372,
            "n_test_samples": 344,
            "classification_report": {
                "0": {
                    "precision": 0.5854922279792746,
                    "recall": 0.6569767441860465,
                    "f1-score": 0.6191780821917808,
                    "support": 172.0
                },
                "1": {
                    "precision": 0.609271523178808,
                    "recall": 0.5348837209302325,
                    "f1-score": 0.5696594427244582,
                    "support": 172.0
                },
                "accuracy": 0.5959302325581395,
                "macro avg": {
                    "precision": 0.5973818755790412,
                    "recall": 0.5959302325581395,
                    "f1-score": 0.5944187624581195,
                    "support": 344.0
                },
                "weighted avg": {
                    "precision": 0.5973818755790413,
                    "recall": 0.5959302325581395,
                    "f1-score": 0.5944187624581195,
                    "support": 344.0
                }
            }
        },
        {
            "fold": 2,
            "accuracy": 0.5830903790087464,
            "auroc": 0.6140350877192982,
            "n_train_samples": 1373,
            "n_test_samples": 343,
            "classification_report": {
                "0": {
                    "precision": 0.5795454545454546,
                    "recall": 0.5964912280701754,
                    "f1-score": 0.5878962536023055,
                    "support": 171.0
                },
                "1": {
                    "precision": 0.5868263473053892,
                    "recall": 0.5697674418604651,
                    "f1-score": 0.5781710914454278,
                    "support": 172.0
                },
                "accuracy": 0.5830903790087464,
                "macro avg": {
                    "precision": 0.5831859009254219,
                    "recall": 0.5831293349653203,
                    "f1-score": 0.5830336725238666,
                    "support": 343.0
                },
                "weighted avg": {
                    "precision": 0.5831965144717192,
                    "recall": 0.5830903790087464,
                    "f1-score": 0.5830194959026467,
                    "support": 343.0
                }
            }
        },
        {
            "fold": 3,
            "accuracy": 0.5422740524781341,
            "auroc": 0.5535835713314293,
            "n_train_samples": 1373,
            "n_test_samples": 343,
            "classification_report": {
                "0": {
                    "precision": 0.5539568345323741,
                    "recall": 0.4476744186046512,
                    "f1-score": 0.49517684887459806,
                    "support": 172.0
                },
                "1": {
                    "precision": 0.5343137254901961,
                    "recall": 0.6374269005847953,
                    "f1-score": 0.5813333333333334,
                    "support": 171.0
                },
                "accuracy": 0.5422740524781341,
                "macro avg": {
                    "precision": 0.5441352800112851,
                    "recall": 0.5425506595947233,
                    "f1-score": 0.5382550911039657,
                    "support": 343.0
                },
                "weighted avg": {
                    "precision": 0.5441639142810258,
                    "recall": 0.5422740524781341,
                    "f1-score": 0.5381294985610229,
                    "support": 343.0
                }
            }
        },
        {
            "fold": 4,
            "accuracy": 0.641399416909621,
            "auroc": 0.6888684890520876,
            "n_train_samples": 1373,
            "n_test_samples": 343,
            "classification_report": {
                "0": {
                    "precision": 0.6643835616438356,
                    "recall": 0.5672514619883041,
                    "f1-score": 0.61198738170347,
                    "support": 171.0
                },
                "1": {
                    "precision": 0.6243654822335025,
                    "recall": 0.7151162790697675,
                    "f1-score": 0.6666666666666666,
                    "support": 172.0
                },
                "accuracy": 0.641399416909621,
                "macro avg": {
                    "precision": 0.6443745219386691,
                    "recall": 0.6411838705290358,
                    "f1-score": 0.6393270241850684,
                    "support": 343.0
                },
                "weighted avg": {
                    "precision": 0.6443161865459427,
                    "recall": 0.641399416909621,
                    "f1-score": 0.639406731597551,
                    "support": 343.0
                }
            }
        },
        {
            "fold": 5,
            "accuracy": 0.565597667638484,
            "auroc": 0.5846593227254182,
            "n_train_samples": 1373,
            "n_test_samples": 343,
            "classification_report": {
                "0": {
                    "precision": 0.5688622754491018,
                    "recall": 0.5523255813953488,
                    "f1-score": 0.56047197640118,
                    "support": 172.0
                },
                "1": {
                    "precision": 0.5625,
                    "recall": 0.5789473684210527,
                    "f1-score": 0.5706051873198847,
                    "support": 171.0
                },
                "accuracy": 0.565597667638484,
                "macro avg": {
                    "precision": 0.565681137724551,
                    "recall": 0.5656364749082008,
                    "f1-score": 0.5655385818605323,
                    "support": 343.0
                },
                "weighted avg": {
                    "precision": 0.5656904121785583,
                    "recall": 0.565597667638484,
                    "f1-score": 0.5655238104160444,
                    "support": 343.0
                }
            }
        }
    ],
    "n_classes": 2
}