{
    "subject_id": 4,
    "trial_id": 1,
    "eval_name": "word_head_pos",
    "k_folds": 5,
    "mean_accuracy": 0.4994634502334868,
    "std_accuracy": 0.013331443193011902,
    "fold_results": [
        {
            "fold": 1,
            "accuracy": 0.49498327759197325,
            "auroc": 0.49598489568785853,
            "n_train_samples": 5979,
            "n_test_samples": 1495,
            "classification_report": {
                "0": {
                    "precision": 0.4845222072678331,
                    "recall": 0.4918032786885246,
                    "f1-score": 0.488135593220339,
                    "support": 732.0
                },
                "1": {
                    "precision": 0.5053191489361702,
                    "recall": 0.4980340760157274,
                    "f1-score": 0.5016501650165016,
                    "support": 763.0
                },
                "accuracy": 0.49498327759197325,
                "macro avg": {
                    "precision": 0.4949206781020017,
                    "recall": 0.494918677352126,
                    "f1-score": 0.4948928791184203,
                    "support": 1495.0
                },
                "weighted avg": {
                    "precision": 0.4951362985674594,
                    "recall": 0.49498327759197325,
                    "f1-score": 0.49503299675242735,
                    "support": 1495.0
                }
            }
        },
        {
            "fold": 2,
            "accuracy": 0.5076923076923077,
            "auroc": 0.5194964433131782,
            "n_train_samples": 5979,
            "n_test_samples": 1495,
            "classification_report": {
                "0": {
                    "precision": 0.5146443514644351,
                    "recall": 0.48745046235138706,
                    "f1-score": 0.5006784260515604,
                    "support": 757.0
                },
                "1": {
                    "precision": 0.5012853470437018,
                    "recall": 0.5284552845528455,
                    "f1-score": 0.5145118733509235,
                    "support": 738.0
                },
                "accuracy": 0.5076923076923077,
                "macro avg": {
                    "precision": 0.5079648492540685,
                    "recall": 0.5079528734521163,
                    "f1-score": 0.507595149701242,
                    "support": 1495.0
                },
                "weighted avg": {
                    "precision": 0.5080497392487152,
                    "recall": 0.5076923076923077,
                    "f1-score": 0.5075072448521825,
                    "support": 1495.0
                }
            }
        },
        {
            "fold": 3,
            "accuracy": 0.5210702341137123,
            "auroc": 0.5235935671154033,
            "n_train_samples": 5979,
            "n_test_samples": 1495,
            "classification_report": {
                "0": {
                    "precision": 0.5194300518134715,
                    "recall": 0.5375335120643432,
                    "f1-score": 0.52832674571805,
                    "support": 746.0
                },
                "1": {
                    "precision": 0.5228215767634855,
                    "recall": 0.5046728971962616,
                    "f1-score": 0.5135869565217391,
                    "support": 749.0
                },
                "accuracy": 0.5210702341137123,
                "macro avg": {
                    "precision": 0.5211258142884785,
                    "recall": 0.5211032046303024,
                    "f1-score": 0.5209568511198945,
                    "support": 1495.0
                },
                "weighted avg": {
                    "precision": 0.5211292171563213,
                    "recall": 0.5210702341137123,
                    "f1-score": 0.5209420620337445,
                    "support": 1495.0
                }
            }
        },
        {
            "fold": 4,
            "accuracy": 0.4842809364548495,
            "auroc": 0.5093987586443881,
            "n_train_samples": 5979,
            "n_test_samples": 1495,
            "classification_report": {
                "0": {
                    "precision": 0.487146529562982,
                    "recall": 0.5046604527296937,
                    "f1-score": 0.49574885546108566,
                    "support": 751.0
                },
                "1": {
                    "precision": 0.4811715481171548,
                    "recall": 0.4637096774193548,
                    "f1-score": 0.4722792607802875,
                    "support": 744.0
                },
                "accuracy": 0.4842809364548495,
                "macro avg": {
                    "precision": 0.4841590388400684,
                    "recall": 0.4841850650745243,
                    "f1-score": 0.48401405812068654,
                    "support": 1495.0
                },
                "weighted avg": {
                    "precision": 0.4841730270909449,
                    "recall": 0.4842809364548495,
                    "f1-score": 0.4840690036600731,
                    "support": 1495.0
                }
            }
        },
        {
            "fold": 5,
            "accuracy": 0.4892904953145917,
            "auroc": 0.4995618224601384,
            "n_train_samples": 5980,
            "n_test_samples": 1494,
            "classification_report": {
                "0": {
                    "precision": 0.4926289926289926,
                    "recall": 0.5339547270306259,
                    "f1-score": 0.5124600638977636,
                    "support": 751.0
                },
                "1": {
                    "precision": 0.4852941176470588,
                    "recall": 0.44414535666218036,
                    "f1-score": 0.46380885453267745,
                    "support": 743.0
                },
                "accuracy": 0.4892904953145917,
                "macro avg": {
                    "precision": 0.48896155513802575,
                    "recall": 0.4890500418464031,
                    "f1-score": 0.4881344592152205,
                    "support": 1494.0
                },
                "weighted avg": {
                    "precision": 0.48898119335752216,
                    "recall": 0.4892904953145917,
                    "f1-score": 0.48826471680388206,
                    "support": 1494.0
                }
            }
        }
    ],
    "n_classes": 2
}