{
    "subject_id": 9,
    "trial_id": 0,
    "eval_name": "pitch",
    "k_folds": 5,
    "mean_accuracy": 0.4939703791241521,
    "std_accuracy": 0.008772065199706084,
    "fold_results": [
        {
            "fold": 1,
            "accuracy": 0.4950711938663746,
            "auroc": 0.5040491667073945,
            "n_train_samples": 3648,
            "n_test_samples": 913,
            "classification_report": {
                "0": {
                    "precision": 0.42567567567567566,
                    "recall": 0.47848101265822784,
                    "f1-score": 0.4505363528009535,
                    "support": 395.0
                },
                "1": {
                    "precision": 0.5607675906183369,
                    "recall": 0.5077220077220077,
                    "f1-score": 0.5329280648429585,
                    "support": 518.0
                },
                "accuracy": 0.4950711938663746,
                "macro avg": {
                    "precision": 0.4932216331470063,
                    "recall": 0.4931015101901178,
                    "f1-score": 0.491732208821956,
                    "support": 913.0
                },
                "weighted avg": {
                    "precision": 0.5023214718862984,
                    "recall": 0.4950711938663746,
                    "f1-score": 0.497282143422814,
                    "support": 913.0
                }
            }
        },
        {
            "fold": 2,
            "accuracy": 0.4901315789473684,
            "auroc": 0.4786275200464124,
            "n_train_samples": 3649,
            "n_test_samples": 912,
            "classification_report": {
                "0": {
                    "precision": 0.34515366430260047,
                    "recall": 0.437125748502994,
                    "f1-score": 0.3857331571994716,
                    "support": 334.0
                },
                "1": {
                    "precision": 0.6155419222903885,
                    "recall": 0.5207612456747405,
                    "f1-score": 0.5641986879100281,
                    "support": 578.0
                },
                "accuracy": 0.4901315789473684,
                "macro avg": {
                    "precision": 0.48034779329649446,
                    "recall": 0.47894349708886724,
                    "f1-score": 0.4749659225547499,
                    "support": 912.0
                },
                "weighted avg": {
                    "precision": 0.5165181523694223,
                    "recall": 0.4901315789473684,
                    "f1-score": 0.4988396010050655,
                    "support": 912.0
                }
            }
        },
        {
            "fold": 3,
            "accuracy": 0.5098684210526315,
            "auroc": 0.5331800073134587,
            "n_train_samples": 3649,
            "n_test_samples": 912,
            "classification_report": {
                "0": {
                    "precision": 0.5188866799204771,
                    "recall": 0.5600858369098712,
                    "f1-score": 0.5386996904024768,
                    "support": 466.0
                },
                "1": {
                    "precision": 0.49877750611246946,
                    "recall": 0.45739910313901344,
                    "f1-score": 0.47719298245614034,
                    "support": 446.0
                },
                "accuracy": 0.5098684210526315,
                "macro avg": {
                    "precision": 0.5088320930164733,
                    "recall": 0.5087424700244423,
                    "f1-score": 0.5079463364293085,
                    "support": 912.0
                },
                "weighted avg": {
                    "precision": 0.5090525883433155,
                    "recall": 0.5098684210526315,
                    "f1-score": 0.5086207520866148,
                    "support": 912.0
                }
            }
        },
        {
            "fold": 4,
            "accuracy": 0.48355263157894735,
            "auroc": 0.4738683667911609,
            "n_train_samples": 3649,
            "n_test_samples": 912,
            "classification_report": {
                "0": {
                    "precision": 0.5361050328227571,
                    "recall": 0.4861111111111111,
                    "f1-score": 0.5098855359001041,
                    "support": 504.0
                },
                "1": {
                    "precision": 0.4307692307692308,
                    "recall": 0.4803921568627451,
                    "f1-score": 0.4542294322132097,
                    "support": 408.0
                },
                "accuracy": 0.48355263157894735,
                "macro avg": {
                    "precision": 0.48343713179599396,
                    "recall": 0.4832516339869281,
                    "f1-score": 0.48205748405665694,
                    "support": 912.0
                },
                "weighted avg": {
                    "precision": 0.48898112137775845,
                    "recall": 0.48355263157894735,
                    "f1-score": 0.4849867526717566,
                    "support": 912.0
                }
            }
        },
        {
            "fold": 5,
            "accuracy": 0.49122807017543857,
            "auroc": 0.4847209205456628,
            "n_train_samples": 3649,
            "n_test_samples": 912,
            "classification_report": {
                "0": {
                    "precision": 0.621900826446281,
                    "recall": 0.5171821305841925,
                    "f1-score": 0.5647279549718575,
                    "support": 582.0
                },
                "1": {
                    "precision": 0.34345794392523366,
                    "recall": 0.44545454545454544,
                    "f1-score": 0.38786279683377306,
                    "support": 330.0
                },
                "accuracy": 0.49122807017543857,
                "macro avg": {
                    "precision": 0.4826793851857573,
                    "recall": 0.48131833801936896,
                    "f1-score": 0.47629537590281523,
                    "support": 912.0
                },
                "weighted avg": {
                    "precision": 0.5211484676393231,
                    "recall": 0.4912280701754387,
                    "f1-score": 0.5007306938034717,
                    "support": 912.0
                }
            }
        }
    ],
    "n_classes": 2
}