{
    "subject_id": 2,
    "trial_id": 6,
    "eval_name": "local_flow_angle",
    "k_folds": 5,
    "mean_accuracy": 0.24717021051518034,
    "std_accuracy": 0.04828370862160558,
    "fold_results": [
        {
            "fold": 1,
            "accuracy": 0.2608695652173913,
            "auroc": 0.5119855894349632,
            "n_train_samples": 550,
            "n_test_samples": 138,
            "classification_report": {
                "0": {
                    "precision": 0.375,
                    "recall": 0.24,
                    "f1-score": 0.2926829268292683,
                    "support": 50.0
                },
                "1": {
                    "precision": 0.03333333333333333,
                    "recall": 0.045454545454545456,
                    "f1-score": 0.038461538461538464,
                    "support": 22.0
                },
                "2": {
                    "precision": 0.3,
                    "recall": 0.35294117647058826,
                    "f1-score": 0.32432432432432434,
                    "support": 34.0
                },
                "3": {
                    "precision": 0.3055555555555556,
                    "recall": 0.34375,
                    "f1-score": 0.3235294117647059,
                    "support": 32.0
                },
                "accuracy": 0.2608695652173913,
                "macro avg": {
                    "precision": 0.2534722222222222,
                    "recall": 0.24553643048128343,
                    "f1-score": 0.24474955034495927,
                    "support": 138.0
                },
                "weighted avg": {
                    "precision": 0.2859500805152979,
                    "recall": 0.2608695652173913,
                    "f1-score": 0.26710339413851364,
                    "support": 138.0
                }
            },
            "auroc_per_class": {
                "class_0": 0.5447727272727273,
                "class_1": 0.37186520376175547,
                "class_2": 0.5528846153846153,
                "class_3": 0.5784198113207547
            }
        },
        {
            "fold": 2,
            "accuracy": 0.2753623188405797,
            "auroc": 0.4909984332734374,
            "n_train_samples": 550,
            "n_test_samples": 138,
            "classification_report": {
                "0": {
                    "precision": 0.23728813559322035,
                    "recall": 0.4117647058823529,
                    "f1-score": 0.3010752688172043,
                    "support": 34.0
                },
                "1": {
                    "precision": 0.07142857142857142,
                    "recall": 0.10526315789473684,
                    "f1-score": 0.0851063829787234,
                    "support": 19.0
                },
                "2": {
                    "precision": 0.3333333333333333,
                    "recall": 0.15217391304347827,
                    "f1-score": 0.208955223880597,
                    "support": 46.0
                },
                "3": {
                    "precision": 0.5,
                    "recall": 0.38461538461538464,
                    "f1-score": 0.43478260869565216,
                    "support": 39.0
                },
                "accuracy": 0.2753623188405797,
                "macro avg": {
                    "precision": 0.28551251008878126,
                    "recall": 0.26345429035898815,
                    "f1-score": 0.2574798710930442,
                    "support": 138.0
                },
                "weighted avg": {
                    "precision": 0.3207121217438093,
                    "recall": 0.2753623188405797,
                    "f1-score": 0.27842059749288833,
                    "support": 138.0
                }
            },
            "auroc_per_class": {
                "class_0": 0.48557692307692313,
                "class_1": 0.3918620079610792,
                "class_2": 0.5170132325141776,
                "class_3": 0.5695415695415695
            }
        },
        {
            "fold": 3,
            "accuracy": 0.15217391304347827,
            "auroc": 0.48912204344155025,
            "n_train_samples": 550,
            "n_test_samples": 138,
            "classification_report": {
                "0": {
                    "precision": 0.06818181818181818,
                    "recall": 0.42857142857142855,
                    "f1-score": 0.11764705882352941,
                    "support": 7.0
                },
                "1": {
                    "precision": 0.5384615384615384,
                    "recall": 0.07608695652173914,
                    "f1-score": 0.13333333333333333,
                    "support": 92.0
                },
                "2": {
                    "precision": 0.04,
                    "recall": 0.3333333333333333,
                    "f1-score": 0.07142857142857142,
                    "support": 6.0
                },
                "3": {
                    "precision": 0.2903225806451613,
                    "recall": 0.2727272727272727,
                    "f1-score": 0.28125,
                    "support": 33.0
                },
                "accuracy": 0.15217391304347827,
                "macro avg": {
                    "precision": 0.2342414843221295,
                    "recall": 0.2776797477884434,
                    "f1-score": 0.15091474089635853,
                    "support": 138.0
                },
                "weighted avg": {
                    "precision": 0.4335969523697433,
                    "recall": 0.15217391304347827,
                    "f1-score": 0.16521751816668695,
                    "support": 138.0
                }
            },
            "auroc_per_class": {
                "class_0": 0.47219193020719735,
                "class_1": 0.47967863894139884,
                "class_2": 0.494949494949495,
                "class_3": 0.5096681096681097
            }
        },
        {
            "fold": 4,
            "accuracy": 0.2846715328467153,
            "auroc": 0.5324469666409073,
            "n_train_samples": 551,
            "n_test_samples": 137,
            "classification_report": {
                "0": {
                    "precision": 0.48,
                    "recall": 0.3076923076923077,
                    "f1-score": 0.375,
                    "support": 39.0
                },
                "1": {
                    "precision": 0.08695652173913043,
                    "recall": 0.23529411764705882,
                    "f1-score": 0.12698412698412698,
                    "support": 17.0
                },
                "2": {
                    "precision": 0.35714285714285715,
                    "recall": 0.23809523809523808,
                    "f1-score": 0.2857142857142857,
                    "support": 42.0
                },
                "3": {
                    "precision": 0.34210526315789475,
                    "recall": 0.3333333333333333,
                    "f1-score": 0.33766233766233766,
                    "support": 39.0
                },
                "accuracy": 0.2846715328467153,
                "macro avg": {
                    "precision": 0.31655116050997056,
                    "recall": 0.2786037491919845,
                    "f1-score": 0.2813401875901876,
                    "support": 137.0
                },
                "weighted avg": {
                    "precision": 0.35430924184469426,
                    "recall": 0.2846715328467153,
                    "f1-score": 0.30622307538365934,
                    "support": 137.0
                }
            },
            "auroc_per_class": {
                "class_0": 0.6899529042386184,
                "class_1": 0.4441176470588235,
                "class_2": 0.4962406015037594,
                "class_3": 0.499476713762428
            }
        },
        {
            "fold": 5,