{
    "subject_id": 2,
    "trial_id": 6,
    "eval_name": "delta_volume",
    "k_folds": 5,
    "mean_accuracy": 0.5392592592592592,
    "std_accuracy": 0.0230845051031496,
    "fold_results": [
        {
            "fold": 1,
            "accuracy": 0.5362962962962963,
            "auroc": 0.5657074424993837,
            "n_train_samples": 2700,
            "n_test_samples": 675,
            "classification_report": {
                "0": {
                    "precision": 0.5609065155807366,
                    "recall": 0.5561797752808989,
                    "f1-score": 0.5585331452750353,
                    "support": 356.0
                },
                "1": {
                    "precision": 0.5093167701863354,
                    "recall": 0.5141065830721003,
                    "f1-score": 0.5117004680187207,
                    "support": 319.0
                },
                "accuracy": 0.5362962962962963,
                "macro avg": {
                    "precision": 0.535111642883536,
                    "recall": 0.5351431791764996,
                    "f1-score": 0.535116806646878,
                    "support": 675.0
                },
                "weighted avg": {
                    "precision": 0.5365255840536047,
                    "recall": 0.5362962962962963,
                    "f1-score": 0.5364003689124214,
                    "support": 675.0
                }
            }
        },
        {
            "fold": 2,
            "accuracy": 0.5037037037037037,
            "auroc": 0.5019643077356728,
            "n_train_samples": 2700,
            "n_test_samples": 675,
            "classification_report": {
                "0": {
                    "precision": 0.5327380952380952,
                    "recall": 0.5014005602240896,
                    "f1-score": 0.5165945165945166,
                    "support": 357.0
                },
                "1": {
                    "precision": 0.4749262536873156,
                    "recall": 0.5062893081761006,
                    "f1-score": 0.4901065449010654,
                    "support": 318.0
                },
                "accuracy": 0.5037037037037037,
                "macro avg": {
                    "precision": 0.5038321744627055,
                    "recall": 0.5038449342000951,
                    "f1-score": 0.503350530747791,
                    "support": 675.0
                },
                "weighted avg": {
                    "precision": 0.5055022943297279,
                    "recall": 0.5037037037037037,
                    "f1-score": 0.5041157388189352,
                    "support": 675.0
                }
            }
        },
        {
            "fold": 3,
            "accuracy": 0.5288888888888889,
            "auroc": 0.5311315933242867,
            "n_train_samples": 2700,
            "n_test_samples": 675,
            "classification_report": {
                "0": {
                    "precision": 0.49850746268656715,
                    "recall": 0.526813880126183,
                    "f1-score": 0.5122699386503068,
                    "support": 317.0
                },
                "1": {
                    "precision": 0.5588235294117647,
                    "recall": 0.5307262569832403,
                    "f1-score": 0.5444126074498568,
                    "support": 358.0
                },
                "accuracy": 0.5288888888888889,
                "macro avg": {
                    "precision": 0.5286654960491659,
                    "recall": 0.5287700685547116,
                    "f1-score": 0.5283412730500818,
                    "support": 675.0
                },
                "weighted avg": {
                    "precision": 0.5304973173348942,
                    "recall": 0.528888888888889,
                    "f1-score": 0.5293174578062163,
                    "support": 675.0
                }
            }
        },
        {
            "fold": 4,
            "accuracy": 0.5703703703703704,
            "auroc": 0.6010609238143911,
            "n_train_samples": 2700,
            "n_test_samples": 675,
            "classification_report": {
                "0": {
                    "precision": 0.5393586005830904,
                    "recall": 0.583596214511041,
                    "f1-score": 0.5606060606060606,
                    "support": 317.0
                },
                "1": {
                    "precision": 0.6024096385542169,
                    "recall": 0.5586592178770949,
                    "f1-score": 0.5797101449275363,
                    "support": 358.0
                },
                "accuracy": 0.5703703703703704,
                "macro avg": {
                    "precision": 0.5708841195686536,
                    "recall": 0.571127716194068,
                    "f1-score": 0.5701581027667983,
                    "support": 675.0
                },
                "weighted avg": {
                    "precision": 0.572799002944073,
                    "recall": 0.5703703703703704,
                    "f1-score": 0.5707383008832283,
                    "support": 675.0
                }
            }
        },
        {
            "fold": 5,
            "accuracy": 0.557037037037037,
            "auroc": 0.5841132983300261,
            "n_train_samples": 2700,
            "n_test_samples": 675,
            "classification_report": {
                "0": {
                    "precision": 0.5621301775147929,
                    "recall": 0.5571847507331378,
                    "f1-score": 0.5596465390279823,
                    "support": 341.0
                },
                "1": {
                    "precision": 0.5519287833827893,
                    "recall": 0.5568862275449101,
                    "f1-score": 0.5543964232488823,
                    "support": 334.0
                },
                "accuracy": 0.557037037037037,
                "macro avg": {
                    "precision": 0.5570294804487911,
                    "recall": 0.5570354891390239,
                    "f1-score": 0.5570214811384323,
                    "support": 675.0
                },
                "weighted avg": {
                    "precision": 0.5570823765665126,
                    "recall": 0.557037037037037,
                    "f1-score": 0.5570487039609906,
                    "support": 675.0
                }
            }
        }
    ],
    "n_classes": 2
}