{
    "subject_id": 8,
    "trial_id": 0,
    "eval_name": "word_index",
    "k_folds": 5,
    "mean_accuracy": 0.2900262311309082,
    "std_accuracy": 0.02279954572224993,
    "fold_results": [
        {
            "fold": 1,
            "accuracy": 0.29555555555555557,
            "auroc": 0.5689041851037411,
            "n_train_samples": 1798,
            "n_test_samples": 450,
            "classification_report": {
                "0": {
                    "precision": 0.36,
                    "recall": 0.2125984251968504,
                    "f1-score": 0.26732673267326734,
                    "support": 127.0
                },
                "1": {
                    "precision": 0.2767857142857143,
                    "recall": 0.2897196261682243,
                    "f1-score": 0.2831050228310502,
                    "support": 107.0
                },
                "2": {
                    "precision": 0.2926829268292683,
                    "recall": 0.34951456310679613,
                    "f1-score": 0.3185840707964602,
                    "support": 103.0
                },
                "3": {
                    "precision": 0.2785714285714286,
                    "recall": 0.34513274336283184,
                    "f1-score": 0.308300395256917,
                    "support": 113.0
                },
                "accuracy": 0.29555555555555557,
                "macro avg": {
                    "precision": 0.3020100174216028,
                    "recall": 0.2992413394586757,
                    "f1-score": 0.29432905538942367,
                    "support": 450.0
                },
                "weighted avg": {
                    "precision": 0.3043577429345722,
                    "recall": 0.29555555555555557,
                    "f1-score": 0.29309963655220966,
                    "support": 450.0
                }
            },
            "auroc_per_class": {
                "class_0": 0.584993052339046,
                "class_1": 0.5356257322688754,
                "class_2": 0.5754175876444418,
                "class_3": 0.5795803681626008
            }
        },
        {
            "fold": 2,
            "accuracy": 0.32666666666666666,
            "auroc": 0.5662404188994465,
            "n_train_samples": 1798,
            "n_test_samples": 450,
            "classification_report": {
                "0": {
                    "precision": 0.32710280373831774,
                    "recall": 0.3153153153153153,
                    "f1-score": 0.3211009174311927,
                    "support": 111.0
                },
                "1": {
                    "precision": 0.29906542056074764,
                    "recall": 0.2962962962962963,
                    "f1-score": 0.29767441860465116,
                    "support": 108.0
                },
                "2": {
                    "precision": 0.3008130081300813,
                    "recall": 0.37,
                    "f1-score": 0.33183856502242154,
                    "support": 100.0
                },
                "3": {
                    "precision": 0.3805309734513274,
                    "recall": 0.3282442748091603,
                    "f1-score": 0.3524590163934426,
                    "support": 131.0
                },
                "accuracy": 0.32666666666666666,
                "macro avg": {
                    "precision": 0.3268780514701185,
                    "recall": 0.32746397160519297,
                    "f1-score": 0.32576822936292704,
                    "support": 450.0
                },
                "weighted avg": {
                    "precision": 0.3300851888236579,
                    "recall": 0.32666666666666666,
                    "f1-score": 0.3269933926532174,
                    "support": 450.0
                }
            },
            "auroc_per_class": {
                "class_0": 0.5755401419118233,
                "class_1": 0.5353855317305609,
                "class_2": 0.5715142857142858,
                "class_3": 0.5825217162411161
            }
        },
        {
            "fold": 3,
            "accuracy": 0.2688888888888889,
            "auroc": 0.5410250382285222,
            "n_train_samples": 1798,
            "n_test_samples": 450,
            "classification_report": {
                "0": {
                    "precision": 0.296875,
                    "recall": 0.35185185185185186,
                    "f1-score": 0.3220338983050847,
                    "support": 108.0
                },
                "1": {
                    "precision": 0.27380952380952384,
                    "recall": 0.18699186991869918,
                    "f1-score": 0.2222222222222222,
                    "support": 123.0
                },
                "2": {
                    "precision": 0.2755905511811024,
                    "recall": 0.28,
                    "f1-score": 0.2777777777777778,
                    "support": 125.0
                },
                "3": {
                    "precision": 0.22522522522522523,
                    "recall": 0.26595744680851063,
                    "f1-score": 0.24390243902439024,
                    "support": 94.0
                },
                "accuracy": 0.2688888888888889,
                "macro avg": {
                    "precision": 0.26787507505396285,
                    "recall": 0.27120029214476543,
                    "f1-score": 0.2664840843323687,
                    "support": 450.0
                },
                "weighted avg": {
                    "precision": 0.2696912477719564,
                    "recall": 0.2688888888888889,
                    "f1-score": 0.2661378796462164,
                    "support": 450.0
                }
            },
            "auroc_per_class": {
                "class_0": 0.5572070608620316,
                "class_1": 0.5406379751870913,
                "class_2": 0.5126153846153846,
                "class_3": 0.5536397322495816
            }
        },
        {
            "fold": 4,
            "accuracy": 0.26280623608017817,
            "auroc": 0.53449571454606,
            "n_train_samples": 1799,
            "n_test_samples": 449,
            "classification_report": {
                "0": {
                    "precision": 0.34285714285714286,
                    "recall": 0.3185840707964602,
                    "f1-score": 0.3302752293577982,
                    "support": 113.0
                },
                "1": {
                    "precision": 0.26548672566371684,
                    "recall": 0.2631578947368421,
                    "f1-score": 0.2643171806167401,
                    "support": 114.0
                },
                "2": {
                    "precision": 0.232,
                    "recall": 0.24786324786324787,
                    "f1-score": 0.2396694214876033,
                    "support": 117.0
                },
                "3": {
                    "precision": 0.2169811320754717,
                    "recall": 0.21904761904761905,
                    "f1-score": 0.21800947867298578,
                    "support": 105.0
                },
                "accuracy": 0.26280623608017817,
                "macro avg": {
                    "precision": 0.2643312501490829,
                    "recall": 0.2621632081110423,
                    "f1-score": 0.26306782753378183,
                    "support": 449.0
                },
                "weighted avg": {
                    "precision": 0.2648894493016601,
                    "recall": 0.26280623608017817,
                    "f1-score": 0.2636649823662643,
                    "support": 449.0
                }
            },
            "auroc_per_class": {
                "class_0": 0.5922619047619048,
                "class_1": 0.5233568997119664,
                "class_2": 0.5000772320049428,