{
    "subject_id": 2,
    "trial_id": 6,
    "eval_name": "volume",
    "k_folds": 5,
    "mean_accuracy": 0.49629629629629635,
    "std_accuracy": 0.02809351423083512,
    "fold_results": [
        {
            "fold": 1,
            "accuracy": 0.44296296296296295,
            "auroc": 0.42530367219224074,
            "n_train_samples": 2700,
            "n_test_samples": 675,
            "classification_report": {
                "0": {
                    "precision": 0.45871559633027525,
                    "recall": 0.4297994269340974,
                    "f1-score": 0.4437869822485207,
                    "support": 349.0
                },
                "1": {
                    "precision": 0.4281609195402299,
                    "recall": 0.4570552147239264,
                    "f1-score": 0.4421364985163205,
                    "support": 326.0
                },
                "accuracy": 0.44296296296296295,
                "macro avg": {
                    "precision": 0.4434382579352526,
                    "recall": 0.44342732082901193,
                    "f1-score": 0.4429617403824206,
                    "support": 675.0
                },
                "weighted avg": {
                    "precision": 0.4439588190953792,
                    "recall": 0.44296296296296295,
                    "f1-score": 0.44298985973489513,
                    "support": 675.0
                }
            }
        },
        {
            "fold": 2,
            "accuracy": 0.4948148148148148,
            "auroc": 0.48933802667044973,
            "n_train_samples": 2700,
            "n_test_samples": 675,
            "classification_report": {
                "0": {
                    "precision": 0.44574780058651026,
                    "recall": 0.5,
                    "f1-score": 0.47131782945736433,
                    "support": 304.0
                },
                "1": {
                    "precision": 0.5449101796407185,
                    "recall": 0.49056603773584906,
                    "f1-score": 0.5163120567375886,
                    "support": 371.0
                },
                "accuracy": 0.4948148148148148,
                "macro avg": {
                    "precision": 0.4953289901136144,
                    "recall": 0.49528301886792453,
                    "f1-score": 0.4938149430974765,
                    "support": 675.0
                },
                "weighted avg": {
                    "precision": 0.5002503822592678,
                    "recall": 0.4948148148148148,
                    "f1-score": 0.49604798993286536,
                    "support": 675.0
                }
            }
        },
        {
            "fold": 3,
            "accuracy": 0.52,
            "auroc": 0.5066438774045363,
            "n_train_samples": 2700,
            "n_test_samples": 675,
            "classification_report": {
                "0": {
                    "precision": 0.4411764705882353,
                    "recall": 0.46875,
                    "f1-score": 0.45454545454545453,
                    "support": 288.0
                },
                "1": {
                    "precision": 0.5853658536585366,
                    "recall": 0.5581395348837209,
                    "f1-score": 0.5714285714285714,
                    "support": 387.0
                },
                "accuracy": 0.52,
                "macro avg": {
                    "precision": 0.5132711621233859,
                    "recall": 0.5134447674418605,
                    "f1-score": 0.512987012987013,
                    "support": 675.0
                },
                "weighted avg": {
                    "precision": 0.5238450502152081,
                    "recall": 0.52,
                    "f1-score": 0.5215584415584416,
                    "support": 675.0
                }
            }
        },
        {
            "fold": 4,
            "accuracy": 0.5170370370370371,
            "auroc": 0.5584508725794883,
            "n_train_samples": 2700,
            "n_test_samples": 675,
            "classification_report": {
                "0": {
                    "precision": 0.825,
                    "recall": 0.4943820224719101,
                    "f1-score": 0.6182669789227166,
                    "support": 534.0
                },
                "1": {
                    "precision": 0.23943661971830985,
                    "recall": 0.6028368794326241,
                    "f1-score": 0.34274193548387094,
                    "support": 141.0
                },
                "accuracy": 0.5170370370370371,
                "macro avg": {
                    "precision": 0.5322183098591549,
                    "recall": 0.5486094509522671,
                    "f1-score": 0.4805044572032938,
                    "support": 675.0
                },
                "weighted avg": {
                    "precision": 0.7026823161189357,
                    "recall": 0.5170370370370371,
                    "f1-score": 0.5607128587377133,
                    "support": 675.0
                }
            }
        },
        {
            "fold": 5,
            "accuracy": 0.5066666666666667,
            "auroc": 0.543361177163994,
            "n_train_samples": 2700,
            "n_test_samples": 675,
            "classification_report": {
                "0": {
                    "precision": 0.33783783783783783,
                    "recall": 0.5868544600938967,
                    "f1-score": 0.4288164665523156,
                    "support": 213.0
                },
                "1": {
                    "precision": 0.7114754098360656,
                    "recall": 0.4696969696969697,
                    "f1-score": 0.5658409387222947,
                    "support": 462.0
                },
                "accuracy": 0.5066666666666667,
                "macro avg": {
                    "precision": 0.5246566238369517,
                    "recall": 0.5282757148954332,
                    "f1-score": 0.4973287026373051,
                    "support": 675.0
                },
                "weighted avg": {
                    "precision": 0.593571998227736,
                    "recall": 0.5066666666666667,
                    "f1-score": 0.5226021052819901,
                    "support": 675.0
                }
            }
        }
    ],
    "n_classes": 2
}