{
    "subject_id": 6,
    "trial_id": 1,
    "eval_name": "pitch",
    "k_folds": 5,
    "mean_accuracy": 0.5166564954362131,
    "std_accuracy": 0.020228291096278234,
    "fold_results": [
        {
            "fold": 1,
            "accuracy": 0.487369985141159,
            "auroc": 0.47394311318916815,
            "n_train_samples": 2689,
            "n_test_samples": 673,
            "classification_report": {
                "0": {
                    "precision": 0.46368715083798884,
                    "recall": 0.5203761755485894,
                    "f1-score": 0.49039881831610044,
                    "support": 319.0
                },
                "1": {
                    "precision": 0.5142857142857142,
                    "recall": 0.4576271186440678,
                    "f1-score": 0.484304932735426,
                    "support": 354.0
                },
                "accuracy": 0.487369985141159,
                "macro avg": {
                    "precision": 0.48898643256185154,
                    "recall": 0.4890016470963286,
                    "f1-score": 0.4873518755257632,
                    "support": 673.0
                },
                "weighted avg": {
                    "precision": 0.49030214557869434,
                    "recall": 0.487369985141159,
                    "f1-score": 0.4871934163910503,
                    "support": 673.0
                }
            }
        },
        {
            "fold": 2,
            "accuracy": 0.5468053491827637,
            "auroc": 0.5977536997885835,
            "n_train_samples": 2689,
            "n_test_samples": 673,
            "classification_report": {
                "0": {
                    "precision": 0.3495702005730659,
                    "recall": 0.61,
                    "f1-score": 0.4444444444444444,
                    "support": 200.0
                },
                "1": {
                    "precision": 0.7592592592592593,
                    "recall": 0.5200845665961945,
                    "f1-score": 0.617314930991217,
                    "support": 473.0
                },
                "accuracy": 0.5468053491827637,
                "macro avg": {
                    "precision": 0.5544147299161626,
                    "recall": 0.5650422832980972,
                    "f1-score": 0.5308796877178308,
                    "support": 673.0
                },
                "weighted avg": {
                    "precision": 0.637509167524878,
                    "recall": 0.5468053491827637,
                    "f1-score": 0.5659418294914332,
                    "support": 673.0
                }
            }
        },
        {
            "fold": 3,
            "accuracy": 0.5297619047619048,
            "auroc": 0.5439666096573237,
            "n_train_samples": 2690,
            "n_test_samples": 672,
            "classification_report": {
                "0": {
                    "precision": 0.5183098591549296,
                    "recall": 0.5592705167173252,
                    "f1-score": 0.5380116959064327,
                    "support": 329.0
                },
                "1": {
                    "precision": 0.5425867507886435,
                    "recall": 0.5014577259475219,
                    "f1-score": 0.5212121212121212,
                    "support": 343.0
                },
                "accuracy": 0.5297619047619048,
                "macro avg": {
                    "precision": 0.5304483049717865,
                    "recall": 0.5303641213324235,
                    "f1-score": 0.529611908559277,
                    "support": 672.0
                },
                "weighted avg": {
                    "precision": 0.5307011892596376,
                    "recall": 0.5297619047619048,
                    "f1-score": 0.5294369129895445,
                    "support": 672.0
                }
            }
        },
        {
            "fold": 4,
            "accuracy": 0.5074404761904762,
            "auroc": 0.5268904320987655,
            "n_train_samples": 2690,
            "n_test_samples": 672,
            "classification_report": {
                "0": {
                    "precision": 0.6563467492260062,
                    "recall": 0.49074074074074076,
                    "f1-score": 0.56158940397351,
                    "support": 432.0
                },
                "1": {
                    "precision": 0.36962750716332377,
                    "recall": 0.5375,
                    "f1-score": 0.4380305602716469,
                    "support": 240.0
                },
                "accuracy": 0.5074404761904762,
                "macro avg": {
                    "precision": 0.512987128194665,
                    "recall": 0.5141203703703704,
                    "f1-score": 0.49980998212257843,
                    "support": 672.0
                },
                "weighted avg": {
                    "precision": 0.5539470199179054,
                    "recall": 0.5074404761904762,
                    "f1-score": 0.5174612455085589,
                    "support": 672.0
                }
            }
        },
        {
            "fold": 5,
            "accuracy": 0.5119047619047619,
            "auroc": 0.5069098949695965,
            "n_train_samples": 2690,
            "n_test_samples": 672,
            "classification_report": {
                "0": {
                    "precision": 0.6063218390804598,
                    "recall": 0.5248756218905473,
                    "f1-score": 0.5626666666666666,
                    "support": 402.0
                },
                "1": {
                    "precision": 0.4104938271604938,
                    "recall": 0.4925925925925926,
                    "f1-score": 0.4478114478114478,
                    "support": 270.0
                },
                "accuracy": 0.5119047619047619,
                "macro avg": {
                    "precision": 0.5084078331204768,
                    "recall": 0.5087341072415699,
                    "f1-score": 0.5052390572390573,
                    "support": 672.0
                },
                "weighted avg": {
                    "precision": 0.5276409414340448,
                    "recall": 0.5119047619047619,
                    "f1-score": 0.5165194805194805,
                    "support": 672.0
                }
            }
        }
    ],
    "n_classes": 2
}