{
    "subject_id": 1,
    "trial_id": 1,
    "eval_name": "delta_pitch",
    "k_folds": 5,
    "mean_accuracy": 0.5451343836886006,
    "std_accuracy": 0.010293563208092542,
    "fold_results": [
        {
            "fold": 1,
            "accuracy": 0.541241890639481,
            "auroc": 0.5621352450807727,
            "n_train_samples": 4316,
            "n_test_samples": 1079,
            "classification_report": {
                "0": {
                    "precision": 0.5769944341372912,
                    "recall": 0.5380622837370242,
                    "f1-score": 0.5568487018800358,
                    "support": 578.0
                },
                "1": {
                    "precision": 0.5055555555555555,
                    "recall": 0.5449101796407185,
                    "f1-score": 0.5244956772334294,
                    "support": 501.0
                },
                "accuracy": 0.541241890639481,
                "macro avg": {
                    "precision": 0.5412749948464234,
                    "recall": 0.5414862316888713,
                    "f1-score": 0.5406721895567326,
                    "support": 1079.0
                },
                "weighted avg": {
                    "precision": 0.5438240187809894,
                    "recall": 0.541241890639481,
                    "f1-score": 0.5418265838559859,
                    "support": 1079.0
                }
            }
        },
        {
            "fold": 2,
            "accuracy": 0.5347544022242817,
            "auroc": 0.5554871590299462,
            "n_train_samples": 4316,
            "n_test_samples": 1079,
            "classification_report": {
                "0": {
                    "precision": 0.5485611510791367,
                    "recall": 0.5485611510791367,
                    "f1-score": 0.5485611510791367,
                    "support": 556.0
                },
                "1": {
                    "precision": 0.5200764818355641,
                    "recall": 0.5200764818355641,
                    "f1-score": 0.5200764818355641,
                    "support": 523.0
                },
                "accuracy": 0.5347544022242817,
                "macro avg": {
                    "precision": 0.5343188164573505,
                    "recall": 0.5343188164573505,
                    "f1-score": 0.5343188164573505,
                    "support": 1079.0
                },
                "weighted avg": {
                    "precision": 0.5347544022242817,
                    "recall": 0.5347544022242817,
                    "f1-score": 0.5347544022242817,
                    "support": 1079.0
                }
            }
        },
        {
            "fold": 3,
            "accuracy": 0.5486561631139945,
            "auroc": 0.5541400178804758,
            "n_train_samples": 4316,
            "n_test_samples": 1079,
            "classification_report": {
                "0": {
                    "precision": 0.5634328358208955,
                    "recall": 0.5441441441441441,
                    "f1-score": 0.5536205316223648,
                    "support": 555.0
                },
                "1": {
                    "precision": 0.5340699815837937,
                    "recall": 0.5534351145038168,
                    "f1-score": 0.5435801312089972,
                    "support": 524.0
                },
                "accuracy": 0.5486561631139945,
                "macro avg": {
                    "precision": 0.5487514087023446,
                    "recall": 0.5487896293239805,
                    "f1-score": 0.548600331415681,
                    "support": 1079.0
                },
                "weighted avg": {
                    "precision": 0.5491732105936097,
                    "recall": 0.5486561631139945,
                    "f1-score": 0.5487445633029907,
                    "support": 1079.0
                }
            }
        },
        {
            "fold": 4,
            "accuracy": 0.5375347544022243,
            "auroc": 0.545476302791498,
            "n_train_samples": 4316,
            "n_test_samples": 1079,
            "classification_report": {
                "0": {
                    "precision": 0.4888888888888889,
                    "recall": 0.5420944558521561,
                    "f1-score": 0.5141187925998053,
                    "support": 487.0
                },
                "1": {
                    "precision": 0.5862708719851577,
                    "recall": 0.5337837837837838,
                    "f1-score": 0.5587975243147657,
                    "support": 592.0
                },
                "accuracy": 0.5375347544022243,
                "macro avg": {
                    "precision": 0.5375798804370233,
                    "recall": 0.5379391198179699,
                    "f1-score": 0.5364581584572855,
                    "support": 1079.0
                },
                "weighted avg": {
                    "precision": 0.5423181140909196,
                    "recall": 0.5375347544022243,
                    "f1-score": 0.5386320541153351,
                    "support": 1079.0
                }
            }
        },
        {
            "fold": 5,
            "accuracy": 0.5634847080630213,
            "auroc": 0.5721365828157137,
            "n_train_samples": 4316,
            "n_test_samples": 1079,
            "classification_report": {
                "0": {
                    "precision": 0.5469613259668509,
                    "recall": 0.5689655172413793,
                    "f1-score": 0.5577464788732395,
                    "support": 522.0
                },
                "1": {
                    "precision": 0.5802238805970149,
                    "recall": 0.5583482944344704,
                    "f1-score": 0.5690759377859104,
                    "support": 557.0
                },
                "accuracy": 0.5634847080630213,
                "macro avg": {
                    "precision": 0.563592603281933,
                    "recall": 0.5636569058379248,
                    "f1-score": 0.5634112083295749,
                    "support": 1079.0
                },
                "weighted avg": {
                    "precision": 0.5641320793764908,
                    "recall": 0.5634847080630213,
                    "f1-score": 0.5635949576631911,
                    "support": 1079.0
                }
            }
        }
    ],
    "n_classes": 2
}