{
    "subject_id": 4,
    "trial_id": 1,
    "eval_name": "face_num",
    "k_folds": 5,
    "mean_accuracy": 0.33209013209013205,
    "std_accuracy": 0.005418988585598337,
    "fold_results": [
        {
            "fold": 1,
            "accuracy": 0.32944832944832947,
            "auroc": 0.5009077562188636,
            "n_train_samples": 5148,
            "n_test_samples": 1287,
            "classification_report": {
                "0": {
                    "precision": 0.38207547169811323,
                    "recall": 0.3367983367983368,
                    "f1-score": 0.3580110497237569,
                    "support": 481.0
                },
                "1": {
                    "precision": 0.30210772833723654,
                    "recall": 0.35537190082644626,
                    "f1-score": 0.3265822784810127,
                    "support": 363.0
                },
                "2": {
                    "precision": 0.30504587155963303,
                    "recall": 0.3002257336343115,
                    "f1-score": 0.3026166097838453,
                    "support": 443.0
                },
                "accuracy": 0.32944832944832947,
                "macro avg": {
                    "precision": 0.32974302386499427,
                    "recall": 0.33079865708636486,
                    "f1-score": 0.3290699793295383,
                    "support": 1287.0
                },
                "weighted avg": {
                    "precision": 0.33300600495270144,
                    "recall": 0.32944832944832947,
                    "f1-score": 0.3300791298678929,
                    "support": 1287.0
                }
            },
            "auroc_per_class": {
                "class_0": 0.5140835624706592,
                "class_1": 0.5296381763323912,
                "class_2": 0.4590015298535406
            }
        },
        {
            "fold": 2,
            "accuracy": 0.3247863247863248,
            "auroc": 0.4989141676069273,
            "n_train_samples": 5148,
            "n_test_samples": 1287,
            "classification_report": {
                "0": {
                    "precision": 0.3466981132075472,
                    "recall": 0.3356164383561644,
                    "f1-score": 0.34106728538283065,
                    "support": 438.0
                },
                "1": {
                    "precision": 0.3524027459954233,
                    "recall": 0.3515981735159817,
                    "f1-score": 0.352,
                    "support": 438.0
                },
                "2": {
                    "precision": 0.2746478873239437,
                    "recall": 0.2846715328467153,
                    "f1-score": 0.27956989247311825,
                    "support": 411.0
                },
                "accuracy": 0.3247863247863248,
                "macro avg": {
                    "precision": 0.3245829155089714,
                    "recall": 0.32396204823962044,
                    "f1-score": 0.3242123926186496,
                    "support": 1287.0
                },
                "weighted avg": {
                    "precision": 0.3256305035128531,
                    "recall": 0.3247863247863248,
                    "f1-score": 0.32514894856575866,
                    "support": 1287.0
                }
            },
            "auroc_per_class": {
                "class_0": 0.5146452178496324,
                "class_1": 0.523729232887469,
                "class_2": 0.45836805208368053
            }
        },
        {
            "fold": 3,
            "accuracy": 0.33877233877233875,
            "auroc": 0.5026748923942189,
            "n_train_samples": 5148,
            "n_test_samples": 1287,
            "classification_report": {
                "0": {
                    "precision": 0.32801822323462415,
                    "recall": 0.342042755344418,
                    "f1-score": 0.33488372093023255,
                    "support": 421.0
                },
                "1": {
                    "precision": 0.36507936507936506,
                    "recall": 0.37971698113207547,
                    "f1-score": 0.3722543352601156,
                    "support": 424.0
                },
                "2": {
                    "precision": 0.32186732186732187,
                    "recall": 0.29638009049773756,
                    "f1-score": 0.30859835100117783,
                    "support": 442.0
                },
                "accuracy": 0.33877233877233875,
                "macro avg": {
                    "precision": 0.33832163672710364,
                    "recall": 0.33937994232474367,
                    "f1-score": 0.33857880239717536,
                    "support": 1287.0
                },
                "weighted avg": {
                    "precision": 0.33811552373021275,
                    "recall": 0.33877233877233875,
                    "f1-score": 0.33816810862815655,
                    "support": 1287.0
                }
            },
            "auroc_per_class": {
                "class_0": 0.504895964189519,
                "class_1": 0.523032860359868,
                "class_2": 0.4800958526332699
            }
        },
        {
            "fold": 4,
            "accuracy": 0.337995337995338,
            "auroc": 0.49492469455326016,
            "n_train_samples": 5148,
            "n_test_samples": 1287,
            "classification_report": {
                "0": {
                    "precision": 0.33189655172413796,
                    "recall": 0.38403990024937656,
                    "f1-score": 0.3560693641618497,
                    "support": 401.0
                },
                "1": {
                    "precision": 0.37259615384615385,
                    "recall": 0.30214424951267055,
                    "f1-score": 0.333692142088267,
                    "support": 513.0
                },
                "2": {
                    "precision": 0.3095823095823096,
                    "recall": 0.3378016085790885,
                    "f1-score": 0.3230769230769231,
                    "support": 373.0
                },
                "accuracy": 0.337995337995338,
                "macro avg": {
                    "precision": 0.33802500505086713,
                    "recall": 0.34132858611371186,
                    "f1-score": 0.3376128097756799,
                    "support": 1287.0
                },
                "weighted avg": {
                    "precision": 0.3416523276135647,
                    "recall": 0.337995337995338,
                    "f1-score": 0.3375878603169192,
                    "support": 1287.0
                }
            },
            "auroc_per_class": {
                "class_0": 0.5057502969438706,
                "class_1": 0.48511315613178796,
                "class_2": 0.4939106305841219
            }
        },
        {
            "fold": 5,
            "accuracy": 0.32944832944832947,
            "auroc": 0.4965802275995523,
            "n_train_samples": 5148,
            "n_test_samples": 1287,
            "classification_report": {
                "0": {
                    "precision": 0.3208791208791209,
                    "recall": 0.3613861386138614,
                    "f1-score": 0.33993015133876603,
                    "support": 404.0
                },
                "1": {
                    "precision": 0.32367149758454106,
                    "recall": 0.32923832923832924,
                    "f1-score": 0.3264311814859927,
                    "support": 407.0
                },
                "2": {
                    "precision": 0.3444976076555024,
                    "recall": 0.3025210084033613,
                    "f1-score": 0.3221476510067114,
                    "support": 476.0
                },
                "accuracy": 0.32944832944832947,