{
    "subject_id": 6,
    "trial_id": 0,
    "eval_name": "word_head_pos",
    "k_folds": 5,
    "mean_accuracy": 0.492502628924994,
    "std_accuracy": 0.014220128135106806,
    "fold_results": [
        {
            "fold": 1,
            "accuracy": 0.5087014725568942,
            "auroc": 0.5011640349355081,
            "n_train_samples": 2987,
            "n_test_samples": 747,
            "classification_report": {
                "0": {
                    "precision": 0.4641025641025641,
                    "recall": 0.5339233038348082,
                    "f1-score": 0.49657064471879286,
                    "support": 339.0
                },
                "1": {
                    "precision": 0.5574229691876751,
                    "recall": 0.4877450980392157,
                    "f1-score": 0.5202614379084968,
                    "support": 408.0
                },
                "accuracy": 0.5087014725568942,
                "macro avg": {
                    "precision": 0.5107627666451195,
                    "recall": 0.5108342009370119,
                    "f1-score": 0.5084160413136448,
                    "support": 747.0
                },
                "weighted avg": {
                    "precision": 0.5150727451932272,
                    "recall": 0.5087014725568942,
                    "f1-score": 0.5095101944127677,
                    "support": 747.0
                }
            }
        },
        {
            "fold": 2,
            "accuracy": 0.46586345381526106,
            "auroc": 0.4683980065105292,
            "n_train_samples": 2987,
            "n_test_samples": 747,
            "classification_report": {
                "0": {
                    "precision": 0.5,
                    "recall": 0.48621553884711777,
                    "f1-score": 0.49301143583227447,
                    "support": 399.0
                },
                "1": {
                    "precision": 0.42896935933147634,
                    "recall": 0.4425287356321839,
                    "f1-score": 0.43564356435643564,
                    "support": 348.0
                },
                "accuracy": 0.46586345381526106,
                "macro avg": {
                    "precision": 0.46448467966573814,
                    "recall": 0.4643721372396509,
                    "f1-score": 0.4643275000943551,
                    "support": 747.0
                },
                "weighted avg": {
                    "precision": 0.46690942041145084,
                    "recall": 0.46586345381526106,
                    "f1-score": 0.4662858410885102,
                    "support": 747.0
                }
            }
        },
        {
            "fold": 3,
            "accuracy": 0.49531459170013387,
            "auroc": 0.5040665674703495,
            "n_train_samples": 2987,
            "n_test_samples": 747,
            "classification_report": {
                "0": {
                    "precision": 0.5408450704225352,
                    "recall": 0.4729064039408867,
                    "f1-score": 0.5045992115637319,
                    "support": 406.0
                },
                "1": {
                    "precision": 0.45408163265306123,
                    "recall": 0.5219941348973607,
                    "f1-score": 0.48567530695770805,
                    "support": 341.0
                },
                "accuracy": 0.49531459170013387,
                "macro avg": {
                    "precision": 0.4974633515377982,
                    "recall": 0.4974502694191237,
                    "f1-score": 0.49513725926071994,
                    "support": 747.0
                },
                "weighted avg": {
                    "precision": 0.5012381999012626,
                    "recall": 0.49531459170013387,
                    "f1-score": 0.49596058844371294,
                    "support": 747.0
                }
            }
        },
        {
            "fold": 4,
            "accuracy": 0.49531459170013387,
            "auroc": 0.48488715841084434,
            "n_train_samples": 2987,
            "n_test_samples": 747,
            "classification_report": {
                "0": {
                    "precision": 0.4558011049723757,
                    "recall": 0.4782608695652174,
                    "f1-score": 0.4667609618104668,
                    "support": 345.0
                },
                "1": {
                    "precision": 0.5324675324675324,
                    "recall": 0.5099502487562189,
                    "f1-score": 0.5209656925031766,
                    "support": 402.0
                },
                "accuracy": 0.49531459170013387,
                "macro avg": {
                    "precision": 0.49413431871995406,
                    "recall": 0.49410555916071813,
                    "f1-score": 0.4938633271568217,
                    "support": 747.0
                },
                "weighted avg": {
                    "precision": 0.4970593430621388,
                    "recall": 0.49531459170013387,
                    "f1-score": 0.49593137913104157,
                    "support": 747.0
                }
            }
        },
        {
            "fold": 5,
            "accuracy": 0.4973190348525469,
            "auroc": 0.4965745054060271,
            "n_train_samples": 2988,
            "n_test_samples": 746,
            "classification_report": {
                "0": {
                    "precision": 0.5037406483790524,
                    "recall": 0.5343915343915344,
                    "f1-score": 0.5186136071887034,
                    "support": 378.0
                },
                "1": {
                    "precision": 0.48985507246376814,
                    "recall": 0.4592391304347826,
                    "f1-score": 0.4740532959326788,
                    "support": 368.0
                },
                "accuracy": 0.4973190348525469,
                "macro avg": {
                    "precision": 0.4967978604214103,
                    "recall": 0.4968153324131585,
                    "f1-score": 0.4963334515606911,
                    "support": 746.0
                },
                "weighted avg": {
                    "precision": 0.49689092728411327,
                    "recall": 0.4973190348525469,
                    "f1-score": 0.49663211316428374,
                    "support": 746.0
                }
            }
        }
    ],
    "n_classes": 2
}