{
    "subject_id": 5,
    "trial_id": 0,
    "eval_name": "local_flow_angle",
    "k_folds": 5,
    "mean_accuracy": 0.2630434782608696,
    "std_accuracy": 0.015974933105107673,
    "fold_results": [
        {
            "fold": 1,
            "accuracy": 0.2717391304347826,
            "auroc": 0.4820510262522856,
            "n_train_samples": 368,
            "n_test_samples": 92,
            "classification_report": {
                "0": {
                    "precision": 0.2857142857142857,
                    "recall": 0.2222222222222222,
                    "f1-score": 0.25,
                    "support": 27.0
                },
                "1": {
                    "precision": 0.05555555555555555,
                    "recall": 0.125,
                    "f1-score": 0.07692307692307693,
                    "support": 8.0
                },
                "2": {
                    "precision": 0.375,
                    "recall": 0.28125,
                    "f1-score": 0.32142857142857145,
                    "support": 32.0
                },
                "3": {
                    "precision": 0.3103448275862069,
                    "recall": 0.36,
                    "f1-score": 0.3333333333333333,
                    "support": 25.0
                },
                "accuracy": 0.2717391304347826,
                "macro avg": {
                    "precision": 0.25665366721401206,
                    "recall": 0.24711805555555555,
                    "f1-score": 0.24542124542124544,
                    "support": 92.0
                },
                "weighted avg": {
                    "precision": 0.3034494657433188,
                    "recall": 0.2717391304347826,
                    "f1-score": 0.282439480809046,
                    "support": 92.0
                }
            },
            "auroc_per_class": {
                "class_0": 0.4826210826210826,
                "class_1": 0.4270833333333333,
                "class_2": 0.47760416666666666,
                "class_3": 0.5408955223880597
            }
        },
        {
            "fold": 2,
            "accuracy": 0.2826086956521739,
            "auroc": 0.520722158675298,
            "n_train_samples": 368,
            "n_test_samples": 92,
            "classification_report": {
                "0": {
                    "precision": 0.55,
                    "recall": 0.3548387096774194,
                    "f1-score": 0.43137254901960786,
                    "support": 31.0
                },
                "1": {
                    "precision": 0.02631578947368421,
                    "recall": 0.16666666666666666,
                    "f1-score": 0.045454545454545456,
                    "support": 6.0
                },
                "2": {
                    "precision": 0.4117647058823529,
                    "recall": 0.2692307692307692,
                    "f1-score": 0.32558139534883723,
                    "support": 26.0
                },
                "3": {
                    "precision": 0.4117647058823529,
                    "recall": 0.2413793103448276,
                    "f1-score": 0.30434782608695654,
                    "support": 29.0
                },
                "accuracy": 0.2826086956521739,
                "macro avg": {
                    "precision": 0.3499613003095975,
                    "recall": 0.2580288639799207,
                    "f1-score": 0.2766890789774868,
                    "support": 92.0
                },
                "weighted avg": {
                    "precision": 0.43320601696055994,
                    "recall": 0.2826086956521739,
                    "f1-score": 0.33626608182528944,
                    "support": 92.0
                }
            },
            "auroc_per_class": {
                "class_0": 0.6398730830248545,
                "class_1": 0.36627906976744184,
                "class_2": 0.5693473193473193,
                "class_3": 0.5073891625615765
            }
        },
        {
            "fold": 3,
            "accuracy": 0.2717391304347826,
            "auroc": 0.5426415797724216,
            "n_train_samples": 368,
            "n_test_samples": 92,
            "classification_report": {
                "0": {
                    "precision": 0.2777777777777778,
                    "recall": 0.21739130434782608,
                    "f1-score": 0.24390243902439024,
                    "support": 23.0
                },
                "1": {
                    "precision": 0.2857142857142857,
                    "recall": 0.3157894736842105,
                    "f1-score": 0.3,
                    "support": 19.0
                },
                "2": {
                    "precision": 0.375,
                    "recall": 0.2903225806451613,
                    "f1-score": 0.32727272727272727,
                    "support": 31.0
                },
                "3": {
                    "precision": 0.1724137931034483,
                    "recall": 0.2631578947368421,
                    "f1-score": 0.20833333333333334,
                    "support": 19.0
                },
                "accuracy": 0.2717391304347826,
                "macro avg": {
                    "precision": 0.2777264641488779,
                    "recall": 0.27166531335350996,
                    "f1-score": 0.26987712490761273,
                    "support": 92.0
                },
                "weighted avg": {
                    "precision": 0.29041654767854164,
                    "recall": 0.2717391304347826,
                    "f1-score": 0.27623417365596575,
                    "support": 92.0
                }
            },
            "auroc_per_class": {
                "class_0": 0.5116572148708254,
                "class_1": 0.4996395097332372,
                "class_2": 0.6509783183500794,
                "class_3": 0.5082912761355444
            }
        },
        {
            "fold": 4,
            "accuracy": 0.25,
            "auroc": 0.599170380793656,
            "n_train_samples": 368,
            "n_test_samples": 92,
            "classification_report": {
                "0": {
                    "precision": 0.125,
                    "recall": 0.2222222222222222,
                    "f1-score": 0.16,
                    "support": 9.0
                },
                "1": {
                    "precision": 0.7619047619047619,
                    "recall": 0.2318840579710145,
                    "f1-score": 0.35555555555555557,
                    "support": 69.0
                },
                "2": {
                    "precision": 0.03125,
                    "recall": 0.3333333333333333,
                    "f1-score": 0.05714285714285714,
                    "support": 3.0
                },
                "3": {
                    "precision": 0.17391304347826086,
                    "recall": 0.36363636363636365,
                    "f1-score": 0.23529411764705882,
                    "support": 11.0
                },
                "accuracy": 0.25,
                "macro avg": {
                    "precision": 0.27301695134575565,
                    "recall": 0.28776899429073344,
                    "f1-score": 0.2019981325863679,
                    "support": 92.0
                },
                "weighted avg": {
                    "precision": 0.6054698048879287,
                    "recall": 0.25,
                    "f1-score": 0.312315186944343,
                    "support": 92.0
                }
            },
            "auroc_per_class": {
                "class_0": 0.6291834002677377,
                "class_1": 0.47385003150598615,
                "class_2": 0.6404494382022472,
                "class_3": 0.6531986531986532
            }
        },
        {
            "fold": 5,
            "accuracy": 0.2391304347826087,
            "auroc": 0.5050420427040988,
            "n_train_samples": 368,