{
    "subject_id": 2,
    "trial_id": 5,
    "eval_name": "face_num",
    "k_folds": 5,
    "mean_accuracy": 0.31373954599761056,
    "std_accuracy": 0.018301031434997943,
    "fold_results": [
        {
            "fold": 1,
            "accuracy": 0.2891278375149343,
            "auroc": 0.4602553965251402,
            "n_train_samples": 3348,
            "n_test_samples": 837,
            "classification_report": {
                "0": {
                    "precision": 0.41732283464566927,
                    "recall": 0.2676767676767677,
                    "f1-score": 0.3261538461538461,
                    "support": 396.0
                },
                "1": {
                    "precision": 0.3233082706766917,
                    "recall": 0.3028169014084507,
                    "f1-score": 0.31272727272727274,
                    "support": 284.0
                },
                "2": {
                    "precision": 0.15772870662460567,
                    "recall": 0.3184713375796178,
                    "f1-score": 0.2109704641350211,
                    "support": 157.0
                },
                "accuracy": 0.2891278375149343,
                "macro avg": {
                    "precision": 0.2994532706489889,
                    "recall": 0.29632166888827877,
                    "f1-score": 0.28328386100538,
                    "support": 837.0
                },
                "weighted avg": {
                    "precision": 0.33672974711102577,
                    "recall": 0.2891278375149343,
                    "f1-score": 0.29999263010832355,
                    "support": 837.0
                }
            },
            "auroc_per_class": {
                "class_0": 0.44330206830206825,
                "class_1": 0.48445737717443904,
                "class_2": 0.4530067440989134
            }
        },
        {
            "fold": 2,
            "accuracy": 0.3106332138590203,
            "auroc": 0.4839240633848259,
            "n_train_samples": 3348,
            "n_test_samples": 837,
            "classification_report": {
                "0": {
                    "precision": 0.19411764705882353,
                    "recall": 0.35106382978723405,
                    "f1-score": 0.25,
                    "support": 188.0
                },
                "1": {
                    "precision": 0.3082706766917293,
                    "recall": 0.3416666666666667,
                    "f1-score": 0.3241106719367589,
                    "support": 240.0
                },
                "2": {
                    "precision": 0.48484848484848486,
                    "recall": 0.27383863080684595,
                    "f1-score": 0.35,
                    "support": 409.0
                },
                "accuracy": 0.3106332138590203,
                "macro avg": {
                    "precision": 0.32907893619967926,
                    "recall": 0.3221897090869155,
                    "f1-score": 0.3080368906455863,
                    "support": 837.0
                },
                "weighted avg": {
                    "precision": 0.36891530508495124,
                    "recall": 0.3106332138590203,
                    "f1-score": 0.3201153659077922,
                    "support": 837.0
                }
            },
            "auroc_per_class": {
                "class_0": 0.44322689571517554,
                "class_1": 0.5010817978782803,
                "class_2": 0.5074634965610219
            }
        },
        {
            "fold": 3,
            "accuracy": 0.33572281959378736,
            "auroc": 0.5109982070926918,
            "n_train_samples": 3348,
            "n_test_samples": 837,
            "classification_report": {
                "0": {
                    "precision": 0.3310580204778157,
                    "recall": 0.3702290076335878,
                    "f1-score": 0.34954954954954953,
                    "support": 262.0
                },
                "1": {
                    "precision": 0.2898550724637681,
                    "recall": 0.3076923076923077,
                    "f1-score": 0.29850746268656714,
                    "support": 260.0
                },
                "2": {
                    "precision": 0.3880597014925373,
                    "recall": 0.33015873015873015,
                    "f1-score": 0.3567753001715266,
                    "support": 315.0
                },
                "accuracy": 0.33572281959378736,
                "macro avg": {
                    "precision": 0.33632426481137373,
                    "recall": 0.33602668182820855,
                    "f1-score": 0.3349441041358811,
                    "support": 837.0
                },
                "weighted avg": {
                    "precision": 0.33971126185892075,
                    "recall": 0.33572281959378736,
                    "f1-score": 0.3364135505788773,
                    "support": 837.0
                }
            },
            "auroc_per_class": {
                "class_0": 0.5290341851974776,
                "class_1": 0.4715971203839488,
                "class_2": 0.532363315696649
            }
        },
        {
            "fold": 4,
            "accuracy": 0.2998805256869773,
            "auroc": 0.4547818665328851,
            "n_train_samples": 3348,
            "n_test_samples": 837,
            "classification_report": {
                "0": {
                    "precision": 0.3295880149812734,
                    "recall": 0.2619047619047619,
                    "f1-score": 0.29187396351575456,
                    "support": 336.0
                },
                "1": {
                    "precision": 0.3272058823529412,
                    "recall": 0.2899022801302932,
                    "f1-score": 0.307426597582038,
                    "support": 307.0
                },
                "2": {
                    "precision": 0.2483221476510067,
                    "recall": 0.38144329896907214,
                    "f1-score": 0.3008130081300813,
                    "support": 194.0
                },
                "accuracy": 0.2998805256869773,
                "macro avg": {
                    "precision": 0.30170534832840706,
                    "recall": 0.31108344700137575,
                    "f1-score": 0.3000378564092913,
                    "support": 837.0
                },
                "weighted avg": {
                    "precision": 0.30987846542455927,
                    "recall": 0.2998805256869773,
                    "f1-score": 0.2996503474028853,
                    "support": 837.0
                }
            },
            "auroc_per_class": {
                "class_0": 0.4256605835947153,
                "class_1": 0.4230287013705366,
                "class_2": 0.5156563146334033
            }
        },
        {
            "fold": 5,
            "accuracy": 0.3333333333333333,
            "auroc": 0.491076059444371,
            "n_train_samples": 3348,
            "n_test_samples": 837,
            "classification_report": {
                "0": {
                    "precision": 0.21052631578947367,
                    "recall": 0.26291079812206575,
                    "f1-score": 0.23382045929018788,
                    "support": 213.0
                },
                "1": {
                    "precision": 0.37543859649122807,
                    "recall": 0.3519736842105263,
                    "f1-score": 0.3633276740237691,
                    "support": 304.0
                },
                "2": {
                    "precision": 0.40559440559440557,
                    "recall": 0.3625,
                    "f1-score": 0.38283828382838286,
                    "support": 320.0
                },
                "accuracy": 0.3333333333333333,
                "macro avg": {
                    "precision": 0.3305197726250358,