{
    "subject_id": 1,
    "trial_id": 1,
    "eval_name": "gpt2_surprisal",
    "k_folds": 5,
    "mean_accuracy": 0.5705282669138091,
    "std_accuracy": 0.0145431290053257,
    "fold_results": [
        {
            "fold": 1,
            "accuracy": 0.5532900834105653,
            "auroc": 0.5741814072123261,
            "n_train_samples": 4316,
            "n_test_samples": 1079,
            "classification_report": {
                "0": {
                    "precision": 0.515625,
                    "recall": 0.5301204819277109,
                    "f1-score": 0.5227722772277228,
                    "support": 498.0
                },
                "1": {
                    "precision": 0.5873015873015873,
                    "recall": 0.5731497418244407,
                    "f1-score": 0.5801393728222997,
                    "support": 581.0
                },
                "accuracy": 0.5532900834105653,
                "macro avg": {
                    "precision": 0.5514632936507937,
                    "recall": 0.5516351118760758,
                    "f1-score": 0.5514558250250112,
                    "support": 1079.0
                },
                "weighted avg": {
                    "precision": 0.5542200854700854,
                    "recall": 0.5532900834105653,
                    "f1-score": 0.5536622517786487,
                    "support": 1079.0
                }
            }
        },
        {
            "fold": 2,
            "accuracy": 0.5755329008341057,
            "auroc": 0.5993713298791019,
            "n_train_samples": 4316,
            "n_test_samples": 1079,
            "classification_report": {
                "0": {
                    "precision": 0.6126629422718808,
                    "recall": 0.5682210708117443,
                    "f1-score": 0.589605734767025,
                    "support": 579.0
                },
                "1": {
                    "precision": 0.5387453874538746,
                    "recall": 0.584,
                    "f1-score": 0.5604606525911708,
                    "support": 500.0
                },
                "accuracy": 0.5755329008341057,
                "macro avg": {
                    "precision": 0.5757041648628777,
                    "recall": 0.5761105354058722,
                    "f1-score": 0.575033193679098,
                    "support": 1079.0
                },
                "weighted avg": {
                    "precision": 0.5784101365174756,
                    "recall": 0.5755329008341057,
                    "f1-score": 0.5761001359830333,
                    "support": 1079.0
                }
            }
        },
        {
            "fold": 3,
            "accuracy": 0.5699721964782206,
            "auroc": 0.5959884301504769,
            "n_train_samples": 4316,
            "n_test_samples": 1079,
            "classification_report": {
                "0": {
                    "precision": 0.5469924812030075,
                    "recall": 0.566147859922179,
                    "f1-score": 0.5564053537284895,
                    "support": 514.0
                },
                "1": {
                    "precision": 0.5923217550274223,
                    "recall": 0.5734513274336284,
                    "f1-score": 0.5827338129496403,
                    "support": 565.0
                },
                "accuracy": 0.5699721964782206,
                "macro avg": {
                    "precision": 0.5696571181152149,
                    "recall": 0.5697995936779037,
                    "f1-score": 0.5695695833390649,
                    "support": 1079.0
                },
                "weighted avg": {
                    "precision": 0.5707283845494341,
                    "recall": 0.5699721964782206,
                    "f1-score": 0.5701918036450327,
                    "support": 1079.0
                }
            }
        },
        {
            "fold": 4,
            "accuracy": 0.5588507877664504,
            "auroc": 0.5790855762594893,
            "n_train_samples": 4316,
            "n_test_samples": 1079,
            "classification_report": {
                "0": {
                    "precision": 0.5932203389830508,
                    "recall": 0.5478260869565217,
                    "f1-score": 0.569620253164557,
                    "support": 575.0
                },
                "1": {
                    "precision": 0.5255474452554745,
                    "recall": 0.5714285714285714,
                    "f1-score": 0.5475285171102662,
                    "support": 504.0
                },
                "accuracy": 0.5588507877664504,
                "macro avg": {
                    "precision": 0.5593838921192626,
                    "recall": 0.5596273291925465,
                    "f1-score": 0.5585743851374116,
                    "support": 1079.0
                },
                "weighted avg": {
                    "precision": 0.5616103867692431,
                    "recall": 0.5588507877664504,
                    "f1-score": 0.5593012216804397,
                    "support": 1079.0
                }
            }
        },
        {
            "fold": 5,
            "accuracy": 0.5949953660797034,
            "auroc": 0.6143403527099284,
            "n_train_samples": 4316,
            "n_test_samples": 1079,
            "classification_report": {
                "0": {
                    "precision": 0.5959595959595959,
                    "recall": 0.5545112781954887,
                    "f1-score": 0.5744888023369036,
                    "support": 532.0
                },
                "1": {
                    "precision": 0.5941780821917808,
                    "recall": 0.6343692870201096,
                    "f1-score": 0.6136162687886826,
                    "support": 547.0
                },
                "accuracy": 0.5949953660797034,
                "macro avg": {
                    "precision": 0.5950688390756884,
                    "recall": 0.5944402826077992,
                    "f1-score": 0.594052535562793,
                    "support": 1079.0
                },
                "weighted avg": {
                    "precision": 0.5950564559864775,
                    "recall": 0.5949953660797034,
                    "f1-score": 0.5943245059042095,
                    "support": 1079.0
                }
            }
        }
    ],
    "n_classes": 2
}