{
    "subject_id": 7,
    "trial_id": 1,
    "eval_name": "pitch",
    "k_folds": 5,
    "mean_accuracy": 0.511476197968567,
    "std_accuracy": 0.012499441522248382,
    "fold_results": [
        {
            "fold": 1,
            "accuracy": 0.48854041013269,
            "auroc": 0.5019046441160101,
            "n_train_samples": 3312,
            "n_test_samples": 829,
            "classification_report": {
                "0": {
                    "precision": 0.3726851851851852,
                    "recall": 0.5127388535031847,
                    "f1-score": 0.4316353887399464,
                    "support": 314.0
                },
                "1": {
                    "precision": 0.6146095717884131,
                    "recall": 0.47378640776699027,
                    "f1-score": 0.5350877192982456,
                    "support": 515.0
                },
                "accuracy": 0.48854041013269,
                "macro avg": {
                    "precision": 0.4936473784867992,
                    "recall": 0.49326263063508746,
                    "f1-score": 0.483361554019096,
                    "support": 829.0
                },
                "weighted avg": {
                    "precision": 0.5229759681775403,
                    "recall": 0.48854041013269,
                    "f1-score": 0.49590312123394414,
                    "support": 829.0
                }
            }
        },
        {
            "fold": 2,
            "accuracy": 0.5120772946859904,
            "auroc": 0.5131940773648669,
            "n_train_samples": 3313,
            "n_test_samples": 828,
            "classification_report": {
                "0": {
                    "precision": 0.5818639798488665,
                    "recall": 0.4925373134328358,
                    "f1-score": 0.5334872979214781,
                    "support": 469.0
                },
                "1": {
                    "precision": 0.44779582366589327,
                    "recall": 0.5376044568245125,
                    "f1-score": 0.48860759493670886,
                    "support": 359.0
                },
                "accuracy": 0.5120772946859904,
                "macro avg": {
                    "precision": 0.5148299017573799,
                    "recall": 0.5150708851286742,
                    "f1-score": 0.5110474464290935,
                    "support": 828.0
                },
                "weighted avg": {
                    "precision": 0.5237353952236402,
                    "recall": 0.5120772946859904,
                    "f1-score": 0.5140285861201107,
                    "support": 828.0
                }
            }
        },
        {
            "fold": 3,
            "accuracy": 0.5157004830917874,
            "auroc": 0.5154601437081909,
            "n_train_samples": 3313,
            "n_test_samples": 828,
            "classification_report": {
                "0": {
                    "precision": 0.4627906976744186,
                    "recall": 0.5392953929539296,
                    "f1-score": 0.4981226533166458,
                    "support": 369.0
                },
                "1": {
                    "precision": 0.5728643216080402,
                    "recall": 0.49673202614379086,
                    "f1-score": 0.5320886814469078,
                    "support": 459.0
                },
                "accuracy": 0.5157004830917874,
                "macro avg": {
                    "precision": 0.5178275096412295,
                    "recall": 0.5180137095488602,
                    "f1-score": 0.5151056673817768,
                    "support": 828.0
                },
                "weighted avg": {
                    "precision": 0.5238097718115349,
                    "recall": 0.5157004830917874,
                    "f1-score": 0.516951647171465,
                    "support": 828.0
                }
            }
        },
        {
            "fold": 4,
            "accuracy": 0.5144927536231884,
            "auroc": 0.5126233984457047,
            "n_train_samples": 3313,
            "n_test_samples": 828,
            "classification_report": {
                "0": {
                    "precision": 0.5961995249406176,
                    "recall": 0.5196687370600414,
                    "f1-score": 0.5553097345132744,
                    "support": 483.0
                },
                "1": {
                    "precision": 0.42997542997543,
                    "recall": 0.5072463768115942,
                    "f1-score": 0.4654255319148936,
                    "support": 345.0
                },
                "accuracy": 0.5144927536231884,
                "macro avg": {
                    "precision": 0.5130874774580237,
                    "recall": 0.5134575569358177,
                    "f1-score": 0.510367633214084,
                    "support": 828.0
                },
                "weighted avg": {
                    "precision": 0.5269394853717895,
                    "recall": 0.5144927536231884,
                    "f1-score": 0.5178579834306157,
                    "support": 828.0
                }
            }
        },
        {
            "fold": 5,
            "accuracy": 0.5265700483091788,
            "auroc": 0.5207065624414903,
            "n_train_samples": 3313,
            "n_test_samples": 828,
            "classification_report": {
                "0": {
                    "precision": 0.5533980582524272,
                    "recall": 0.5229357798165137,
                    "f1-score": 0.5377358490566038,
                    "support": 436.0
                },
                "1": {
                    "precision": 0.5,
                    "recall": 0.5306122448979592,
                    "f1-score": 0.5148514851485149,
                    "support": 392.0
                },
                "accuracy": 0.5265700483091788,
                "macro avg": {
                    "precision": 0.5266990291262136,
                    "recall": 0.5267740123572364,
                    "f1-score": 0.5262936671025593,
                    "support": 828.0
                },
                "weighted avg": {
                    "precision": 0.5281178181135969,
                    "recall": 0.5265700483091788,
                    "f1-score": 0.526901705757122,
                    "support": 828.0
                }
            }
        }
    ],
    "n_classes": 2
}