{
    "subject_id": 6,
    "trial_id": 4,
    "eval_name": "global_flow_angle",
    "k_folds": 5,
    "mean_accuracy": 0.19042735042735043,
    "std_accuracy": 0.04121537323638697,
    "fold_results": [
        {
            "fold": 1,
            "accuracy": 0.15384615384615385,
            "auroc": 0.4111281755492851,
            "n_train_samples": 361,
            "n_test_samples": 91,
            "classification_report": {
                "0": {
                    "precision": 0.20689655172413793,
                    "recall": 0.2608695652173913,
                    "f1-score": 0.23076923076923078,
                    "support": 23.0
                },
                "1": {
                    "precision": 0.2,
                    "recall": 0.16,
                    "f1-score": 0.17777777777777778,
                    "support": 25.0
                },
                "2": {
                    "precision": 0.0625,
                    "recall": 0.058823529411764705,
                    "f1-score": 0.06060606060606061,
                    "support": 17.0
                },
                "3": {
                    "precision": 0.11538461538461539,
                    "recall": 0.11538461538461539,
                    "f1-score": 0.11538461538461539,
                    "support": 26.0
                },
                "accuracy": 0.15384615384615385,
                "macro avg": {
                    "precision": 0.14619529177718835,
                    "recall": 0.14876942750344285,
                    "f1-score": 0.14613442113442113,
                    "support": 91.0
                },
                "weighted avg": {
                    "precision": 0.15188044713906784,
                    "recall": 0.15384615384615385,
                    "f1-score": 0.15145538222461302,
                    "support": 91.0
                }
            },
            "auroc_per_class": {
                "class_0": 0.4635549872122762,
                "class_1": 0.3557575757575757,
                "class_2": 0.4411764705882353,
                "class_3": 0.38402366863905324
            }
        },
        {
            "fold": 2,
            "accuracy": 0.15384615384615385,
            "auroc": 0.4586008092648335,
            "n_train_samples": 361,
            "n_test_samples": 91,
            "classification_report": {
                "0": {
                    "precision": 0.0,
                    "recall": 0.0,
                    "f1-score": 0.0,
                    "support": 19.0
                },
                "1": {
                    "precision": 0.10344827586206896,
                    "recall": 0.2,
                    "f1-score": 0.13636363636363635,
                    "support": 15.0
                },
                "2": {
                    "precision": 0.29411764705882354,
                    "recall": 0.14285714285714285,
                    "f1-score": 0.19230769230769232,
                    "support": 35.0
                },
                "3": {
                    "precision": 0.24,
                    "recall": 0.2727272727272727,
                    "f1-score": 0.2553191489361702,
                    "support": 22.0
                },
                "accuracy": 0.15384615384615385,
                "macro avg": {
                    "precision": 0.15939148073022313,
                    "recall": 0.1538961038961039,
                    "f1-score": 0.14599761940187472,
                    "support": 91.0
                },
                "weighted avg": {
                    "precision": 0.18819606357131713,
                    "recall": 0.15384615384615385,
                    "f1-score": 0.15816752805296175,
                    "support": 91.0
                }
            },
            "auroc_per_class": {
                "class_0": 0.3728070175438596,
                "class_1": 0.4666666666666667,
                "class_2": 0.5219387755102042,
                "class_3": 0.47299077733860345
            }
        },
        {
            "fold": 3,
            "accuracy": 0.18888888888888888,
            "auroc": 0.457611091125857,
            "n_train_samples": 362,
            "n_test_samples": 90,
            "classification_report": {
                "0": {
                    "precision": 0.2903225806451613,
                    "recall": 0.32142857142857145,
                    "f1-score": 0.3050847457627119,
                    "support": 28.0
                },
                "1": {
                    "precision": 0.09523809523809523,
                    "recall": 0.125,
                    "f1-score": 0.10810810810810811,
                    "support": 16.0
                },
                "2": {
                    "precision": 0.1111111111111111,
                    "recall": 0.10526315789473684,
                    "f1-score": 0.10810810810810811,
                    "support": 19.0
                },
                "3": {
                    "precision": 0.2,
                    "recall": 0.14814814814814814,
                    "f1-score": 0.1702127659574468,
                    "support": 27.0
                },
                "accuracy": 0.18888888888888888,
                "macro avg": {
                    "precision": 0.17416794674859193,
                    "recall": 0.17495996936786412,
                    "f1-score": 0.17287843198409375,
                    "support": 90.0
                },
                "weighted avg": {
                    "precision": 0.190710587699835,
                    "recall": 0.18888888888888888,
                    "f1-score": 0.1880211260665642,
                    "support": 90.0
                }
            },
            "auroc_per_class": {
                "class_0": 0.5213133640552996,
                "class_1": 0.45861486486486486,
                "class_2": 0.37138621200889554,
                "class_3": 0.47912992357436796
            }
        },
        {
            "fold": 4,
            "accuracy": 0.26666666666666666,
            "auroc": 0.5278394863899825,
            "n_train_samples": 362,
            "n_test_samples": 90,
            "classification_report": {
                "0": {
                    "precision": 0.18181818181818182,
                    "recall": 0.23529411764705882,
                    "f1-score": 0.20512820512820512,
                    "support": 17.0
                },
                "1": {
                    "precision": 0.5,
                    "recall": 0.21621621621621623,
                    "f1-score": 0.3018867924528302,
                    "support": 37.0
                },
                "2": {
                    "precision": 0.25,
                    "recall": 0.18181818181818182,
                    "f1-score": 0.21052631578947367,
                    "support": 22.0
                },
                "3": {
                    "precision": 0.2222222222222222,
                    "recall": 0.5714285714285714,
                    "f1-score": 0.32,
                    "support": 14.0
                },
                "accuracy": 0.26666666666666666,
                "macro avg": {
                    "precision": 0.288510101010101,
                    "recall": 0.3011892717775071,
                    "f1-score": 0.25938532834262723,
                    "support": 90.0
                },
                "weighted avg": {
                    "precision": 0.3355780022446689,
                    "recall": 0.26666666666666666,
                    "f1-score": 0.2640952195033625,
                    "support": 90.0
                }
            },
            "auroc_per_class": {
                "class_0": 0.4891216760676874,
                "class_1": 0.49515553289138203,
                "class_2": 0.5782085561497325,
                "class_3": 0.5488721804511278
            }
        },
        {
            "fold": 5,
            "accuracy": 0.18888888888888888,
            "auroc": 0.4559770698051948,