{
    "subject_id": 10,
    "trial_id": 1,
    "eval_name": "local_flow",
    "k_folds": 5,
    "mean_accuracy": 0.55426818594666,
    "std_accuracy": 0.030904836703985788,
    "fold_results": [
        {
            "fold": 1,
            "accuracy": 0.5249772933696639,
            "auroc": 0.5145600865625212,
            "n_train_samples": 4400,
            "n_test_samples": 1101,
            "classification_report": {
                "0": {
                    "precision": 0.44129554655870445,
                    "recall": 0.46881720430107526,
                    "f1-score": 0.4546402502606882,
                    "support": 465.0
                },
                "1": {
                    "precision": 0.5930807248764415,
                    "recall": 0.5660377358490566,
                    "f1-score": 0.5792437650844731,
                    "support": 636.0
                },
                "accuracy": 0.5249772933696639,
                "macro avg": {
                    "precision": 0.5171881357175729,
                    "recall": 0.517427470075066,
                    "f1-score": 0.5169420076725806,
                    "support": 1101.0
                },
                "weighted avg": {
                    "precision": 0.5289752680937461,
                    "recall": 0.5249772933696639,
                    "f1-score": 0.5266183024204768,
                    "support": 1101.0
                }
            }
        },
        {
            "fold": 2,
            "accuracy": 0.5927272727272728,
            "auroc": 0.5484464285714286,
            "n_train_samples": 4401,
            "n_test_samples": 1100,
            "classification_report": {
                "0": {
                    "precision": 0.6632124352331606,
                    "recall": 0.7314285714285714,
                    "f1-score": 0.6956521739130435,
                    "support": 700.0
                },
                "1": {
                    "precision": 0.4268292682926829,
                    "recall": 0.35,
                    "f1-score": 0.38461538461538464,
                    "support": 400.0
                },
                "accuracy": 0.5927272727272728,
                "macro avg": {
                    "precision": 0.5450208517629218,
                    "recall": 0.5407142857142857,
                    "f1-score": 0.540133779264214,
                    "support": 1100.0
                },
                "weighted avg": {
                    "precision": 0.5772549199820778,
                    "recall": 0.5927272727272728,
                    "f1-score": 0.582547886895713,
                    "support": 1100.0
                }
            }
        },
        {
            "fold": 3,
            "accuracy": 0.5890909090909091,
            "auroc": 0.5336720208613002,
            "n_train_samples": 4401,
            "n_test_samples": 1100,
            "classification_report": {
                "0": {
                    "precision": 0.6917293233082706,
                    "recall": 0.7282321899736148,
                    "f1-score": 0.7095115681233933,
                    "support": 758.0
                },
                "1": {
                    "precision": 0.31788079470198677,
                    "recall": 0.2807017543859649,
                    "f1-score": 0.2981366459627329,
                    "support": 342.0
                },
                "accuracy": 0.5890909090909091,
                "macro avg": {
                    "precision": 0.5048050590051287,
                    "recall": 0.5044669721797899,
                    "f1-score": 0.5038241070430631,
                    "support": 1100.0
                },
                "weighted avg": {
                    "precision": 0.5754964171415896,
                    "recall": 0.5890909090909091,
                    "f1-score": 0.5816113650516244,
                    "support": 1100.0
                }
            }
        },
        {
            "fold": 4,
            "accuracy": 0.5436363636363636,
            "auroc": 0.5663173268333672,
            "n_train_samples": 4401,
            "n_test_samples": 1100,
            "classification_report": {
                "0": {
                    "precision": 0.6097560975609756,
                    "recall": 0.45757071547420963,
                    "f1-score": 0.5228136882129277,
                    "support": 601.0
                },
                "1": {
                    "precision": 0.49768875192604006,
                    "recall": 0.6472945891783567,
                    "f1-score": 0.5627177700348432,
                    "support": 499.0
                },
                "accuracy": 0.5436363636363636,
                "macro avg": {
                    "precision": 0.5537224247435079,
                    "recall": 0.5524326523262831,
                    "f1-score": 0.5427657291238854,
                    "support": 1100.0
                },
                "weighted avg": {
                    "precision": 0.5589182744047639,
                    "recall": 0.5436363636363636,
                    "f1-score": 0.5409156307848695,
                    "support": 1100.0
                }
            }
        },
        {
            "fold": 5,
            "accuracy": 0.5209090909090909,
            "auroc": 0.5199499422216167,
            "n_train_samples": 4401,
            "n_test_samples": 1100,
            "classification_report": {
                "0": {
                    "precision": 0.2159090909090909,
                    "recall": 0.5022026431718062,
                    "f1-score": 0.3019867549668874,
                    "support": 227.0
                },
                "1": {
                    "precision": 0.8024475524475524,
                    "recall": 0.5257731958762887,
                    "f1-score": 0.6352941176470588,
                    "support": 873.0
                },
                "accuracy": 0.5209090909090909,
                "macro avg": {
                    "precision": 0.5091783216783217,
                    "recall": 0.5139879195240474,
                    "f1-score": 0.4686404363069731,
                    "support": 1100.0
                },
                "weighted avg": {
                    "precision": 0.6814073426573426,
                    "recall": 0.5209090909090909,
                    "f1-score": 0.5665115982576053,
                    "support": 1100.0
                }
            }
        }
    ],
    "n_classes": 2
}