{
    "subject_id": 3,
    "trial_id": 2,
    "eval_name": "gpt2_surprisal",
    "k_folds": 5,
    "mean_accuracy": 0.5544906307522505,
    "std_accuracy": 0.014611505881245148,
    "fold_results": [
        {
            "fold": 1,
            "accuracy": 0.5663217309501412,
            "auroc": 0.5868718348266458,
            "n_train_samples": 4250,
            "n_test_samples": 1063,
            "classification_report": {
                "0": {
                    "precision": 0.4981684981684982,
                    "recall": 0.5925925925925926,
                    "f1-score": 0.5412935323383085,
                    "support": 459.0
                },
                "1": {
                    "precision": 0.6382978723404256,
                    "recall": 0.5463576158940397,
                    "f1-score": 0.5887600356824264,
                    "support": 604.0
                },
                "accuracy": 0.5663217309501412,
                "macro avg": {
                    "precision": 0.5682331852544619,
                    "recall": 0.5694751042433162,
                    "f1-score": 0.5650267840103674,
                    "support": 1063.0
                },
                "weighted avg": {
                    "precision": 0.5777904567760656,
                    "recall": 0.5663217309501412,
                    "f1-score": 0.5682641513598017,
                    "support": 1063.0
                }
            }
        },
        {
            "fold": 2,
            "accuracy": 0.5456255879586077,
            "auroc": 0.5654938179545632,
            "n_train_samples": 4250,
            "n_test_samples": 1063,
            "classification_report": {
                "0": {
                    "precision": 0.5183044315992292,
                    "recall": 0.5358565737051793,
                    "f1-score": 0.5269343780607247,
                    "support": 502.0
                },
                "1": {
                    "precision": 0.5716911764705882,
                    "recall": 0.5543672014260249,
                    "f1-score": 0.56289592760181,
                    "support": 561.0
                },
                "accuracy": 0.5456255879586077,
                "macro avg": {
                    "precision": 0.5449978040349087,
                    "recall": 0.545111887565602,
                    "f1-score": 0.5449151528312673,
                    "support": 1063.0
                },
                "weighted avg": {
                    "precision": 0.5464793740948383,
                    "recall": 0.5456255879586077,
                    "f1-score": 0.5459131450339597,
                    "support": 1063.0
                }
            }
        },
        {
            "fold": 3,
            "accuracy": 0.5428033866415805,
            "auroc": 0.5546994359962876,
            "n_train_samples": 4250,
            "n_test_samples": 1063,
            "classification_report": {
                "0": {
                    "precision": 0.5813148788927336,
                    "recall": 0.5793103448275863,
                    "f1-score": 0.5803108808290155,
                    "support": 580.0
                },
                "1": {
                    "precision": 0.49690721649484537,
                    "recall": 0.4989648033126294,
                    "f1-score": 0.49793388429752067,
                    "support": 483.0
                },
                "accuracy": 0.5428033866415805,
                "macro avg": {
                    "precision": 0.5391110476937895,
                    "recall": 0.5391375740701079,
                    "f1-score": 0.539122382563268,
                    "support": 1063.0
                },
                "weighted avg": {
                    "precision": 0.5429621969189048,
                    "recall": 0.5428033866415805,
                    "f1-score": 0.5428808814642817,
                    "support": 1063.0
                }
            }
        },
        {
            "fold": 4,
            "accuracy": 0.5404896421845574,
            "auroc": 0.5655941258350896,
            "n_train_samples": 4251,
            "n_test_samples": 1062,
            "classification_report": {
                "0": {
                    "precision": 0.591715976331361,
                    "recall": 0.5163511187607573,
                    "f1-score": 0.5514705882352942,
                    "support": 581.0
                },
                "1": {
                    "precision": 0.4936936936936937,
                    "recall": 0.5696465696465697,
                    "f1-score": 0.528957528957529,
                    "support": 481.0
                },
                "accuracy": 0.5404896421845574,
                "macro avg": {
                    "precision": 0.5427048350125273,
                    "recall": 0.5429988442036635,
                    "f1-score": 0.5402140585964116,
                    "support": 1062.0
                },
                "weighted avg": {
                    "precision": 0.5473198200707978,
                    "recall": 0.5404896421845574,
                    "f1-score": 0.5412739954738959,
                    "support": 1062.0
                }
            }
        },
        {
            "fold": 5,
            "accuracy": 0.5772128060263654,
            "auroc": 0.6148716948340989,
            "n_train_samples": 4251,
            "n_test_samples": 1062,
            "classification_report": {
                "0": {
                    "precision": 0.5796296296296296,
                    "recall": 0.5850467289719626,
                    "f1-score": 0.5823255813953488,
                    "support": 535.0
                },
                "1": {
                    "precision": 0.5747126436781609,
                    "recall": 0.5692599620493358,
                    "f1-score": 0.5719733079122974,
                    "support": 527.0
                },
                "accuracy": 0.5772128060263654,
                "macro avg": {
                    "precision": 0.5771711366538952,
                    "recall": 0.5771533455106492,
                    "f1-score": 0.5771494446538231,
                    "support": 1062.0
                },
                "weighted avg": {
                    "precision": 0.5771896563749931,
                    "recall": 0.5772128060263654,
                    "f1-score": 0.5771884362676953,
                    "support": 1062.0
                }
            }
        }
    ],
    "n_classes": 2
}