{
    "subject_id": 2,
    "trial_id": 5,
    "eval_name": "word_index",
    "k_folds": 5,
    "mean_accuracy": 0.3025,
    "std_accuracy": 0.013718398027628599,
    "fold_results": [
        {
            "fold": 1,
            "accuracy": 0.31875,
            "auroc": 0.5625487696116834,
            "n_train_samples": 1920,
            "n_test_samples": 480,
            "classification_report": {
                "0": {
                    "precision": 0.3511450381679389,
                    "recall": 0.38016528925619836,
                    "f1-score": 0.36507936507936506,
                    "support": 121.0
                },
                "1": {
                    "precision": 0.3416666666666667,
                    "recall": 0.3178294573643411,
                    "f1-score": 0.3293172690763052,
                    "support": 129.0
                },
                "2": {
                    "precision": 0.2743362831858407,
                    "recall": 0.2767857142857143,
                    "f1-score": 0.27555555555555555,
                    "support": 112.0
                },
                "3": {
                    "precision": 0.3017241379310345,
                    "recall": 0.2966101694915254,
                    "f1-score": 0.29914529914529914,
                    "support": 118.0
                },
                "accuracy": 0.31875,
                "macro avg": {
                    "precision": 0.3172180314878702,
                    "recall": 0.3178476575994448,
                    "f1-score": 0.31727437221413124,
                    "support": 480.0
                },
                "weighted avg": {
                    "precision": 0.3185263783562434,
                    "recall": 0.31875,
                    "f1-score": 0.31837062168086266,
                    "support": 480.0
                }
            },
            "auroc_per_class": {
                "class_0": 0.5971592347890144,
                "class_1": 0.5319684622010203,
                "class_2": 0.5630095108695652,
                "class_3": 0.5580578705871336
            }
        },
        {
            "fold": 2,
            "accuracy": 0.28125,
            "auroc": 0.5282963912857626,
            "n_train_samples": 1920,
            "n_test_samples": 480,
            "classification_report": {
                "0": {
                    "precision": 0.3220338983050847,
                    "recall": 0.3140495867768595,
                    "f1-score": 0.3179916317991632,
                    "support": 121.0
                },
                "1": {
                    "precision": 0.27586206896551724,
                    "recall": 0.2689075630252101,
                    "f1-score": 0.2723404255319149,
                    "support": 119.0
                },
                "2": {
                    "precision": 0.24242424242424243,
                    "recall": 0.27586206896551724,
                    "f1-score": 0.25806451612903225,
                    "support": 116.0
                },
                "3": {
                    "precision": 0.2894736842105263,
                    "recall": 0.2661290322580645,
                    "f1-score": 0.2773109243697479,
                    "support": 124.0
                },
                "accuracy": 0.28125,
                "macro avg": {
                    "precision": 0.28244847347634267,
                    "recall": 0.2812370627564128,
                    "f1-score": 0.28142687445746456,
                    "support": 480.0
                },
                "weighted avg": {
                    "precision": 0.28293674346901915,
                    "recall": 0.28125,
                    "f1-score": 0.28168236787252726,
                    "support": 480.0
                }
            },
            "auroc_per_class": {
                "class_0": 0.5639632588227169,
                "class_1": 0.5035731744221235,
                "class_2": 0.49850795755968164,
                "class_3": 0.5471411743385284
            }
        },
        {
            "fold": 3,
            "accuracy": 0.3145833333333333,
            "auroc": 0.5498453297390121,
            "n_train_samples": 1920,
            "n_test_samples": 480,
            "classification_report": {
                "0": {
                    "precision": 0.4017094017094017,
                    "recall": 0.36153846153846153,
                    "f1-score": 0.3805668016194332,
                    "support": 130.0
                },
                "1": {
                    "precision": 0.26548672566371684,
                    "recall": 0.25210084033613445,
                    "f1-score": 0.25862068965517243,
                    "support": 119.0
                },
                "2": {
                    "precision": 0.3333333333333333,
                    "recall": 0.3305785123966942,
                    "f1-score": 0.33195020746887965,
                    "support": 121.0
                },
                "3": {
                    "precision": 0.26153846153846155,
                    "recall": 0.3090909090909091,
                    "f1-score": 0.2833333333333333,
                    "support": 110.0
                },
                "accuracy": 0.3145833333333333,
                "macro avg": {
                    "precision": 0.31551698056122834,
                    "recall": 0.31332718084054983,
                    "f1-score": 0.31361775801920466,
                    "support": 480.0
                },
                "weighted avg": {
                    "precision": 0.3185785555807679,
                    "recall": 0.3145833333333333,
                    "f1-score": 0.3157962251039436,
                    "support": 480.0
                }
            },
            "auroc_per_class": {
                "class_0": 0.6136483516483516,
                "class_1": 0.5059708093763822,
                "class_2": 0.5113837795529363,
                "class_3": 0.5683783783783783
            }
        },
        {
            "fold": 4,
            "accuracy": 0.30416666666666664,
            "auroc": 0.551482889516287,
            "n_train_samples": 1920,
            "n_test_samples": 480,
            "classification_report": {
                "0": {
                    "precision": 0.3448275862068966,
                    "recall": 0.45454545454545453,
                    "f1-score": 0.39215686274509803,
                    "support": 110.0
                },
                "1": {
                    "precision": 0.2920353982300885,
                    "recall": 0.2920353982300885,
                    "f1-score": 0.2920353982300885,
                    "support": 113.0
                },
                "2": {
                    "precision": 0.2905982905982906,
                    "recall": 0.2677165354330709,
                    "f1-score": 0.2786885245901639,
                    "support": 127.0
                },
                "3": {
                    "precision": 0.2761904761904762,
                    "recall": 0.2230769230769231,
                    "f1-score": 0.24680851063829787,
                    "support": 130.0
                },
                "accuracy": 0.30416666666666664,
                "macro avg": {
                    "precision": 0.300912937806438,
                    "recall": 0.3093435778213843,
                    "f1-score": 0.3024223240509121,
                    "support": 480.0
                },
                "weighted avg": {
                    "precision": 0.29946204019479883,
                    "recall": 0.30416666666666664,
                    "f1-score": 0.2991995914747715,
                    "support": 480.0
                }
            },
            "auroc_per_class": {
                "class_0": 0.6081818181818182,
                "class_1": 0.5349159653733935,
                "class_2": 0.5298008074769691,