{
    "subject_id": 2,
    "trial_id": 1,
    "eval_name": "speech",
    "k_folds": 5,
    "mean_accuracy": 0.7559167607207632,
    "std_accuracy": 0.013502371597862564,
    "fold_results": [
        {
            "fold": 1,
            "accuracy": 0.751310861423221,
            "auroc": 0.8249019202973364,
            "n_train_samples": 5339,
            "n_test_samples": 1335,
            "classification_report": {
                "0": {
                    "precision": 0.7534039334341907,
                    "recall": 0.7466266866566716,
                    "f1-score": 0.75,
                    "support": 667.0
                },
                "1": {
                    "precision": 0.7492581602373887,
                    "recall": 0.7559880239520959,
                    "f1-score": 0.7526080476900149,
                    "support": 668.0
                },
                "accuracy": 0.751310861423221,
                "macro avg": {
                    "precision": 0.7513310468357897,
                    "recall": 0.7513073553043838,
                    "f1-score": 0.7513040238450075,
                    "support": 1335.0
                },
                "weighted avg": {
                    "precision": 0.7513294941117459,
                    "recall": 0.751310861423221,
                    "f1-score": 0.751305000641895,
                    "support": 1335.0
                }
            }
        },
        {
            "fold": 2,
            "accuracy": 0.7573033707865169,
            "auroc": 0.8493769582274732,
            "n_train_samples": 5339,
            "n_test_samples": 1335,
            "classification_report": {
                "0": {
                    "precision": 0.7638036809815951,
                    "recall": 0.7455089820359282,
                    "f1-score": 0.7545454545454545,
                    "support": 668.0
                },
                "1": {
                    "precision": 0.7510980966325037,
                    "recall": 0.7691154422788605,
                    "f1-score": 0.76,
                    "support": 667.0
                },
                "accuracy": 0.7573033707865169,
                "macro avg": {
                    "precision": 0.7574508888070495,
                    "recall": 0.7573122121573943,
                    "f1-score": 0.7572727272727273,
                    "support": 1335.0
                },
                "weighted avg": {
                    "precision": 0.757455647452873,
                    "recall": 0.7573033707865169,
                    "f1-score": 0.757270684371808,
                    "support": 1335.0
                }
            }
        },
        {
            "fold": 3,
            "accuracy": 0.7812734082397004,
            "auroc": 0.8585228343911876,
            "n_train_samples": 5339,
            "n_test_samples": 1335,
            "classification_report": {
                "0": {
                    "precision": 0.7769571639586411,
                    "recall": 0.7886056971514243,
                    "f1-score": 0.7827380952380952,
                    "support": 667.0
                },
                "1": {
                    "precision": 0.7857142857142857,
                    "recall": 0.7739520958083832,
                    "f1-score": 0.779788838612368,
                    "support": 668.0
                },
                "accuracy": 0.7812734082397004,
                "macro avg": {
                    "precision": 0.7813357248364634,
                    "recall": 0.7812788964799038,
                    "f1-score": 0.7812634669252316,
                    "support": 1335.0
                },
                "weighted avg": {
                    "precision": 0.7813390046573457,
                    "recall": 0.7812734082397004,
                    "f1-score": 0.781262362334735,
                    "support": 1335.0
                }
            }
        },
        {
            "fold": 4,
            "accuracy": 0.7453183520599251,
            "auroc": 0.832221987808491,
            "n_train_samples": 5339,
            "n_test_samples": 1335,
            "classification_report": {
                "0": {
                    "precision": 0.7484848484848485,
                    "recall": 0.7395209580838323,
                    "f1-score": 0.7439759036144579,
                    "support": 668.0
                },
                "1": {
                    "precision": 0.7422222222222222,
                    "recall": 0.7511244377811095,
                    "f1-score": 0.7466467958271237,
                    "support": 667.0
                },
                "accuracy": 0.7453183520599251,
                "macro avg": {
                    "precision": 0.7453535353535354,
                    "recall": 0.745322697932471,
                    "f1-score": 0.7453113497207908,
                    "support": 1335.0
                },
                "weighted avg": {
                    "precision": 0.7453558809064427,
                    "recall": 0.7453183520599251,
                    "f1-score": 0.7453103493866287,
                    "support": 1335.0
                }
            }
        },
        {
            "fold": 5,
            "accuracy": 0.7443778110944528,
            "auroc": 0.8227467975157848,
            "n_train_samples": 5340,
            "n_test_samples": 1334,
            "classification_report": {
                "0": {
                    "precision": 0.7404129793510325,
                    "recall": 0.7526236881559221,
                    "f1-score": 0.7464684014869889,
                    "support": 667.0
                },
                "1": {
                    "precision": 0.7484756097560976,
                    "recall": 0.7361319340329835,
                    "f1-score": 0.7422524565381708,
                    "support": 667.0
                },
                "accuracy": 0.7443778110944528,
                "macro avg": {
                    "precision": 0.744444294553565,
                    "recall": 0.7443778110944528,
                    "f1-score": 0.7443604290125798,
                    "support": 1334.0
                },
                "weighted avg": {
                    "precision": 0.744444294553565,
                    "recall": 0.7443778110944528,
                    "f1-score": 0.7443604290125799,
                    "support": 1334.0
                }
            }
        }
    ],
    "n_classes": 2
}