{
    "subject_id": 2,
    "trial_id": 0,
    "eval_name": "speaker",
    "k_folds": 5,
    "mean_accuracy": 0.28420654389240774,
    "std_accuracy": 0.03763637665426883,
    "fold_results": [
        {
            "fold": 1,
            "accuracy": 0.343804537521815,
            "auroc": 0.5978116812892904,
            "n_train_samples": 2291,
            "n_test_samples": 573,
            "classification_report": {
                "0": {
                    "precision": 0.26282051282051283,
                    "recall": 0.3445378151260504,
                    "f1-score": 0.29818181818181816,
                    "support": 119.0
                },
                "1": {
                    "precision": 0.48945147679324896,
                    "recall": 0.5742574257425742,
                    "f1-score": 0.5284738041002278,
                    "support": 202.0
                },
                "2": {
                    "precision": 0.32142857142857145,
                    "recall": 0.11042944785276074,
                    "f1-score": 0.1643835616438356,
                    "support": 163.0
                },
                "3": {
                    "precision": 0.1774193548387097,
                    "recall": 0.24719101123595505,
                    "f1-score": 0.20657276995305165,
                    "support": 89.0
                },
                "accuracy": 0.343804537521815,
                "macro avg": {
                    "precision": 0.3127799789702607,
                    "recall": 0.3191039249893351,
                    "f1-score": 0.29940298846973334,
                    "support": 573.0
                },
                "weighted avg": {
                    "precision": 0.34612219731479865,
                    "recall": 0.343804537521815,
                    "f1-score": 0.3270765128545361,
                    "support": 573.0
                }
            },
            "auroc_per_class": {
                "class_0": 0.5579165586939622,
                "class_1": 0.674441568146033,
                "class_2": 0.5909621427502618,
                "class_3": 0.567926455566905
            }
        },
        {
            "fold": 2,
            "accuracy": 0.3106457242582897,
            "auroc": 0.5489936179659447,
            "n_train_samples": 2291,
            "n_test_samples": 573,
            "classification_report": {
                "0": {
                    "precision": 0.2868217054263566,
                    "recall": 0.2642857142857143,
                    "f1-score": 0.275092936802974,
                    "support": 140.0
                },
                "1": {
                    "precision": 0.4797687861271676,
                    "recall": 0.41089108910891087,
                    "f1-score": 0.44266666666666665,
                    "support": 202.0
                },
                "2": {
                    "precision": 0.12258064516129032,
                    "recall": 0.2261904761904762,
                    "f1-score": 0.1589958158995816,
                    "support": 84.0
                },
                "3": {
                    "precision": 0.33620689655172414,
                    "recall": 0.2653061224489796,
                    "f1-score": 0.2965779467680608,
                    "support": 147.0
                },
                "accuracy": 0.3106457242582897,
                "macro avg": {
                    "precision": 0.3063445083166347,
                    "recall": 0.29166835050852025,
                    "f1-score": 0.2933333415343208,
                    "support": 573.0
                },
                "weighted avg": {
                    "precision": 0.34343371997212846,
                    "recall": 0.3106457242582897,
                    "f1-score": 0.32266018242504857,
                    "support": 573.0
                }
            },
            "auroc_per_class": {
                "class_0": 0.5407456285054437,
                "class_1": 0.6037202102959622,
                "class_2": 0.48420001947609315,
                "class_3": 0.5673086135862795
            }
        },
        {
            "fold": 3,
            "accuracy": 0.2443280977312391,
            "auroc": 0.5113632534131128,
            "n_train_samples": 2291,
            "n_test_samples": 573,
            "classification_report": {
                "0": {
                    "precision": 0.23648648648648649,
                    "recall": 0.24822695035460993,
                    "f1-score": 0.2422145328719723,
                    "support": 141.0
                },
                "1": {
                    "precision": 0.17,
                    "recall": 0.13076923076923078,
                    "f1-score": 0.14782608695652175,
                    "support": 130.0
                },
                "2": {
                    "precision": 0.16279069767441862,
                    "recall": 0.29473684210526313,
                    "f1-score": 0.20973782771535582,
                    "support": 95.0
                },
                "3": {
                    "precision": 0.39215686274509803,
                    "recall": 0.2898550724637681,
                    "f1-score": 0.3333333333333333,
                    "support": 207.0
                },
                "accuracy": 0.2443280977312391,
                "macro avg": {
                    "precision": 0.2403585117265008,
                    "recall": 0.240897023923218,
                    "f1-score": 0.2332779452192958,
                    "support": 573.0
                },
                "weighted avg": {
                    "precision": 0.2654209100556713,
                    "recall": 0.2443280977312391,
                    "f1-score": 0.24833286923604664,
                    "support": 573.0
                }
            },
            "auroc_per_class": {
                "class_0": 0.4959121355397951,
                "class_1": 0.5196561903108178,
                "class_2": 0.49733538868090726,
                "class_3": 0.5325492991209313
            }
        },
        {
            "fold": 4,
            "accuracy": 0.2705061082024433,
            "auroc": 0.5046028819194631,
            "n_train_samples": 2291,
            "n_test_samples": 573,
            "classification_report": {
                "0": {
                    "precision": 0.24166666666666667,
                    "recall": 0.2248062015503876,
                    "f1-score": 0.23293172690763053,
                    "support": 129.0
                },
                "1": {
                    "precision": 0.09174311926605505,
                    "recall": 0.14285714285714285,
                    "f1-score": 0.11173184357541899,
                    "support": 70.0
                },
                "2": {
                    "precision": 0.37142857142857144,
                    "recall": 0.23214285714285715,
                    "f1-score": 0.2857142857142857,
                    "support": 224.0
                },
                "3": {
                    "precision": 0.3137254901960784,
                    "recall": 0.4266666666666667,
                    "f1-score": 0.3615819209039548,
                    "support": 150.0
                },
                "accuracy": 0.2705061082024433,
                "macro avg": {
                    "precision": 0.25464096188934293,
                    "recall": 0.2566182170542636,
                    "f1-score": 0.2479899442753225,
                    "support": 573.0
                },
                "weighted avg": {
                    "precision": 0.29294213242240075,
                    "recall": 0.2705061082024433,
                    "f1-score": 0.27243753919189684,
                    "support": 573.0
                }
            },
            "auroc_per_class": {
                "class_0": 0.5434213283050492,
                "class_1": 0.4645555239988639,
                "class_2": 0.4666521694637741,