{
    "subject_id": 4,
    "trial_id": 1,
    "eval_name": "gpt2_surprisal",
    "k_folds": 5,
    "mean_accuracy": 0.5199209804024405,
    "std_accuracy": 0.015863837079967184,
    "fold_results": [
        {
            "fold": 1,
            "accuracy": 0.5271411338962606,
            "auroc": 0.5357285710924448,
            "n_train_samples": 3312,
            "n_test_samples": 829,
            "classification_report": {
                "0": {
                    "precision": 0.47596153846153844,
                    "recall": 0.532258064516129,
                    "f1-score": 0.5025380710659898,
                    "support": 372.0
                },
                "1": {
                    "precision": 0.5786924939467313,
                    "recall": 0.5229759299781181,
                    "f1-score": 0.5494252873563218,
                    "support": 457.0
                },
                "accuracy": 0.5271411338962606,
                "macro avg": {
                    "precision": 0.5273270162041348,
                    "recall": 0.5276169972471236,
                    "f1-score": 0.5259816792111558,
                    "support": 829.0
                },
                "weighted avg": {
                    "precision": 0.5325936815939065,
                    "recall": 0.5271411338962606,
                    "f1-score": 0.5283854267290559,
                    "support": 829.0
                }
            }
        },
        {
            "fold": 2,
            "accuracy": 0.5398550724637681,
            "auroc": 0.5369542507309728,
            "n_train_samples": 3313,
            "n_test_samples": 828,
            "classification_report": {
                "0": {
                    "precision": 0.53125,
                    "recall": 0.542997542997543,
                    "f1-score": 0.5370595382746051,
                    "support": 407.0
                },
                "1": {
                    "precision": 0.5485436893203883,
                    "recall": 0.5368171021377672,
                    "f1-score": 0.5426170468187275,
                    "support": 421.0
                },
                "accuracy": 0.5398550724637681,
                "macro avg": {
                    "precision": 0.5398968446601942,
                    "recall": 0.5399073225676552,
                    "f1-score": 0.5398382925466663,
                    "support": 828.0
                },
                "weighted avg": {
                    "precision": 0.5400430473476854,
                    "recall": 0.5398550724637681,
                    "f1-score": 0.5398852763145514,
                    "support": 828.0
                }
            }
        },
        {
            "fold": 3,
            "accuracy": 0.4915458937198068,
            "auroc": 0.5156392427252543,
            "n_train_samples": 3313,
            "n_test_samples": 828,
            "classification_report": {
                "0": {
                    "precision": 0.47268408551068886,
                    "recall": 0.5,
                    "f1-score": 0.48595848595848595,
                    "support": 398.0
                },
                "1": {
                    "precision": 0.5110565110565111,
                    "recall": 0.48372093023255813,
                    "f1-score": 0.4970131421744325,
                    "support": 430.0
                },
                "accuracy": 0.4915458937198068,
                "macro avg": {
                    "precision": 0.49187029828359996,
                    "recall": 0.49186046511627907,
                    "f1-score": 0.4914858140664592,
                    "support": 828.0
                },
                "weighted avg": {
                    "precision": 0.49261179442941294,
                    "recall": 0.4915458937198068,
                    "f1-score": 0.4916994306116949,
                    "support": 828.0
                }
            }
        },
        {
            "fold": 4,
            "accuracy": 0.5217391304347826,
            "auroc": 0.5261695486938649,
            "n_train_samples": 3313,
            "n_test_samples": 828,
            "classification_report": {
                "0": {
                    "precision": 0.5508274231678487,
                    "recall": 0.530751708428246,
                    "f1-score": 0.5406032482598608,
                    "support": 439.0
                },
                "1": {
                    "precision": 0.49135802469135803,
                    "recall": 0.5115681233933161,
                    "f1-score": 0.5012594458438288,
                    "support": 389.0
                },
                "accuracy": 0.5217391304347826,
                "macro avg": {
                    "precision": 0.5210927239296034,
                    "recall": 0.5211599159107811,
                    "f1-score": 0.5209313470518449,
                    "support": 828.0
                },
                "weighted avg": {
                    "precision": 0.5228882975551012,
                    "recall": 0.5217391304347826,
                    "f1-score": 0.5221192637914593,
                    "support": 828.0
                }
            }
        },
        {
            "fold": 5,
            "accuracy": 0.5193236714975845,
            "auroc": 0.516183012697758,
            "n_train_samples": 3313,
            "n_test_samples": 828,
            "classification_report": {
                "0": {
                    "precision": 0.5690072639225182,
                    "recall": 0.5164835164835165,
                    "f1-score": 0.5414746543778802,
                    "support": 455.0
                },
                "1": {
                    "precision": 0.46987951807228917,
                    "recall": 0.5227882037533512,
                    "f1-score": 0.4949238578680203,
                    "support": 373.0
                },
                "accuracy": 0.5193236714975845,
                "macro avg": {
                    "precision": 0.5194433909974037,
                    "recall": 0.5196358601184339,
                    "f1-score": 0.5181992561229503,
                    "support": 828.0
                },
                "weighted avg": {
                    "precision": 0.5243518904899875,
                    "recall": 0.5193236714975845,
                    "f1-score": 0.5205043076409506,
                    "support": 828.0
                }
            }
        }
    ],
    "n_classes": 2
}