{
    "subject_id": 6,
    "trial_id": 4,
    "eval_name": "face_num",
    "k_folds": 5,
    "mean_accuracy": 0.3182957393483709,
    "std_accuracy": 0.028838395716576492,
    "fold_results": [
        {
            "fold": 1,
            "accuracy": 0.3458646616541353,
            "auroc": 0.5029316462868324,
            "n_train_samples": 1596,
            "n_test_samples": 399,
            "classification_report": {
                "0": {
                    "precision": 0.25925925925925924,
                    "recall": 0.33980582524271846,
                    "f1-score": 0.29411764705882354,
                    "support": 103.0
                },
                "1": {
                    "precision": 0.3106060606060606,
                    "recall": 0.3416666666666667,
                    "f1-score": 0.3253968253968254,
                    "support": 120.0
                },
                "2": {
                    "precision": 0.4696969696969697,
                    "recall": 0.3522727272727273,
                    "f1-score": 0.4025974025974026,
                    "support": 176.0
                },
                "accuracy": 0.3458646616541353,
                "macro avg": {
                    "precision": 0.34652076318742986,
                    "recall": 0.3445817397273708,
                    "f1-score": 0.3407039583510172,
                    "support": 399.0
                },
                "weighted avg": {
                    "precision": 0.3675265605090166,
                    "recall": 0.3458646616541353,
                    "f1-score": 0.35137563797448806,
                    "support": 399.0
                }
            },
            "auroc_per_class": {
                "class_0": 0.5057071634741538,
                "class_1": 0.48061529271206693,
                "class_2": 0.5224724826742765
            }
        },
        {
            "fold": 2,
            "accuracy": 0.3258145363408521,
            "auroc": 0.4777087680539296,
            "n_train_samples": 1596,
            "n_test_samples": 399,
            "classification_report": {
                "0": {
                    "precision": 0.32413793103448274,
                    "recall": 0.373015873015873,
                    "f1-score": 0.34686346863468637,
                    "support": 126.0
                },
                "1": {
                    "precision": 0.2971014492753623,
                    "recall": 0.3203125,
                    "f1-score": 0.3082706766917293,
                    "support": 128.0
                },
                "2": {
                    "precision": 0.3620689655172414,
                    "recall": 0.2896551724137931,
                    "f1-score": 0.3218390804597701,
                    "support": 145.0
                },
                "accuracy": 0.3258145363408521,
                "macro avg": {
                    "precision": 0.3277694486090288,
                    "recall": 0.32766118180988874,
                    "f1-score": 0.3256577419287286,
                    "support": 399.0
                },
                "weighted avg": {
                    "precision": 0.3292490346305544,
                    "recall": 0.3258145363408521,
                    "f1-score": 0.32538874769718923,
                    "support": 399.0
                }
            },
            "auroc_per_class": {
                "class_0": 0.4821791964649108,
                "class_1": 0.48290475092250923,
                "class_2": 0.46804235677436873
            }
        },
        {
            "fold": 3,
            "accuracy": 0.3483709273182957,
            "auroc": 0.5210323803656185,
            "n_train_samples": 1596,
            "n_test_samples": 399,
            "classification_report": {
                "0": {
                    "precision": 0.52,
                    "recall": 0.3551912568306011,
                    "f1-score": 0.42207792207792205,
                    "support": 183.0
                },
                "1": {
                    "precision": 0.33587786259541985,
                    "recall": 0.34375,
                    "f1-score": 0.33976833976833976,
                    "support": 128.0
                },
                "2": {
                    "precision": 0.2097902097902098,
                    "recall": 0.3409090909090909,
                    "f1-score": 0.2597402597402597,
                    "support": 88.0
                },
                "accuracy": 0.3483709273182957,
                "macro avg": {
                    "precision": 0.35522269079520985,
                    "recall": 0.3466167825798973,
                    "f1-score": 0.3405288405288405,
                    "support": 399.0
                },
                "weighted avg": {
                    "precision": 0.39251605231516834,
                    "recall": 0.3483709273182957,
                    "f1-score": 0.3598690478389726,
                    "support": 399.0
                }
            },
            "auroc_per_class": {
                "class_0": 0.5588696620117386,
                "class_1": 0.49922163284132837,
                "class_2": 0.5050058462437884
            }
        },
        {
            "fold": 4,
            "accuracy": 0.2731829573934837,
            "auroc": 0.4625402604742758,
            "n_train_samples": 1596,
            "n_test_samples": 399,
            "classification_report": {
                "0": {
                    "precision": 0.2318840579710145,
                    "recall": 0.25196850393700787,
                    "f1-score": 0.24150943396226415,
                    "support": 127.0
                },
                "1": {
                    "precision": 0.33076923076923076,
                    "recall": 0.3333333333333333,
                    "f1-score": 0.33204633204633205,
                    "support": 129.0
                },
                "2": {
                    "precision": 0.2595419847328244,
                    "recall": 0.23776223776223776,
                    "f1-score": 0.24817518248175183,
                    "support": 143.0
                },
                "accuracy": 0.2731829573934837,
                "macro avg": {
                    "precision": 0.2740650911576899,
                    "recall": 0.2743546916775263,
                    "f1-score": 0.27391031616344935,
                    "support": 399.0
                },
                "weighted avg": {
                    "precision": 0.2737669422264248,
                    "recall": 0.2731829573934837,
                    "f1-score": 0.27316973945382184,
                    "support": 399.0
                }
            },
            "auroc_per_class": {
                "class_0": 0.42380731820287176,
                "class_1": 0.518719494688487,
                "class_2": 0.44509396853146854
            }
        },
        {
            "fold": 5,
            "accuracy": 0.2982456140350877,
            "auroc": 0.48735496946644147,
            "n_train_samples": 1596,
            "n_test_samples": 399,
            "classification_report": {
                "0": {
                    "precision": 0.29457364341085274,
                    "recall": 0.30158730158730157,
                    "f1-score": 0.2980392156862745,
                    "support": 126.0
                },
                "1": {
                    "precision": 0.3305785123966942,
                    "recall": 0.25,
                    "f1-score": 0.2846975088967972,
                    "support": 160.0
                },
                "2": {
                    "precision": 0.2751677852348993,
                    "recall": 0.36283185840707965,
                    "f1-score": 0.31297709923664124,
                    "support": 113.0
                },
                "accuracy": 0.2982456140350877,
                "macro avg": {
                    "precision": 0.30010664701414874,