{
    "subject_id": 4,
    "trial_id": 0,
    "eval_name": "local_flow_angle",
    "k_folds": 5,
    "mean_accuracy": 0.2294915254237288,
    "std_accuracy": 0.049491525423728804,
    "fold_results": [
        {
            "fold": 1,
            "accuracy": 0.3,
            "auroc": 0.517736741791643,
            "n_train_samples": 236,
            "n_test_samples": 60,
            "classification_report": {
                "0": {
                    "precision": 0.38461538461538464,
                    "recall": 0.25,
                    "f1-score": 0.30303030303030304,
                    "support": 20.0
                },
                "1": {
                    "precision": 0.3333333333333333,
                    "recall": 0.375,
                    "f1-score": 0.35294117647058826,
                    "support": 16.0
                },
                "2": {
                    "precision": 0.4,
                    "recall": 0.15384615384615385,
                    "f1-score": 0.2222222222222222,
                    "support": 13.0
                },
                "3": {
                    "precision": 0.20833333333333334,
                    "recall": 0.45454545454545453,
                    "f1-score": 0.2857142857142857,
                    "support": 11.0
                },
                "accuracy": 0.3,
                "macro avg": {
                    "precision": 0.3315705128205128,
                    "recall": 0.3083479020979021,
                    "f1-score": 0.2909769968593498,
                    "support": 60.0
                },
                "weighted avg": {
                    "precision": 0.3419551282051282,
                    "recall": 0.3,
                    "f1-score": 0.29565684859802505,
                    "support": 60.0
                }
            },
            "auroc_per_class": {
                "class_0": 0.5125000000000001,
                "class_1": 0.5539772727272727,
                "class_2": 0.5220949263502455,
                "class_3": 0.4823747680890538
            }
        },
        {
            "fold": 2,
            "accuracy": 0.15254237288135594,
            "auroc": 0.4689367722836081,
            "n_train_samples": 237,
            "n_test_samples": 59,
            "classification_report": {
                "0": {
                    "precision": 0.14705882352941177,
                    "recall": 0.38461538461538464,
                    "f1-score": 0.2127659574468085,
                    "support": 13.0
                },
                "1": {
                    "precision": 0.2,
                    "recall": 0.05555555555555555,
                    "f1-score": 0.08695652173913043,
                    "support": 18.0
                },
                "2": {
                    "precision": 0.16666666666666666,
                    "recall": 0.09090909090909091,
                    "f1-score": 0.11764705882352941,
                    "support": 11.0
                },
                "3": {
                    "precision": 0.14285714285714285,
                    "recall": 0.11764705882352941,
                    "f1-score": 0.12903225806451613,
                    "support": 17.0
                },
                "accuracy": 0.15254237288135594,
                "macro avg": {
                    "precision": 0.1641456582633053,
                    "recall": 0.16218177247589013,
                    "f1-score": 0.13660044901849613,
                    "support": 59.0
                },
                "weighted avg": {
                    "precision": 0.16565541470825618,
                    "recall": 0.15254237288135594,
                    "f1-score": 0.1325227266486179,
                    "support": 59.0
                }
            },
            "auroc_per_class": {
                "class_0": 0.39464882943143814,
                "class_1": 0.4349593495934959,
                "class_2": 0.6609848484848485,
                "class_3": 0.3851540616246499
            }
        },
        {
            "fold": 3,
            "accuracy": 0.2542372881355932,
            "auroc": 0.5193328220782357,
            "n_train_samples": 237,
            "n_test_samples": 59,
            "classification_report": {
                "0": {
                    "precision": 0.3076923076923077,
                    "recall": 0.21052631578947367,
                    "f1-score": 0.25,
                    "support": 19.0
                },
                "1": {
                    "precision": 0.0,
                    "recall": 0.0,
                    "f1-score": 0.0,
                    "support": 11.0
                },
                "2": {
                    "precision": 0.24,
                    "recall": 0.5,
                    "f1-score": 0.32432432432432434,
                    "support": 12.0
                },
                "3": {
                    "precision": 0.4166666666666667,
                    "recall": 0.29411764705882354,
                    "f1-score": 0.3448275862068966,
                    "support": 17.0
                },
                "accuracy": 0.2542372881355932,
                "macro avg": {
                    "precision": 0.2410897435897436,
                    "recall": 0.2511609907120743,
                    "f1-score": 0.22978797763280523,
                    "support": 59.0
                },
                "weighted avg": {
                    "precision": 0.2679574098218166,
                    "recall": 0.2542372881355932,
                    "f1-score": 0.24582984504083277,
                    "support": 59.0
                }
            },
            "auroc_per_class": {
                "class_0": 0.49868421052631573,
                "class_1": 0.5246212121212122,
                "class_2": 0.5638297872340425,
                "class_3": 0.49019607843137253
            }
        },
        {
            "fold": 4,
            "accuracy": 0.2033898305084746,
            "auroc": 0.4895382395382395,
            "n_train_samples": 237,
            "n_test_samples": 59,
            "classification_report": {
                "0": {
                    "precision": 0.2857142857142857,
                    "recall": 0.4,
                    "f1-score": 0.3333333333333333,
                    "support": 10.0
                },
                "1": {
                    "precision": 0.2,
                    "recall": 0.05,
                    "f1-score": 0.08,
                    "support": 20.0
                },
                "2": {
                    "precision": 0.25,
                    "recall": 0.4,
                    "f1-score": 0.3076923076923077,
                    "support": 15.0
                },
                "3": {
                    "precision": 0.0625,
                    "recall": 0.07142857142857142,
                    "f1-score": 0.06666666666666667,
                    "support": 14.0
                },
                "accuracy": 0.2033898305084746,
                "macro avg": {
                    "precision": 0.19955357142857144,
                    "recall": 0.23035714285714287,
                    "f1-score": 0.19692307692307692,
                    "support": 59.0
                },
                "weighted avg": {
                    "precision": 0.19461259079903148,
                    "recall": 0.2033898305084746,
                    "f1-score": 0.17766188613646244,
                    "support": 59.0
                }
            },
            "auroc_per_class": {
                "class_0": 0.6714285714285714,
                "class_1": 0.48333333333333334,
                "class_2": 0.4954545454545454,
                "class_3": 0.30793650793650795
            }
        },
        {
            "fold": 5,
            "accuracy": 0.23728813559322035,
            "auroc": 0.5181707687419991,
            "n_train_samples": 237,
            "n_test_samples": 59,