{
    "subject_id": 1,
    "trial_id": 2,
    "eval_name": "word_gap",
    "k_folds": 5,
    "mean_accuracy": 0.49401671408250347,
    "std_accuracy": 0.023382586242189106,
    "fold_results": [
        {
            "fold": 1,
            "accuracy": 0.5184659090909091,
            "auroc": 0.4928937639508929,
            "n_train_samples": 2814,
            "n_test_samples": 704,
            "classification_report": {
                "0": {
                    "precision": 0.35231316725978645,
                    "recall": 0.38671875,
                    "f1-score": 0.3687150837988827,
                    "support": 256.0
                },
                "1": {
                    "precision": 0.6288416075650118,
                    "recall": 0.59375,
                    "f1-score": 0.6107921928817451,
                    "support": 448.0
                },
                "accuracy": 0.5184659090909091,
                "macro avg": {
                    "precision": 0.49057738741239915,
                    "recall": 0.490234375,
                    "f1-score": 0.48975363834031393,
                    "support": 704.0
                },
                "weighted avg": {
                    "precision": 0.5282858110903844,
                    "recall": 0.5184659090909091,
                    "f1-score": 0.5227641532152497,
                    "support": 704.0
                }
            }
        },
        {
            "fold": 2,
            "accuracy": 0.4943181818181818,
            "auroc": 0.514748750980635,
            "n_train_samples": 2814,
            "n_test_samples": 704,
            "classification_report": {
                "0": {
                    "precision": 0.42857142857142855,
                    "recall": 0.5719063545150501,
                    "f1-score": 0.4899713467048711,
                    "support": 299.0
                },
                "1": {
                    "precision": 0.580327868852459,
                    "recall": 0.43703703703703706,
                    "f1-score": 0.49859154929577465,
                    "support": 405.0
                },
                "accuracy": 0.4943181818181818,
                "macro avg": {
                    "precision": 0.5044496487119438,
                    "recall": 0.5044716957760436,
                    "f1-score": 0.49428144800032286,
                    "support": 704.0
                },
                "weighted avg": {
                    "precision": 0.515874494358101,
                    "recall": 0.4943181818181818,
                    "f1-score": 0.4949304121158313,
                    "support": 704.0
                }
            }
        },
        {
            "fold": 3,
            "accuracy": 0.5184659090909091,
            "auroc": 0.5398721956973089,
            "n_train_samples": 2814,
            "n_test_samples": 704,
            "classification_report": {
                "0": {
                    "precision": 0.5026595744680851,
                    "recall": 0.5542521994134897,
                    "f1-score": 0.5271966527196653,
                    "support": 341.0
                },
                "1": {
                    "precision": 0.5365853658536586,
                    "recall": 0.48484848484848486,
                    "f1-score": 0.5094066570188133,
                    "support": 363.0
                },
                "accuracy": 0.5184659090909091,
                "macro avg": {
                    "precision": 0.5196224701608718,
                    "recall": 0.5195503421309873,
                    "f1-score": 0.5183016548692393,
                    "support": 704.0
                },
                "weighted avg": {
                    "precision": 0.5201525606512714,
                    "recall": 0.5184659090909091,
                    "f1-score": 0.5180236861864135,
                    "support": 704.0
                }
            }
        },
        {
            "fold": 4,
            "accuracy": 0.4822190611664296,
            "auroc": 0.47312930605866893,
            "n_train_samples": 2815,
            "n_test_samples": 703,
            "classification_report": {
                "0": {
                    "precision": 0.6329479768786127,
                    "recall": 0.48026315789473684,
                    "f1-score": 0.5461346633416458,
                    "support": 456.0
                },
                "1": {
                    "precision": 0.33613445378151263,
                    "recall": 0.48582995951417,
                    "f1-score": 0.3973509933774834,
                    "support": 247.0
                },
                "accuracy": 0.4822190611664296,
                "macro avg": {
                    "precision": 0.48454121533006267,
                    "recall": 0.48304655870445345,
                    "f1-score": 0.4717428283595646,
                    "support": 703.0
                },
                "weighted avg": {
                    "precision": 0.5286621444390911,
                    "recall": 0.4822190611664296,
                    "f1-score": 0.4938593198407239,
                    "support": 703.0
                }
            }
        },
        {
            "fold": 5,
            "accuracy": 0.4566145092460882,
            "auroc": 0.4721854529409768,
            "n_train_samples": 2815,
            "n_test_samples": 703,
            "classification_report": {
                "0": {
                    "precision": 0.5700934579439252,
                    "recall": 0.42857142857142855,
                    "f1-score": 0.4893048128342246,
                    "support": 427.0
                },
                "1": {
                    "precision": 0.3612565445026178,
                    "recall": 0.5,
                    "f1-score": 0.4194528875379939,
                    "support": 276.0
                },
                "accuracy": 0.4566145092460882,
                "macro avg": {
                    "precision": 0.4656750012232715,
                    "recall": 0.4642857142857143,
                    "f1-score": 0.45437885018610924,
                    "support": 703.0
                },
                "weighted avg": {
                    "precision": 0.4881034321831843,
                    "recall": 0.4566145092460882,
                    "f1-score": 0.4618807283651497,
                    "support": 703.0
                }
            }
        }
    ],
    "n_classes": 2
}