{
    "subject_id": 2,
    "trial_id": 4,
    "eval_name": "global_flow_angle",
    "k_folds": 5,
    "mean_accuracy": 0.2571204266554389,
    "std_accuracy": 0.023583082475259882,
    "fold_results": [
        {
            "fold": 1,
            "accuracy": 0.23221757322175732,
            "auroc": 0.5013047180352244,
            "n_train_samples": 1910,
            "n_test_samples": 478,
            "classification_report": {
                "0": {
                    "precision": 0.23893805309734514,
                    "recall": 0.21428571428571427,
                    "f1-score": 0.22594142259414227,
                    "support": 126.0
                },
                "1": {
                    "precision": 0.16923076923076924,
                    "recall": 0.20754716981132076,
                    "f1-score": 0.1864406779661017,
                    "support": 106.0
                },
                "2": {
                    "precision": 0.2786885245901639,
                    "recall": 0.27419354838709675,
                    "f1-score": 0.2764227642276423,
                    "support": 124.0
                },
                "3": {
                    "precision": 0.24778761061946902,
                    "recall": 0.22950819672131148,
                    "f1-score": 0.23829787234042554,
                    "support": 122.0
                },
                "accuracy": 0.23221757322175732,
                "macro avg": {
                    "precision": 0.23366123938443684,
                    "recall": 0.23138365730136082,
                    "f1-score": 0.23177568428207793,
                    "support": 478.0
                },
                "weighted avg": {
                    "precision": 0.23605046396126061,
                    "recall": 0.23221757322175732,
                    "f1-score": 0.23343115962558214,
                    "support": 478.0
                }
            },
            "auroc_per_class": {
                "class_0": 0.536075036075036,
                "class_1": 0.4695425035504158,
                "class_2": 0.5049890650628759,
                "class_3": 0.49461226745256953
            }
        },
        {
            "fold": 2,
            "accuracy": 0.27405857740585776,
            "auroc": 0.5048057483402425,
            "n_train_samples": 1910,
            "n_test_samples": 478,
            "classification_report": {
                "0": {
                    "precision": 0.28,
                    "recall": 0.3125,
                    "f1-score": 0.29535864978902954,
                    "support": 112.0
                },
                "1": {
                    "precision": 0.2066115702479339,
                    "recall": 0.2631578947368421,
                    "f1-score": 0.23148148148148148,
                    "support": 95.0
                },
                "2": {
                    "precision": 0.296875,
                    "recall": 0.304,
                    "f1-score": 0.30039525691699603,
                    "support": 125.0
                },
                "3": {
                    "precision": 0.3173076923076923,
                    "recall": 0.22602739726027396,
                    "f1-score": 0.264,
                    "support": 146.0
                },
                "accuracy": 0.27405857740585776,
                "macro avg": {
                    "precision": 0.27519856563890654,
                    "recall": 0.276421322999279,
                    "f1-score": 0.27280884704687675,
                    "support": 478.0
                },
                "weighted avg": {
                    "precision": 0.2812225883901188,
                    "recall": 0.27405857740585776,
                    "f1-score": 0.2744023360496581,
                    "support": 478.0
                }
            },
            "auroc_per_class": {
                "class_0": 0.5352263856362217,
                "class_1": 0.4884705235674041,
                "class_2": 0.5001473087818697,
                "class_3": 0.4953787753754745
            }
        },
        {
            "fold": 3,
            "accuracy": 0.2615062761506276,
            "auroc": 0.518267708127921,
            "n_train_samples": 1910,
            "n_test_samples": 478,
            "classification_report": {
                "0": {
                    "precision": 0.28695652173913044,
                    "recall": 0.25984251968503935,
                    "f1-score": 0.2727272727272727,
                    "support": 127.0
                },
                "1": {
                    "precision": 0.2920353982300885,
                    "recall": 0.2357142857142857,
                    "f1-score": 0.2608695652173913,
                    "support": 140.0
                },
                "2": {
                    "precision": 0.23809523809523808,
                    "recall": 0.27522935779816515,
                    "f1-score": 0.2553191489361702,
                    "support": 109.0
                },
                "3": {
                    "precision": 0.23387096774193547,
                    "recall": 0.28431372549019607,
                    "f1-score": 0.25663716814159293,
                    "support": 102.0
                },
                "accuracy": 0.2615062761506276,
                "macro avg": {
                    "precision": 0.2627395314515981,
                    "recall": 0.2637749721719216,
                    "f1-score": 0.26138828875560677,
                    "support": 478.0
                },
                "weighted avg": {
                    "precision": 0.2659741708684944,
                    "recall": 0.2615062761506276,
                    "f1-score": 0.26185121579766407,
                    "support": 478.0
                }
            },
            "auroc_per_class": {
                "class_0": 0.5156695156695157,
                "class_1": 0.5125739644970414,
                "class_2": 0.5386738271052436,
                "class_3": 0.5061535252398832
            }
        },
        {
            "fold": 4,
            "accuracy": 0.22851153039832284,
            "auroc": 0.49653360537712254,
            "n_train_samples": 1911,
            "n_test_samples": 477,
            "classification_report": {
                "0": {
                    "precision": 0.24369747899159663,
                    "recall": 0.232,
                    "f1-score": 0.23770491803278687,
                    "support": 125.0
                },
                "1": {
                    "precision": 0.2125984251968504,
                    "recall": 0.2647058823529412,
                    "f1-score": 0.23580786026200873,
                    "support": 102.0
                },
                "2": {
                    "precision": 0.23809523809523808,
                    "recall": 0.25862068965517243,
                    "f1-score": 0.24793388429752067,
                    "support": 116.0
                },
                "3": {
                    "precision": 0.21904761904761905,
                    "recall": 0.17164179104477612,
                    "f1-score": 0.19246861924686193,
                    "support": 134.0
                },
                "accuracy": 0.22851153039832284,
                "macro avg": {
                    "precision": 0.22835969033282602,
                    "recall": 0.23174209076322244,
                    "f1-score": 0.22847882045979456,
                    "support": 477.0
                },
                "weighted avg": {
                    "precision": 0.22876027843911298,
                    "recall": 0.22851153039832284,
                    "f1-score": 0.2270789141685852,
                    "support": 477.0
                }
            },
            "auroc_per_class": {
                "class_0": 0.5260454545454545,
                "class_1": 0.5019084967320262,
                "class_2": 0.5237128665584105,