{
    "subject_id": 9,
    "trial_id": 0,
    "eval_name": "word_gap",
    "k_folds": 5,
    "mean_accuracy": 0.5017417657883154,
    "std_accuracy": 0.037691376633064565,
    "fold_results": [
        {
            "fold": 1,
            "accuracy": 0.4407364787111623,
            "auroc": 0.4681368438705349,
            "n_train_samples": 3472,
            "n_test_samples": 869,
            "classification_report": {
                "0": {
                    "precision": 0.36396396396396397,
                    "recall": 0.6029850746268657,
                    "f1-score": 0.45393258426966293,
                    "support": 335.0
                },
                "1": {
                    "precision": 0.5764331210191083,
                    "recall": 0.3389513108614232,
                    "f1-score": 0.4268867924528302,
                    "support": 534.0
                },
                "accuracy": 0.4407364787111623,
                "macro avg": {
                    "precision": 0.47019854249153614,
                    "recall": 0.4709681927441445,
                    "f1-score": 0.44040968836124655,
                    "support": 869.0
                },
                "weighted avg": {
                    "precision": 0.4945261387251228,
                    "recall": 0.4407364787111623,
                    "f1-score": 0.43731296075966436,
                    "support": 869.0
                }
            }
        },
        {
            "fold": 2,
            "accuracy": 0.4861751152073733,
            "auroc": 0.4702127077865267,
            "n_train_samples": 3473,
            "n_test_samples": 868,
            "classification_report": {
                "0": {
                    "precision": 0.572429906542056,
                    "recall": 0.4822834645669291,
                    "f1-score": 0.5235042735042735,
                    "support": 508.0
                },
                "1": {
                    "precision": 0.4022727272727273,
                    "recall": 0.49166666666666664,
                    "f1-score": 0.4425,
                    "support": 360.0
                },
                "accuracy": 0.4861751152073733,
                "macro avg": {
                    "precision": 0.48735131690739164,
                    "recall": 0.4869750656167979,
                    "f1-score": 0.48300213675213677,
                    "support": 868.0
                },
                "weighted avg": {
                    "precision": 0.501857804540952,
                    "recall": 0.4861751152073733,
                    "f1-score": 0.4899080310370633,
                    "support": 868.0
                }
            }
        },
        {
            "fold": 3,
            "accuracy": 0.5552995391705069,
            "auroc": 0.5304806164465479,
            "n_train_samples": 3473,
            "n_test_samples": 868,
            "classification_report": {
                "0": {
                    "precision": 0.651031894934334,
                    "recall": 0.6343692870201096,
                    "f1-score": 0.6425925925925926,
                    "support": 547.0
                },
                "1": {
                    "precision": 0.40298507462686567,
                    "recall": 0.4205607476635514,
                    "f1-score": 0.4115853658536585,
                    "support": 321.0
                },
                "accuracy": 0.5552995391705069,
                "macro avg": {
                    "precision": 0.5270084847805998,
                    "recall": 0.5274650173418305,
                    "f1-score": 0.5270889792231256,
                    "support": 868.0
                },
                "weighted avg": {
                    "precision": 0.5593002943367564,
                    "recall": 0.5552995391705069,
                    "f1-score": 0.5571625006764661,
                    "support": 868.0
                }
            }
        },
        {
            "fold": 4,
            "accuracy": 0.5149769585253456,
            "auroc": 0.49198628219484886,
            "n_train_samples": 3473,
            "n_test_samples": 868,
            "classification_report": {
                "0": {
                    "precision": 0.6311926605504588,
                    "recall": 0.6099290780141844,
                    "f1-score": 0.6203787195671776,
                    "support": 564.0
                },
                "1": {
                    "precision": 0.3188854489164087,
                    "recall": 0.33881578947368424,
                    "f1-score": 0.32854864433811803,
                    "support": 304.0
                },
                "accuracy": 0.5149769585253456,
                "macro avg": {
                    "precision": 0.4750390547334337,
                    "recall": 0.47437243374393434,
                    "f1-score": 0.4744636819526478,
                    "support": 868.0
                },
                "weighted avg": {
                    "precision": 0.5218131762915287,
                    "recall": 0.5149769585253456,
                    "f1-score": 0.518170951284189,
                    "support": 868.0
                }
            }
        },
        {
            "fold": 5,
            "accuracy": 0.511520737327189,
            "auroc": 0.46773070883985945,
            "n_train_samples": 3473,
            "n_test_samples": 868,
            "classification_report": {
                "0": {
                    "precision": 0.5567190226876091,
                    "recall": 0.6523517382413088,
                    "f1-score": 0.60075329566855,
                    "support": 489.0
                },
                "1": {
                    "precision": 0.423728813559322,
                    "recall": 0.32981530343007914,
                    "f1-score": 0.37091988130563797,
                    "support": 379.0
                },
                "accuracy": 0.511520737327189,
                "macro avg": {
                    "precision": 0.49022391812346555,
                    "recall": 0.49108352083569395,
                    "f1-score": 0.485836588487094,
                    "support": 868.0
                },
                "weighted avg": {
                    "precision": 0.4986507170889676,
                    "recall": 0.511520737327189,
                    "f1-score": 0.5003997656644674,
                    "support": 868.0
                }
            }
        }
    ],
    "n_classes": 2
}