{
    "subject_id": 2,
    "trial_id": 2,
    "eval_name": "word_part_speech",
    "k_folds": 5,
    "mean_accuracy": 0.2546064388857366,
    "std_accuracy": 0.015774230468875602,
    "fold_results": [
        {
            "fold": 1,
            "accuracy": 0.2669735327963176,
            "auroc": 0.5148715999501461,
            "n_train_samples": 3475,
            "n_test_samples": 869,
            "classification_report": {
                "0": {
                    "precision": 0.2831050228310502,
                    "recall": 0.27802690582959644,
                    "f1-score": 0.28054298642533937,
                    "support": 223.0
                },
                "1": {
                    "precision": 0.2600896860986547,
                    "recall": 0.28431372549019607,
                    "f1-score": 0.2716627634660422,
                    "support": 204.0
                },
                "2": {
                    "precision": 0.2314410480349345,
                    "recall": 0.2717948717948718,
                    "f1-score": 0.25,
                    "support": 195.0
                },
                "3": {
                    "precision": 0.29797979797979796,
                    "recall": 0.2388663967611336,
                    "f1-score": 0.2651685393258427,
                    "support": 247.0
                },
                "accuracy": 0.2669735327963176,
                "macro avg": {
                    "precision": 0.26815388873610935,
                    "recall": 0.26825047496894944,
                    "f1-score": 0.26684357230430605,
                    "support": 869.0
                },
                "weighted avg": {
                    "precision": 0.270336859060152,
                    "recall": 0.2669735327963176,
                    "f1-score": 0.26723465930196366,
                    "support": 869.0
                }
            },
            "auroc_per_class": {
                "class_0": 0.5492822335448222,
                "class_1": 0.5075298540468819,
                "class_2": 0.49787719698698923,
                "class_3": 0.504797115221891
            }
        },
        {
            "fold": 2,
            "accuracy": 0.22669735327963175,
            "auroc": 0.4822613291753946,
            "n_train_samples": 3475,
            "n_test_samples": 869,
            "classification_report": {
                "0": {
                    "precision": 0.26339285714285715,
                    "recall": 0.2599118942731278,
                    "f1-score": 0.2616407982261641,
                    "support": 227.0
                },
                "1": {
                    "precision": 0.23834196891191708,
                    "recall": 0.21495327102803738,
                    "f1-score": 0.22604422604422605,
                    "support": 214.0
                },
                "2": {
                    "precision": 0.22842639593908629,
                    "recall": 0.20089285714285715,
                    "f1-score": 0.21377672209026127,
                    "support": 224.0
                },
                "3": {
                    "precision": 0.1843137254901961,
                    "recall": 0.23039215686274508,
                    "f1-score": 0.2047930283224401,
                    "support": 204.0
                },
                "accuracy": 0.22669735327963175,
                "macro avg": {
                    "precision": 0.22861873687101417,
                    "recall": 0.22653754482669183,
                    "f1-score": 0.22656369367077286,
                    "support": 869.0
                },
                "weighted avg": {
                    "precision": 0.22964657377322686,
                    "recall": 0.22669735327963175,
                    "f1-score": 0.22719181714246253,
                    "support": 869.0
                }
            },
            "auroc_per_class": {
                "class_0": 0.49948536374490515,
                "class_1": 0.4687557965327816,
                "class_2": 0.49079457364341084,
                "class_3": 0.4700095827804806
            }
        },
        {
            "fold": 3,
            "accuracy": 0.2669735327963176,
            "auroc": 0.5206191452312043,
            "n_train_samples": 3475,
            "n_test_samples": 869,
            "classification_report": {
                "0": {
                    "precision": 0.31,
                    "recall": 0.2672413793103448,
                    "f1-score": 0.28703703703703703,
                    "support": 232.0
                },
                "1": {
                    "precision": 0.23076923076923078,
                    "recall": 0.24170616113744076,
                    "f1-score": 0.2361111111111111,
                    "support": 211.0
                },
                "2": {
                    "precision": 0.24056603773584906,
                    "recall": 0.24401913875598086,
                    "f1-score": 0.24228028503562946,
                    "support": 209.0
                },
                "3": {
                    "precision": 0.288135593220339,
                    "recall": 0.31336405529953915,
                    "f1-score": 0.30022075055187636,
                    "support": 217.0
                },
                "accuracy": 0.2669735327963176,
                "macro avg": {
                    "precision": 0.26736771543135474,
                    "recall": 0.2665826836258264,
                    "f1-score": 0.26641229593391347,
                    "support": 869.0
                },
                "weighted avg": {
                    "precision": 0.26860303027377874,
                    "recall": 0.2669735327963176,
                    "f1-score": 0.2671996771913012,
                    "support": 869.0
                }
            },
            "auroc_per_class": {
                "class_0": 0.5217716396903589,
                "class_1": 0.5028810556187787,
                "class_2": 0.5055458895171814,
                "class_3": 0.5522779960984987
            }
        },
        {
            "fold": 4,
            "accuracy": 0.2474108170310702,
            "auroc": 0.5046561247288414,
            "n_train_samples": 3475,
            "n_test_samples": 869,
            "classification_report": {
                "0": {
                    "precision": 0.22274881516587677,
                    "recall": 0.26704545454545453,
                    "f1-score": 0.24289405684754523,
                    "support": 176.0
                },
                "1": {
                    "precision": 0.22926829268292684,
                    "recall": 0.2079646017699115,
                    "f1-score": 0.21809744779582366,
                    "support": 226.0
                },
                "2": {
                    "precision": 0.2545454545454545,
                    "recall": 0.23140495867768596,
                    "f1-score": 0.24242424242424243,
                    "support": 242.0
                },
                "3": {
                    "precision": 0.27896995708154504,
                    "recall": 0.28888888888888886,
                    "f1-score": 0.2838427947598253,
                    "support": 225.0
                },
                "accuracy": 0.2474108170310702,
                "macro avg": {
                    "precision": 0.2463831298689508,
                    "recall": 0.2488259759704852,
                    "f1-score": 0.24681463545685917,
                    "support": 869.0
                },
                "weighted avg": {
                    "precision": 0.2478557721045839,
                    "recall": 0.2474108170310702,
                    "f1-score": 0.24691676949902353,
                    "support": 869.0
                }
            },
            "auroc_per_class": {
                "class_0": 0.5172504263413354,
                "class_1": 0.48748262431357436,
                "class_2": 0.4965070452238786,