{
    "subject_id": 3,
    "trial_id": 0,
    "eval_name": "face_num",
    "k_folds": 5,
    "mean_accuracy": 0.3346819232318663,
    "std_accuracy": 0.016480931934696304,
    "fold_results": [
        {
            "fold": 1,
            "accuracy": 0.31596638655462184,
            "auroc": 0.490508791262313,
            "n_train_samples": 4756,
            "n_test_samples": 1190,
            "classification_report": {
                "0": {
                    "precision": 0.444743935309973,
                    "recall": 0.3154875717017208,
                    "f1-score": 0.3691275167785235,
                    "support": 523.0
                },
                "1": {
                    "precision": 0.3034300791556728,
                    "recall": 0.2963917525773196,
                    "f1-score": 0.29986962190352023,
                    "support": 388.0
                },
                "2": {
                    "precision": 0.21818181818181817,
                    "recall": 0.34408602150537637,
                    "f1-score": 0.2670375521557719,
                    "support": 279.0
                },
                "accuracy": 0.31596638655462184,
                "macro avg": {
                    "precision": 0.322118610882488,
                    "recall": 0.3186551152614722,
                    "f1-score": 0.31201156361260524,
                    "support": 1190.0
                },
                "weighted avg": {
                    "precision": 0.345550148027096,
                    "recall": 0.31596638655462184,
                    "f1-score": 0.32261057279428074,
                    "support": 1190.0
                }
            },
            "auroc_per_class": {
                "class_0": 0.5056659050971646,
                "class_1": 0.4834530940689513,
                "class_2": 0.4824073746208231
            }
        },
        {
            "fold": 2,
            "accuracy": 0.3481917577796468,
            "auroc": 0.5070153347023075,
            "n_train_samples": 4757,
            "n_test_samples": 1189,
            "classification_report": {
                "0": {
                    "precision": 0.4121951219512195,
                    "recall": 0.35429769392033544,
                    "f1-score": 0.3810597519729425,
                    "support": 477.0
                },
                "1": {
                    "precision": 0.36828644501278773,
                    "recall": 0.35910224438902744,
                    "f1-score": 0.36363636363636365,
                    "support": 401.0
                },
                "2": {
                    "precision": 0.2603092783505155,
                    "recall": 0.3247588424437299,
                    "f1-score": 0.28898426323319026,
                    "support": 311.0
                },
                "accuracy": 0.3481917577796468,
                "macro avg": {
                    "precision": 0.3469302817715076,
                    "recall": 0.34605292691769757,
                    "f1-score": 0.34456012628083216,
                    "support": 1189.0
                },
                "weighted avg": {
                    "precision": 0.35765864019164834,
                    "recall": 0.3481917577796468,
                    "f1-score": 0.35109990695945964,
                    "support": 1189.0
                }
            },
            "auroc_per_class": {
                "class_0": 0.5057887546227593,
                "class_1": 0.5258300948137271,
                "class_2": 0.4894271546704363
            }
        },
        {
            "fold": 3,
            "accuracy": 0.3137089991589571,
            "auroc": 0.47210353544431677,
            "n_train_samples": 4757,
            "n_test_samples": 1189,
            "classification_report": {
                "0": {
                    "precision": 0.2832980972515856,
                    "recall": 0.37640449438202245,
                    "f1-score": 0.3232810615199035,
                    "support": 356.0
                },
                "1": {
                    "precision": 0.2891246684350133,
                    "recall": 0.3123209169054441,
                    "f1-score": 0.3002754820936639,
                    "support": 349.0
                },
                "2": {
                    "precision": 0.3834808259587021,
                    "recall": 0.26859504132231404,
                    "f1-score": 0.3159173754556501,
                    "support": 484.0
                },
                "accuracy": 0.3137089991589571,
                "macro avg": {
                    "precision": 0.31863453054843366,
                    "recall": 0.31910681753659353,
                    "f1-score": 0.31315797302307247,
                    "support": 1189.0
                },
                "weighted avg": {
                    "precision": 0.3257891940028561,
                    "recall": 0.3137089991589571,
                    "f1-score": 0.3135308754182582,
                    "support": 1189.0
                }
            },
            "auroc_per_class": {
                "class_0": 0.4707197485735868,
                "class_1": 0.471026060854141,
                "class_2": 0.47456479690522246
            }
        },
        {
            "fold": 4,
            "accuracy": 0.34314550042052144,
            "auroc": 0.513621546066502,
            "n_train_samples": 4757,
            "n_test_samples": 1189,
            "classification_report": {
                "0": {
                    "precision": 0.26222222222222225,
                    "recall": 0.4083044982698962,
                    "f1-score": 0.3193504736129905,
                    "support": 289.0
                },
                "1": {
                    "precision": 0.34269662921348315,
                    "recall": 0.29901960784313725,
                    "f1-score": 0.3193717277486911,
                    "support": 408.0
                },
                "2": {
                    "precision": 0.4386422976501306,
                    "recall": 0.34146341463414637,
                    "f1-score": 0.384,
                    "support": 492.0
                },
                "accuracy": 0.34314550042052144,
                "macro avg": {
                    "precision": 0.3478537163619453,
                    "recall": 0.34959584024905993,
                    "f1-score": 0.34090740045389384,
                    "support": 1189.0
                },
                "weighted avg": {
                    "precision": 0.3628380634021763,
                    "recall": 0.34314550042052144,
                    "f1-score": 0.3461092950341634,
                    "support": 1189.0
                }
            },
            "auroc_per_class": {
                "class_0": 0.5245751633986928,
                "class_1": 0.5076228314629309,
                "class_2": 0.5086666433378825
            }
        },
        {
            "fold": 5,
            "accuracy": 0.3523969722455845,
            "auroc": 0.5163784136791086,
            "n_train_samples": 4757,
            "n_test_samples": 1189,
            "classification_report": {
                "0": {
                    "precision": 0.31784841075794623,
                    "recall": 0.3857566765578635,
                    "f1-score": 0.3485254691689008,
                    "support": 337.0
                },
                "1": {
                    "precision": 0.3838120104438642,
                    "recall": 0.33715596330275227,
                    "f1-score": 0.358974358974359,
                    "support": 436.0
                },
                "2": {
                    "precision": 0.35768261964735515,
                    "recall": 0.34134615384615385,
                    "f1-score": 0.34932349323493234,
                    "support": 416.0
                },
                "accuracy": 0.3523969722455845,
                "macro avg": {
                    "precision": 0.3531143469497218,