{
    "subject_id": 9,
    "trial_id": 0,
    "eval_name": "word_length",
    "k_folds": 5,
    "mean_accuracy": 0.5043881314152561,
    "std_accuracy": 0.009973467023648592,
    "fold_results": [
        {
            "fold": 1,
            "accuracy": 0.48903508771929827,
            "auroc": 0.4889987091304934,
            "n_train_samples": 3646,
            "n_test_samples": 912,
            "classification_report": {
                "0": {
                    "precision": 0.46846846846846846,
                    "recall": 0.4748858447488584,
                    "f1-score": 0.47165532879818595,
                    "support": 438.0
                },
                "1": {
                    "precision": 0.5085470085470085,
                    "recall": 0.5021097046413502,
                    "f1-score": 0.505307855626327,
                    "support": 474.0
                },
                "accuracy": 0.48903508771929827,
                "macro avg": {
                    "precision": 0.4885077385077385,
                    "recall": 0.4884977746951043,
                    "f1-score": 0.48848159221225645,
                    "support": 912.0
                },
                "weighted avg": {
                    "precision": 0.48929876232507813,
                    "recall": 0.48903508771929827,
                    "f1-score": 0.4891457868207066,
                    "support": 912.0
                }
            }
        },
        {
            "fold": 2,
            "accuracy": 0.5054824561403509,
            "auroc": 0.5026531201848999,
            "n_train_samples": 3646,
            "n_test_samples": 912,
            "classification_report": {
                "0": {
                    "precision": 0.5226781857451404,
                    "recall": 0.5127118644067796,
                    "f1-score": 0.5176470588235295,
                    "support": 472.0
                },
                "1": {
                    "precision": 0.48775055679287305,
                    "recall": 0.49772727272727274,
                    "f1-score": 0.49268841394825647,
                    "support": 440.0
                },
                "accuracy": 0.5054824561403509,
                "macro avg": {
                    "precision": 0.5052143712690067,
                    "recall": 0.5052195685670262,
                    "f1-score": 0.505167736385893,
                    "support": 912.0
                },
                "weighted avg": {
                    "precision": 0.5058271366892219,
                    "recall": 0.5054824561403509,
                    "f1-score": 0.505605607348617,
                    "support": 912.0
                }
            }
        },
        {
            "fold": 3,
            "accuracy": 0.5175438596491229,
            "auroc": 0.5128090428090428,
            "n_train_samples": 3646,
            "n_test_samples": 912,
            "classification_report": {
                "0": {
                    "precision": 0.5237068965517241,
                    "recall": 0.525974025974026,
                    "f1-score": 0.5248380129589633,
                    "support": 462.0
                },
                "1": {
                    "precision": 0.5111607142857143,
                    "recall": 0.5088888888888888,
                    "f1-score": 0.5100222717149221,
                    "support": 450.0
                },
                "accuracy": 0.5175438596491229,
                "macro avg": {
                    "precision": 0.5174338054187192,
                    "recall": 0.5174314574314574,
                    "f1-score": 0.5174301423369427,
                    "support": 912.0
                },
                "weighted avg": {
                    "precision": 0.5175163460915219,
                    "recall": 0.5175438596491229,
                    "f1-score": 0.5175276143188113,
                    "support": 912.0
                }
            }
        },
        {
            "fold": 4,
            "accuracy": 0.4983534577387486,
            "auroc": 0.5020357166977009,
            "n_train_samples": 3647,
            "n_test_samples": 911,
            "classification_report": {
                "0": {
                    "precision": 0.48366013071895425,
                    "recall": 0.502262443438914,
                    "f1-score": 0.49278579356270813,
                    "support": 442.0
                },
                "1": {
                    "precision": 0.5132743362831859,
                    "recall": 0.4946695095948827,
                    "f1-score": 0.503800217155266,
                    "support": 469.0
                },
                "accuracy": 0.4983534577387486,
                "macro avg": {
                    "precision": 0.49846723350107003,
                    "recall": 0.4984659765168984,
                    "f1-score": 0.4982930053589871,
                    "support": 911.0
                },
                "weighted avg": {
                    "precision": 0.4989060828700241,
                    "recall": 0.4983534577387486,
                    "f1-score": 0.4984562267843433,
                    "support": 911.0
                }
            }
        },
        {
            "fold": 5,
            "accuracy": 0.5115257958287596,
            "auroc": 0.5034689052926135,
            "n_train_samples": 3647,
            "n_test_samples": 911,
            "classification_report": {
                "0": {
                    "precision": 0.5267665952890792,
                    "recall": 0.5234042553191489,
                    "f1-score": 0.5250800426894343,
                    "support": 470.0
                },
                "1": {
                    "precision": 0.4954954954954955,
                    "recall": 0.4988662131519274,
                    "f1-score": 0.4971751412429379,
                    "support": 441.0
                },
                "accuracy": 0.5115257958287596,
                "macro avg": {
                    "precision": 0.5111310453922874,
                    "recall": 0.5111352342355382,
                    "f1-score": 0.5111275919661861,
                    "support": 911.0
                },
                "weighted avg": {
                    "precision": 0.5116287742034914,
                    "recall": 0.5115257958287596,
                    "f1-score": 0.5115717424282873,
                    "support": 911.0
                }
            }
        }
    ],
    "n_classes": 2
}