{
    "subject_id": 7,
    "trial_id": 0,
    "eval_name": "word_index",
    "k_folds": 5,
    "mean_accuracy": 0.2766869254315908,
    "std_accuracy": 0.009719977049977223,
    "fold_results": [
        {
            "fold": 1,
            "accuracy": 0.29491833030852993,
            "auroc": 0.5368046457407192,
            "n_train_samples": 4406,
            "n_test_samples": 1102,
            "classification_report": {
                "0": {
                    "precision": 0.279874213836478,
                    "recall": 0.322463768115942,
                    "f1-score": 0.2996632996632997,
                    "support": 276.0
                },
                "1": {
                    "precision": 0.3074074074074074,
                    "recall": 0.289198606271777,
                    "f1-score": 0.2980251346499102,
                    "support": 287.0
                },
                "2": {
                    "precision": 0.28991596638655465,
                    "recall": 0.2363013698630137,
                    "f1-score": 0.26037735849056604,
                    "support": 292.0
                },
                "3": {
                    "precision": 0.30434782608695654,
                    "recall": 0.340080971659919,
                    "f1-score": 0.32122370936902483,
                    "support": 247.0
                },
                "accuracy": 0.29491833030852993,
                "macro avg": {
                    "precision": 0.29538635342934916,
                    "recall": 0.29701117897766294,
                    "f1-score": 0.2948223755432002,
                    "support": 1102.0
                },
                "weighted avg": {
                    "precision": 0.2951910927161035,
                    "recall": 0.29491833030852993,
                    "f1-score": 0.29365946392467274,
                    "support": 1102.0
                }
            },
            "auroc_per_class": {
                "class_0": 0.541774134119381,
                "class_1": 0.5221179538701609,
                "class_2": 0.5059085912396415,
                "class_3": 0.5774179037336932
            }
        },
        {
            "fold": 2,
            "accuracy": 0.26678765880217786,
            "auroc": 0.5184915322751269,
            "n_train_samples": 4406,
            "n_test_samples": 1102,
            "classification_report": {
                "0": {
                    "precision": 0.26666666666666666,
                    "recall": 0.2490842490842491,
                    "f1-score": 0.25757575757575757,
                    "support": 273.0
                },
                "1": {
                    "precision": 0.25742574257425743,
                    "recall": 0.2988505747126437,
                    "f1-score": 0.2765957446808511,
                    "support": 261.0
                },
                "2": {
                    "precision": 0.27756653992395436,
                    "recall": 0.24914675767918087,
                    "f1-score": 0.26258992805755393,
                    "support": 293.0
                },
                "3": {
                    "precision": 0.2669039145907473,
                    "recall": 0.2727272727272727,
                    "f1-score": 0.2697841726618705,
                    "support": 275.0
                },
                "accuracy": 0.26678765880217786,
                "macro avg": {
                    "precision": 0.2671407159389064,
                    "recall": 0.2674522135508366,
                    "f1-score": 0.2666364007440083,
                    "support": 1102.0
                },
                "weighted avg": {
                    "precision": 0.2674352917623007,
                    "recall": 0.26678765880217786,
                    "f1-score": 0.26646022466675284,
                    "support": 1102.0
                }
            },
            "auroc_per_class": {
                "class_0": 0.5058700848809413,
                "class_1": 0.5346786575004214,
                "class_2": 0.5268987542029303,
                "class_3": 0.5065186325162141
            }
        },
        {
            "fold": 3,
            "accuracy": 0.2767695099818512,
            "auroc": 0.5295814010357021,
            "n_train_samples": 4406,
            "n_test_samples": 1102,
            "classification_report": {
                "0": {
                    "precision": 0.2978723404255319,
                    "recall": 0.3157894736842105,
                    "f1-score": 0.30656934306569344,
                    "support": 266.0
                },
                "1": {
                    "precision": 0.25,
                    "recall": 0.2737226277372263,
                    "f1-score": 0.2613240418118467,
                    "support": 274.0
                },
                "2": {
                    "precision": 0.24603174603174602,
                    "recall": 0.2450592885375494,
                    "f1-score": 0.24554455445544554,
                    "support": 253.0
                },
                "3": {
                    "precision": 0.31343283582089554,
                    "recall": 0.27184466019417475,
                    "f1-score": 0.29116117850953205,
                    "support": 309.0
                },
                "accuracy": 0.2767695099818512,
                "macro avg": {
                    "precision": 0.27683423056954337,
                    "recall": 0.27660401253829026,
                    "f1-score": 0.27614977946062946,
                    "support": 1102.0
                },
                "weighted avg": {
                    "precision": 0.2784308716586933,
                    "recall": 0.2767695099818512,
                    "f1-score": 0.2769889375214098,
                    "support": 1102.0
                }
            },
            "auroc_per_class": {
                "class_0": 0.5441189696729862,
                "class_1": 0.5134459078246765,
                "class_2": 0.518324278272043,
                "class_3": 0.5424364483731028
            }
        },
        {
            "fold": 4,
            "accuracy": 0.2706630336058129,
            "auroc": 0.524015166836145,
            "n_train_samples": 4407,
            "n_test_samples": 1101,
            "classification_report": {
                "0": {
                    "precision": 0.25448028673835127,
                    "recall": 0.2572463768115942,
                    "f1-score": 0.25585585585585585,
                    "support": 276.0
                },
                "1": {
                    "precision": 0.2727272727272727,
                    "recall": 0.2517482517482518,
                    "f1-score": 0.26181818181818184,
                    "support": 286.0
                },
                "2": {
                    "precision": 0.2781954887218045,
                    "recall": 0.26714801444043323,
                    "f1-score": 0.27255985267034993,
                    "support": 277.0
                },
                "3": {
                    "precision": 0.2773972602739726,
                    "recall": 0.30916030534351147,
                    "f1-score": 0.2924187725631769,
                    "support": 262.0
                },
                "accuracy": 0.2706630336058129,
                "macro avg": {
                    "precision": 0.27070007711535027,
                    "recall": 0.27132573708594765,
                    "f1-score": 0.2706631657268911,
                    "support": 1101.0
                },
                "weighted avg": {
                    "precision": 0.27064013779064994,
                    "recall": 0.2706630336058129,
                    "f1-score": 0.2703079144572711,
                    "support": 1101.0
                }
            },
            "auroc_per_class": {
                "class_0": 0.5266315327184892,
                "class_1": 0.5230275859110215,
                "class_2": 0.5237964845256037,