{
    "subject_id": 3,
    "trial_id": 1,
    "eval_name": "volume",
    "k_folds": 5,
    "mean_accuracy": 0.5820946525495254,
    "std_accuracy": 0.021908467570367393,
    "fold_results": [
        {
            "fold": 1,
            "accuracy": 0.5471204188481675,
            "auroc": 0.5537569654051544,
            "n_train_samples": 3055,
            "n_test_samples": 764,
            "classification_report": {
                "0": {
                    "precision": 0.4293193717277487,
                    "recall": 0.5616438356164384,
                    "f1-score": 0.486646884272997,
                    "support": 292.0
                },
                "1": {
                    "precision": 0.6649214659685864,
                    "recall": 0.538135593220339,
                    "f1-score": 0.594847775175644,
                    "support": 472.0
                },
                "accuracy": 0.5471204188481675,
                "macro avg": {
                    "precision": 0.5471204188481675,
                    "recall": 0.5498897144183887,
                    "f1-score": 0.5407473297243205,
                    "support": 764.0
                },
                "weighted avg": {
                    "precision": 0.5748745922535018,
                    "recall": 0.5471204188481675,
                    "f1-score": 0.5534935079720146,
                    "support": 764.0
                }
            }
        },
        {
            "fold": 2,
            "accuracy": 0.5968586387434555,
            "auroc": 0.6397596066290293,
            "n_train_samples": 3055,
            "n_test_samples": 764,
            "classification_report": {
                "0": {
                    "precision": 0.7191601049868767,
                    "recall": 0.5768421052631579,
                    "f1-score": 0.6401869158878505,
                    "support": 475.0
                },
                "1": {
                    "precision": 0.4751958224543081,
                    "recall": 0.629757785467128,
                    "f1-score": 0.5416666666666666,
                    "support": 289.0
                },
                "accuracy": 0.5968586387434555,
                "macro avg": {
                    "precision": 0.5971779637205924,
                    "recall": 0.603299945365143,
                    "f1-score": 0.5909267912772586,
                    "support": 764.0
                },
                "weighted avg": {
                    "precision": 0.6268751865943213,
                    "recall": 0.5968586387434555,
                    "f1-score": 0.6029194394154392,
                    "support": 764.0
                }
            }
        },
        {
            "fold": 3,
            "accuracy": 0.5654450261780105,
            "auroc": 0.5867399042950514,
            "n_train_samples": 3055,
            "n_test_samples": 764,
            "classification_report": {
                "0": {
                    "precision": 0.4424083769633508,
                    "recall": 0.5868055555555556,
                    "f1-score": 0.5044776119402985,
                    "support": 288.0
                },
                "1": {
                    "precision": 0.6884816753926701,
                    "recall": 0.5525210084033614,
                    "f1-score": 0.6130536130536131,
                    "support": 476.0
                },
                "accuracy": 0.5654450261780105,
                "macro avg": {
                    "precision": 0.5654450261780104,
                    "recall": 0.5696632819794585,
                    "f1-score": 0.5587656124969558,
                    "support": 764.0
                },
                "weighted avg": {
                    "precision": 0.5957210602779529,
                    "recall": 0.5654450261780105,
                    "f1-score": 0.5721244398590651,
                    "support": 764.0
                }
            }
        },
        {
            "fold": 4,
            "accuracy": 0.599476439790576,
            "auroc": 0.6327963298837085,
            "n_train_samples": 3055,
            "n_test_samples": 764,
            "classification_report": {
                "0": {
                    "precision": 0.6965699208443272,
                    "recall": 0.5802197802197803,
                    "f1-score": 0.6330935251798561,
                    "support": 455.0
                },
                "1": {
                    "precision": 0.5038961038961038,
                    "recall": 0.627831715210356,
                    "f1-score": 0.5590778097982709,
                    "support": 309.0
                },
                "accuracy": 0.599476439790576,
                "macro avg": {
                    "precision": 0.6002330123702155,
                    "recall": 0.6040257477150681,
                    "f1-score": 0.5960856674890636,
                    "support": 764.0
                },
                "weighted avg": {
                    "precision": 0.6186429451414462,
                    "recall": 0.599476439790576,
                    "f1-score": 0.6031578497179322,
                    "support": 764.0
                }
            }
        },
        {
            "fold": 5,
            "accuracy": 0.601572739187418,
            "auroc": 0.637809917355372,
            "n_train_samples": 3056,
            "n_test_samples": 763,
            "classification_report": {
                "0": {
                    "precision": 0.626984126984127,
                    "recall": 0.5925,
                    "f1-score": 0.609254498714653,
                    "support": 400.0
                },
                "1": {
                    "precision": 0.5766233766233766,
                    "recall": 0.6115702479338843,
                    "f1-score": 0.5935828877005348,
                    "support": 363.0
                },
                "accuracy": 0.601572739187418,
                "macro avg": {
                    "precision": 0.6018037518037518,
                    "recall": 0.6020351239669421,
                    "f1-score": 0.6014186932075939,
                    "support": 763.0
                },
                "weighted avg": {
                    "precision": 0.6030248184900872,
                    "recall": 0.601572739187418,
                    "f1-score": 0.6017986732911603,
                    "support": 763.0
                }
            }
        }
    ],
    "n_classes": 2
}