{
    "subject_id": 6,
    "trial_id": 1,
    "eval_name": "speaker",
    "k_folds": 5,
    "mean_accuracy": 0.2656739811912226,
    "std_accuracy": 0.031387122875393095,
    "fold_results": [
        {
            "fold": 1,
            "accuracy": 0.25,
            "auroc": 0.6050365707282161,
            "n_train_samples": 1276,
            "n_test_samples": 320,
            "classification_report": {
                "0": {
                    "precision": 0.19318181818181818,
                    "recall": 0.20987654320987653,
                    "f1-score": 0.20118343195266272,
                    "support": 81.0
                },
                "1": {
                    "precision": 0.011111111111111112,
                    "recall": 1.0,
                    "f1-score": 0.02197802197802198,
                    "support": 1.0
                },
                "2": {
                    "precision": 0.4861111111111111,
                    "recall": 0.30434782608695654,
                    "f1-score": 0.37433155080213903,
                    "support": 115.0
                },
                "3": {
                    "precision": 0.38571428571428573,
                    "recall": 0.21951219512195122,
                    "f1-score": 0.27979274611398963,
                    "support": 123.0
                },
                "accuracy": 0.25,
                "macro avg": {
                    "precision": 0.2690295815295815,
                    "recall": 0.4334341411046961,
                    "f1-score": 0.21932143771170334,
                    "support": 320.0
                },
                "weighted avg": {
                    "precision": 0.37188897907647905,
                    "recall": 0.25,
                    "f1-score": 0.29306397538878254,
                    "support": 320.0
                }
            },
            "auroc_per_class": {
                "class_0": 0.4452451056356216,
                "class_1": 0.8369905956112853,
                "class_2": 0.624559915164369,
                "class_3": 0.5133506665015888
            }
        },
        {
            "fold": 2,
            "accuracy": 0.31347962382445144,
            "auroc": 0.5427489152933178,
            "n_train_samples": 1277,
            "n_test_samples": 319,
            "classification_report": {
                "0": {
                    "precision": 0.2835820895522388,
                    "recall": 0.25333333333333335,
                    "f1-score": 0.2676056338028169,
                    "support": 75.0
                },
                "1": {
                    "precision": 0.5853658536585366,
                    "recall": 0.3310344827586207,
                    "f1-score": 0.42290748898678415,
                    "support": 145.0
                },
                "2": {
                    "precision": 0.24675324675324675,
                    "recall": 0.3220338983050847,
                    "f1-score": 0.27941176470588236,
                    "support": 59.0
                },
                "3": {
                    "precision": 0.15053763440860216,
                    "recall": 0.35,
                    "f1-score": 0.21052631578947367,
                    "support": 40.0
                },
                "accuracy": 0.31347962382445144,
                "macro avg": {
                    "precision": 0.3165597060931561,
                    "recall": 0.3141004285992597,
                    "f1-score": 0.29511280082123925,
                    "support": 319.0
                },
                "weighted avg": {
                    "precision": 0.39726223332818605,
                    "recall": 0.31347962382445144,
                    "f1-score": 0.33322368397341995,
                    "support": 319.0
                }
            },
            "auroc_per_class": {
                "class_0": 0.5047814207650274,
                "class_1": 0.5799048751486326,
                "class_2": 0.5584419817470665,
                "class_3": 0.5278673835125447
            }
        },
        {
            "fold": 3,
            "accuracy": 0.29153605015673983,
            "auroc": 0.5567042281628911,
            "n_train_samples": 1277,
            "n_test_samples": 319,
            "classification_report": {
                "0": {
                    "precision": 0.26582278481012656,
                    "recall": 0.328125,
                    "f1-score": 0.2937062937062937,
                    "support": 64.0
                },
                "1": {
                    "precision": 0.4067796610169492,
                    "recall": 0.23076923076923078,
                    "f1-score": 0.294478527607362,
                    "support": 104.0
                },
                "2": {
                    "precision": 0.33707865168539325,
                    "recall": 0.3488372093023256,
                    "f1-score": 0.34285714285714286,
                    "support": 86.0
                },
                "3": {
                    "precision": 0.1956521739130435,
                    "recall": 0.27692307692307694,
                    "f1-score": 0.22929936305732485,
                    "support": 65.0
                },
                "accuracy": 0.29153605015673983,
                "macro avg": {
                    "precision": 0.3013333178563781,
                    "recall": 0.29616362924865836,
                    "f1-score": 0.29008533180703083,
                    "support": 319.0
                },
                "weighted avg": {
                    "precision": 0.31668933643543096,
                    "recall": 0.29153605015673983,
                    "f1-score": 0.2940850863724415,
                    "support": 319.0
                }
            },
            "auroc_per_class": {
                "class_0": 0.5667279411764706,
                "class_1": 0.5642218246869409,
                "class_2": 0.6016818045713146,
                "class_3": 0.4941853422168383
            }
        },
        {
            "fold": 4,
            "accuracy": 0.23197492163009403,
            "auroc": 0.49371232882753424,
            "n_train_samples": 1277,
            "n_test_samples": 319,
            "classification_report": {
                "0": {
                    "precision": 0.20224719101123595,
                    "recall": 0.29508196721311475,
                    "f1-score": 0.24,
                    "support": 61.0
                },
                "1": {
                    "precision": 0.35526315789473684,
                    "recall": 0.3,
                    "f1-score": 0.3253012048192771,
                    "support": 90.0
                },
                "2": {
                    "precision": 0.2033898305084746,
                    "recall": 0.13793103448275862,
                    "f1-score": 0.1643835616438356,
                    "support": 87.0
                },
                "3": {
                    "precision": 0.17894736842105263,
                    "recall": 0.20987654320987653,
                    "f1-score": 0.19318181818181818,
                    "support": 81.0
                },
                "accuracy": 0.23197492163009403,
                "macro avg": {
                    "precision": 0.234961886958875,
                    "recall": 0.23572238622643749,
                    "f1-score": 0.23071664616123272,
                    "support": 319.0
                },
                "weighted avg": {
                    "precision": 0.2398132130362203,
                    "recall": 0.23197492163009403,
                    "f1-score": 0.23155550335258906,
                    "support": 319.0
                }
            },
            "auroc_per_class": {
                "class_0": 0.5905451772779261,
                "class_1": 0.5382823871906841,
                "class_2": 0.4220669837495046,
                "class_3": 0.42395476709202196
            }
        },
        {
            "fold": 5,