{
    "subject_id": 3,
    "trial_id": 0,
    "eval_name": "delta_volume",
    "k_folds": 5,
    "mean_accuracy": 0.713886055156912,
    "std_accuracy": 0.013878973336049432,
    "fold_results": [
        {
            "fold": 1,
            "accuracy": 0.7379182156133829,
            "auroc": 0.803896590093697,
            "n_train_samples": 4303,
            "n_test_samples": 1076,
            "classification_report": {
                "0": {
                    "precision": 0.7722960151802657,
                    "recall": 0.7152899824253075,
                    "f1-score": 0.7427007299270073,
                    "support": 569.0
                },
                "1": {
                    "precision": 0.7049180327868853,
                    "recall": 0.7633136094674556,
                    "f1-score": 0.7329545454545454,
                    "support": 507.0
                },
                "accuracy": 0.7379182156133829,
                "macro avg": {
                    "precision": 0.7386070239835755,
                    "recall": 0.7393017959463816,
                    "f1-score": 0.7378276376907764,
                    "support": 1076.0
                },
                "weighted avg": {
                    "precision": 0.7405482112086635,
                    "recall": 0.7379182156133829,
                    "f1-score": 0.7381084292508565,
                    "support": 1076.0
                }
            }
        },
        {
            "fold": 2,
            "accuracy": 0.6960966542750929,
            "auroc": 0.7488667772249862,
            "n_train_samples": 4303,
            "n_test_samples": 1076,
            "classification_report": {
                "0": {
                    "precision": 0.7414965986394558,
                    "recall": 0.6055555555555555,
                    "f1-score": 0.6666666666666666,
                    "support": 540.0
                },
                "1": {
                    "precision": 0.6645669291338583,
                    "recall": 0.7873134328358209,
                    "f1-score": 0.7207514944491887,
                    "support": 536.0
                },
                "accuracy": 0.6960966542750929,
                "macro avg": {
                    "precision": 0.703031763886657,
                    "recall": 0.6964344941956881,
                    "f1-score": 0.6937090805579277,
                    "support": 1076.0
                },
                "weighted avg": {
                    "precision": 0.7031747558374108,
                    "recall": 0.6960966542750929,
                    "f1-score": 0.6936085511382576,
                    "support": 1076.0
                }
            }
        },
        {
            "fold": 3,
            "accuracy": 0.7174721189591078,
            "auroc": 0.7752453012714207,
            "n_train_samples": 4303,
            "n_test_samples": 1076,
            "classification_report": {
                "0": {
                    "precision": 0.7447257383966245,
                    "recall": 0.6585820895522388,
                    "f1-score": 0.699009900990099,
                    "support": 536.0
                },
                "1": {
                    "precision": 0.6960132890365448,
                    "recall": 0.7759259259259259,
                    "f1-score": 0.7338003502626971,
                    "support": 540.0
                },
                "accuracy": 0.7174721189591078,
                "macro avg": {
                    "precision": 0.7203695137165846,
                    "recall": 0.7172540077390823,
                    "f1-score": 0.716405125626398,
                    "support": 1076.0
                },
                "weighted avg": {
                    "precision": 0.7202789701304135,
                    "recall": 0.7174721189591078,
                    "f1-score": 0.7164697918889864,
                    "support": 1076.0
                }
            }
        },
        {
            "fold": 4,
            "accuracy": 0.7109665427509294,
            "auroc": 0.771942660066486,
            "n_train_samples": 4303,
            "n_test_samples": 1076,
            "classification_report": {
                "0": {
                    "precision": 0.6984732824427481,
                    "recall": 0.7052023121387283,
                    "f1-score": 0.7018216682646213,
                    "support": 519.0
                },
                "1": {
                    "precision": 0.7228260869565217,
                    "recall": 0.7163375224416517,
                    "f1-score": 0.7195671776375113,
                    "support": 557.0
                },
                "accuracy": 0.7109665427509294,
                "macro avg": {
                    "precision": 0.7106496846996349,
                    "recall": 0.71076991729019,
                    "f1-score": 0.7106944229510663,
                    "support": 1076.0
                },
                "weighted avg": {
                    "precision": 0.7110797063406774,
                    "recall": 0.7109665427509294,
                    "f1-score": 0.7110077730236359,
                    "support": 1076.0
                }
            }
        },
        {
            "fold": 5,
            "accuracy": 0.7069767441860465,
            "auroc": 0.7636161842825185,
            "n_train_samples": 4304,
            "n_test_samples": 1075,
            "classification_report": {
                "0": {
                    "precision": 0.7139959432048681,
                    "recall": 0.6692015209125475,
                    "f1-score": 0.6908734052993131,
                    "support": 526.0
                },
                "1": {
                    "precision": 0.7010309278350515,
                    "recall": 0.7431693989071039,
                    "f1-score": 0.7214854111405835,
                    "support": 549.0
                },
                "accuracy": 0.7069767441860465,
                "macro avg": {
                    "precision": 0.7075134355199598,
                    "recall": 0.7061854599098256,
                    "f1-score": 0.7061794082199483,
                    "support": 1075.0
                },
                "weighted avg": {
                    "precision": 0.7073747400067013,
                    "recall": 0.7069767441860465,
                    "f1-score": 0.7065068854917386,
                    "support": 1075.0
                }
            }
        }
    ],
    "n_classes": 2
}