{
    "subject_id": 6,
    "trial_id": 1,
    "eval_name": "word_head_pos",
    "k_folds": 5,
    "mean_accuracy": 0.49984189922334255,
    "std_accuracy": 0.007679024763152805,
    "fold_results": [
        {
            "fold": 1,
            "accuracy": 0.49008723235527357,
            "auroc": 0.4967408805031447,
            "n_train_samples": 5043,
            "n_test_samples": 1261,
            "classification_report": {
                "0": {
                    "precision": 0.4939759036144578,
                    "recall": 0.45125786163522014,
                    "f1-score": 0.47165160230073955,
                    "support": 636.0
                },
                "1": {
                    "precision": 0.48676470588235293,
                    "recall": 0.5296,
                    "f1-score": 0.5072796934865901,
                    "support": 625.0
                },
                "accuracy": 0.49008723235527357,
                "macro avg": {
                    "precision": 0.4903703047484054,
                    "recall": 0.4904289308176101,
                    "f1-score": 0.4894656478936648,
                    "support": 1261.0
                },
                "weighted avg": {
                    "precision": 0.4904017572365311,
                    "recall": 0.49008723235527357,
                    "f1-score": 0.4893102517782626,
                    "support": 1261.0
                }
            }
        },
        {
            "fold": 2,
            "accuracy": 0.5043616177636796,
            "auroc": 0.5061139146698662,
            "n_train_samples": 5043,
            "n_test_samples": 1261,
            "classification_report": {
                "0": {
                    "precision": 0.48205928237129486,
                    "recall": 0.5132890365448505,
                    "f1-score": 0.49718423169750603,
                    "support": 602.0
                },
                "1": {
                    "precision": 0.5274193548387097,
                    "recall": 0.496206373292868,
                    "f1-score": 0.5113369820172009,
                    "support": 659.0
                },
                "accuracy": 0.5043616177636796,
                "macro avg": {
                    "precision": 0.5047393186050023,
                    "recall": 0.5047477049188592,
                    "f1-score": 0.5042606068573534,
                    "support": 1261.0
                },
                "weighted avg": {
                    "precision": 0.5057645066028781,
                    "recall": 0.5043616177636796,
                    "f1-score": 0.5045804747273862,
                    "support": 1261.0
                }
            }
        },
        {
            "fold": 3,
            "accuracy": 0.4916732751784298,
            "auroc": 0.49030802714508104,
            "n_train_samples": 5043,
            "n_test_samples": 1261,
            "classification_report": {
                "0": {
                    "precision": 0.47318611987381703,
                    "recall": 0.4942339373970346,
                    "f1-score": 0.48348106365834004,
                    "support": 607.0
                },
                "1": {
                    "precision": 0.5103668261562998,
                    "recall": 0.4892966360856269,
                    "f1-score": 0.4996096799375488,
                    "support": 654.0
                },
                "accuracy": 0.4916732751784298,
                "macro avg": {
                    "precision": 0.49177647301505845,
                    "recall": 0.49176528674133074,
                    "f1-score": 0.49154537179794444,
                    "support": 1261.0
                },
                "weighted avg": {
                    "precision": 0.4924693727752792,
                    "recall": 0.4916732751784298,
                    "f1-score": 0.4918459447420851,
                    "support": 1261.0
                }
            }
        },
        {
            "fold": 4,
            "accuracy": 0.5099127676447264,
            "auroc": 0.5140286665089187,
            "n_train_samples": 5043,
            "n_test_samples": 1261,
            "classification_report": {
                "0": {
                    "precision": 0.522273425499232,
                    "recall": 0.5255023183925811,
                    "f1-score": 0.5238828967642527,
                    "support": 647.0
                },
                "1": {
                    "precision": 0.4967213114754098,
                    "recall": 0.49348534201954397,
                    "f1-score": 0.4950980392156863,
                    "support": 614.0
                },
                "accuracy": 0.5099127676447264,
                "macro avg": {
                    "precision": 0.5094973684873209,
                    "recall": 0.5094938302060625,
                    "f1-score": 0.5094904679899694,
                    "support": 1261.0
                },
                "weighted avg": {
                    "precision": 0.5098317141505986,
                    "recall": 0.5099127676447264,
                    "f1-score": 0.509867113627996,
                    "support": 1261.0
                }
            }
        },
        {
            "fold": 5,
            "accuracy": 0.5031746031746032,
            "auroc": 0.4974444444444444,
            "n_train_samples": 5044,
            "n_test_samples": 1260,
            "classification_report": {
                "0": {
                    "precision": 0.5265625,
                    "recall": 0.5106060606060606,
                    "f1-score": 0.5184615384615384,
                    "support": 660.0
                },
                "1": {
                    "precision": 0.4790322580645161,
                    "recall": 0.495,
                    "f1-score": 0.48688524590163934,
                    "support": 600.0
                },
                "accuracy": 0.5031746031746032,
                "macro avg": {
                    "precision": 0.5027973790322581,
                    "recall": 0.5028030303030303,
                    "f1-score": 0.5026733921815889,
                    "support": 1260.0
                },
                "weighted avg": {
                    "precision": 0.5039290514592935,
                    "recall": 0.5031746031746032,
                    "f1-score": 0.5034252086711103,
                    "support": 1260.0
                }
            }
        }
    ],
    "n_classes": 2
}