{
    "subject_id": 10,
    "trial_id": 0,
    "eval_name": "delta_volume",
    "k_folds": 5,
    "mean_accuracy": 0.5645772937597464,
    "std_accuracy": 0.027832371367524485,
    "fold_results": [
        {
            "fold": 1,
            "accuracy": 0.5683615819209039,
            "auroc": 0.5872531969309464,
            "n_train_samples": 3536,
            "n_test_samples": 885,
            "classification_report": {
                "0": {
                    "precision": 0.5866666666666667,
                    "recall": 0.5739130434782609,
                    "f1-score": 0.5802197802197803,
                    "support": 460.0
                },
                "1": {
                    "precision": 0.5494252873563218,
                    "recall": 0.5623529411764706,
                    "f1-score": 0.5558139534883721,
                    "support": 425.0
                },
                "accuracy": 0.5683615819209039,
                "macro avg": {
                    "precision": 0.5680459770114943,
                    "recall": 0.5681329923273657,
                    "f1-score": 0.5680168668540762,
                    "support": 885.0
                },
                "weighted avg": {
                    "precision": 0.5687823884667835,
                    "recall": 0.5683615819209039,
                    "f1-score": 0.5684994679476351,
                    "support": 885.0
                }
            }
        },
        {
            "fold": 2,
            "accuracy": 0.5859728506787331,
            "auroc": 0.6128550074738415,
            "n_train_samples": 3537,
            "n_test_samples": 884,
            "classification_report": {
                "0": {
                    "precision": 0.5952380952380952,
                    "recall": 0.5605381165919282,
                    "f1-score": 0.5773672055427251,
                    "support": 446.0
                },
                "1": {
                    "precision": 0.5775862068965517,
                    "recall": 0.6118721461187214,
                    "f1-score": 0.5942350332594235,
                    "support": 438.0
                },
                "accuracy": 0.5859728506787331,
                "macro avg": {
                    "precision": 0.5864121510673235,
                    "recall": 0.5862051313553248,
                    "f1-score": 0.5858011194010744,
                    "support": 884.0
                },
                "weighted avg": {
                    "precision": 0.586492023865249,
                    "recall": 0.5859728506787331,
                    "f1-score": 0.5857247943887816,
                    "support": 884.0
                }
            }
        },
        {
            "fold": 3,
            "accuracy": 0.5622171945701357,
            "auroc": 0.5859029144121988,
            "n_train_samples": 3537,
            "n_test_samples": 884,
            "classification_report": {
                "0": {
                    "precision": 0.5793103448275863,
                    "recall": 0.5526315789473685,
                    "f1-score": 0.5656565656565656,
                    "support": 456.0
                },
                "1": {
                    "precision": 0.5456570155902004,
                    "recall": 0.572429906542056,
                    "f1-score": 0.5587229190421893,
                    "support": 428.0
                },
                "accuracy": 0.5622171945701357,
                "macro avg": {
                    "precision": 0.5624836802088933,
                    "recall": 0.5625307427447123,
                    "f1-score": 0.5621897423493775,
                    "support": 884.0
                },
                "weighted avg": {
                    "precision": 0.5630166514864086,
                    "recall": 0.5622171945701357,
                    "f1-score": 0.5622995512324105,
                    "support": 884.0
                }
            }
        },
        {
            "fold": 4,
            "accuracy": 0.5135746606334841,
            "auroc": 0.5256599442531562,
            "n_train_samples": 3537,
            "n_test_samples": 884,
            "classification_report": {
                "0": {
                    "precision": 0.49764150943396224,
                    "recall": 0.4929906542056075,
                    "f1-score": 0.4953051643192488,
                    "support": 428.0
                },
                "1": {
                    "precision": 0.5282608695652173,
                    "recall": 0.5328947368421053,
                    "f1-score": 0.5305676855895196,
                    "support": 456.0
                },
                "accuracy": 0.5135746606334841,
                "macro avg": {
                    "precision": 0.5129511894995897,
                    "recall": 0.5129426955238564,
                    "f1-score": 0.5129364249543842,
                    "support": 884.0
                },
                "weighted avg": {
                    "precision": 0.5134361114926188,
                    "recall": 0.5135746606334841,
                    "f1-score": 0.5134948811735967,
                    "support": 884.0
                }
            }
        },
        {
            "fold": 5,
            "accuracy": 0.5927601809954751,
            "auroc": 0.611682561832108,
            "n_train_samples": 3537,
            "n_test_samples": 884,
            "classification_report": {
                "0": {
                    "precision": 0.5697940503432495,
                    "recall": 0.5914489311163895,
                    "f1-score": 0.5804195804195804,
                    "support": 421.0
                },
                "1": {
                    "precision": 0.6152125279642058,
                    "recall": 0.593952483801296,
                    "f1-score": 0.6043956043956044,
                    "support": 463.0
                },
                "accuracy": 0.5927601809954751,
                "macro avg": {
                    "precision": 0.5925032891537276,
                    "recall": 0.5927007074588427,
                    "f1-score": 0.5924075924075924,
                    "support": 884.0
                },
                "weighted avg": {
                    "precision": 0.593582234889067,
                    "recall": 0.5927601809954751,
                    "f1-score": 0.5929771585880182,
                    "support": 884.0
                }
            }
        }
    ],
    "n_classes": 2
}