{
    "subject_id": 4,
    "trial_id": 2,
    "eval_name": "speech",
    "k_folds": 5,
    "mean_accuracy": 0.6047966808783753,
    "std_accuracy": 0.0668573450386237,
    "fold_results": [
        {
            "fold": 1,
            "accuracy": 0.5506807866868382,
            "auroc": 0.599853520095212,
            "n_train_samples": 2641,
            "n_test_samples": 661,
            "classification_report": {
                "0": {
                    "precision": 0.5854922279792746,
                    "recall": 0.3424242424242424,
                    "f1-score": 0.4321223709369025,
                    "support": 330.0
                },
                "1": {
                    "precision": 0.5363247863247863,
                    "recall": 0.7583081570996979,
                    "f1-score": 0.6282853566958698,
                    "support": 331.0
                },
                "accuracy": 0.5506807866868382,
                "macro avg": {
                    "precision": 0.5609085071520304,
                    "recall": 0.5503661997619702,
                    "f1-score": 0.5302038638163862,
                    "support": 661.0
                },
                "weighted avg": {
                    "precision": 0.5608713154412479,
                    "recall": 0.5506807866868382,
                    "f1-score": 0.5303522473154474,
                    "support": 661.0
                }
            }
        },
        {
            "fold": 2,
            "accuracy": 0.6202723146747352,
            "auroc": 0.675460038450975,
            "n_train_samples": 2641,
            "n_test_samples": 661,
            "classification_report": {
                "0": {
                    "precision": 0.6652892561983471,
                    "recall": 0.486404833836858,
                    "f1-score": 0.5619546247818499,
                    "support": 331.0
                },
                "1": {
                    "precision": 0.594272076372315,
                    "recall": 0.7545454545454545,
                    "f1-score": 0.664886515353805,
                    "support": 330.0
                },
                "accuracy": 0.6202723146747352,
                "macro avg": {
                    "precision": 0.6297806662853311,
                    "recall": 0.6204751441911562,
                    "f1-score": 0.6134205700678275,
                    "support": 661.0
                },
                "weighted avg": {
                    "precision": 0.629834385785956,
                    "recall": 0.6202723146747352,
                    "f1-score": 0.6133427093336581,
                    "support": 661.0
                }
            }
        },
        {
            "fold": 3,
            "accuracy": 0.6439393939393939,
            "auroc": 0.6747337006427916,
            "n_train_samples": 2642,
            "n_test_samples": 660,
            "classification_report": {
                "0": {
                    "precision": 0.631578947368421,
                    "recall": 0.6909090909090909,
                    "f1-score": 0.6599131693198264,
                    "support": 330.0
                },
                "1": {
                    "precision": 0.6588628762541806,
                    "recall": 0.5969696969696969,
                    "f1-score": 0.6263910969793323,
                    "support": 330.0
                },
                "accuracy": 0.6439393939393939,
                "macro avg": {
                    "precision": 0.6452209118113008,
                    "recall": 0.6439393939393939,
                    "f1-score": 0.6431521331495793,
                    "support": 660.0
                },
                "weighted avg": {
                    "precision": 0.6452209118113008,
                    "recall": 0.6439393939393939,
                    "f1-score": 0.6431521331495792,
                    "support": 660.0
                }
            }
        },
        {
            "fold": 4,
            "accuracy": 0.6984848484848485,
            "auroc": 0.7711524334251607,
            "n_train_samples": 2642,
            "n_test_samples": 660,
            "classification_report": {
                "0": {
                    "precision": 0.6990881458966566,
                    "recall": 0.696969696969697,
                    "f1-score": 0.6980273141122914,
                    "support": 330.0
                },
                "1": {
                    "precision": 0.6978851963746223,
                    "recall": 0.7,
                    "f1-score": 0.6989409984871406,
                    "support": 330.0
                },
                "accuracy": 0.6984848484848485,
                "macro avg": {
                    "precision": 0.6984866711356394,
                    "recall": 0.6984848484848485,
                    "f1-score": 0.6984841562997159,
                    "support": 660.0
                },
                "weighted avg": {
                    "precision": 0.6984866711356394,
                    "recall": 0.6984848484848485,
                    "f1-score": 0.698484156299716,
                    "support": 660.0
                }
            }
        },
        {
            "fold": 5,
            "accuracy": 0.5106060606060606,
            "auroc": 0.5244444444444444,
            "n_train_samples": 2642,
            "n_test_samples": 660,
            "classification_report": {
                "0": {
                    "precision": 0.5150214592274678,
                    "recall": 0.36363636363636365,
                    "f1-score": 0.42628774422735344,
                    "support": 330.0
                },
                "1": {
                    "precision": 0.5081967213114754,
                    "recall": 0.6575757575757576,
                    "f1-score": 0.5733157199471598,
                    "support": 330.0
                },
                "accuracy": 0.5106060606060606,
                "macro avg": {
                    "precision": 0.5116090902694717,
                    "recall": 0.5106060606060606,
                    "f1-score": 0.49980173208725664,
                    "support": 660.0
                },
                "weighted avg": {
                    "precision": 0.5116090902694715,
                    "recall": 0.5106060606060606,
                    "f1-score": 0.4998017320872566,
                    "support": 660.0
                }
            }
        }
    ],
    "n_classes": 2
}