{
    "subject_id": 2,
    "trial_id": 0,
    "eval_name": "delta_pitch",
    "k_folds": 5,
    "mean_accuracy": 0.5026608679937613,
    "std_accuracy": 0.012467399232174875,
    "fold_results": [
        {
            "fold": 1,
            "accuracy": 0.4943977591036415,
            "auroc": 0.4867897727272727,
            "n_train_samples": 2855,
            "n_test_samples": 714,
            "classification_report": {
                "0": {
                    "precision": 0.532033426183844,
                    "recall": 0.4973958333333333,
                    "f1-score": 0.5141318977119784,
                    "support": 384.0
                },
                "1": {
                    "precision": 0.4563380281690141,
                    "recall": 0.4909090909090909,
                    "f1-score": 0.472992700729927,
                    "support": 330.0
                },
                "accuracy": 0.4943977591036415,
                "macro avg": {
                    "precision": 0.49418572717642906,
                    "recall": 0.4941524621212121,
                    "f1-score": 0.49356229922095274,
                    "support": 714.0
                },
                "weighted avg": {
                    "precision": 0.49704815819379655,
                    "recall": 0.4943977591036415,
                    "f1-score": 0.49511798314044203,
                    "support": 714.0
                }
            }
        },
        {
            "fold": 2,
            "accuracy": 0.49159663865546216,
            "auroc": 0.49245009620485697,
            "n_train_samples": 2855,
            "n_test_samples": 714,
            "classification_report": {
                "0": {
                    "precision": 0.446524064171123,
                    "recall": 0.5170278637770898,
                    "f1-score": 0.47919655667144906,
                    "support": 323.0
                },
                "1": {
                    "precision": 0.5411764705882353,
                    "recall": 0.47058823529411764,
                    "f1-score": 0.5034199726402189,
                    "support": 391.0
                },
                "accuracy": 0.49159663865546216,
                "macro avg": {
                    "precision": 0.49385026737967913,
                    "recall": 0.4938080495356037,
                    "f1-score": 0.491308264655834,
                    "support": 714.0
                },
                "weighted avg": {
                    "precision": 0.498357524828113,
                    "recall": 0.49159663865546216,
                    "f1-score": 0.4924617606543468,
                    "support": 714.0
                }
            }
        },
        {
            "fold": 3,
            "accuracy": 0.5266106442577031,
            "auroc": 0.5321912369391397,
            "n_train_samples": 2855,
            "n_test_samples": 714,
            "classification_report": {
                "0": {
                    "precision": 0.504297994269341,
                    "recall": 0.5161290322580645,
                    "f1-score": 0.5101449275362319,
                    "support": 341.0
                },
                "1": {
                    "precision": 0.547945205479452,
                    "recall": 0.5361930294906166,
                    "f1-score": 0.5420054200542005,
                    "support": 373.0
                },
                "accuracy": 0.5266106442577031,
                "macro avg": {
                    "precision": 0.5261215998743964,
                    "recall": 0.5261610308743405,
                    "f1-score": 0.5260751737952162,
                    "support": 714.0
                },
                "weighted avg": {
                    "precision": 0.5270996886410096,
                    "recall": 0.5266106442577031,
                    "f1-score": 0.5267891344118654,
                    "support": 714.0
                }
            }
        },
        {
            "fold": 4,
            "accuracy": 0.5014005602240896,
            "auroc": 0.4956354199433784,
            "n_train_samples": 2855,
            "n_test_samples": 714,
            "classification_report": {
                "0": {
                    "precision": 0.5251396648044693,
                    "recall": 0.5026737967914439,
                    "f1-score": 0.5136612021857924,
                    "support": 374.0
                },
                "1": {
                    "precision": 0.47752808988764045,
                    "recall": 0.5,
                    "f1-score": 0.4885057471264368,
                    "support": 340.0
                },
                "accuracy": 0.5014005602240896,
                "macro avg": {
                    "precision": 0.5013338773460548,
                    "recall": 0.5013368983957219,
                    "f1-score": 0.5010834746561146,
                    "support": 714.0
                },
                "weighted avg": {
                    "precision": 0.502467486272646,
                    "recall": 0.5014005602240896,
                    "f1-score": 0.5016824140622897,
                    "support": 714.0
                }
            }
        },
        {
            "fold": 5,
            "accuracy": 0.4992987377279102,
            "auroc": 0.5096418732782368,
            "n_train_samples": 2856,
            "n_test_samples": 713,
            "classification_report": {
                "0": {
                    "precision": 0.5085227272727273,
                    "recall": 0.4931129476584022,
                    "f1-score": 0.5006993006993007,
                    "support": 363.0
                },
                "1": {
                    "precision": 0.4903047091412742,
                    "recall": 0.5057142857142857,
                    "f1-score": 0.4978902953586498,
                    "support": 350.0
                },
                "accuracy": 0.4992987377279102,
                "macro avg": {
                    "precision": 0.49941371820700076,
                    "recall": 0.49941361668634393,
                    "f1-score": 0.49929479802897525,
                    "support": 713.0
                },
                "weighted avg": {
                    "precision": 0.4995798011212426,
                    "recall": 0.4992987377279102,
                    "f1-score": 0.49932040607205275,
                    "support": 713.0
                }
            }
        }
    ],
    "n_classes": 2
}