{
    "subject_id": 1,
    "trial_id": 2,
    "eval_name": "speaker",
    "k_folds": 5,
    "mean_accuracy": 0.20984145239464386,
    "std_accuracy": 0.048084967402910544,
    "fold_results": [
        {
            "fold": 1,
            "accuracy": 0.13320463320463322,
            "auroc": NaN,
            "n_train_samples": 2070,
            "n_test_samples": 518,
            "classification_report": {
                "0": {
                    "precision": 0.3037974683544304,
                    "recall": 0.13186813186813187,
                    "f1-score": 0.1839080459770115,
                    "support": 182.0
                },
                "1": {
                    "precision": 0.0,
                    "recall": 0.0,
                    "f1-score": 0.0,
                    "support": 0.0
                },
                "2": {
                    "precision": 0.16521739130434782,
                    "recall": 0.16666666666666666,
                    "f1-score": 0.16593886462882096,
                    "support": 114.0
                },
                "3": {
                    "precision": 0.37142857142857144,
                    "recall": 0.11711711711711711,
                    "f1-score": 0.1780821917808219,
                    "support": 222.0
                },
                "accuracy": 0.13320463320463322,
                "macro avg": {
                    "precision": 0.2101108577718374,
                    "recall": 0.1039129789129789,
                    "f1-score": 0.1319822755966636,
                    "support": 518.0
                },
                "weighted avg": {
                    "precision": 0.3022839086995074,
                    "recall": 0.13320463320463322,
                    "f1-score": 0.17745664384332846,
                    "support": 518.0
                }
            },
            "auroc_per_class": {
                "class_0": 0.5375130821559393,
                "class_1": NaN,
                "class_2": 0.4539473684210526
            }
        },
        {
            "fold": 2,
            "accuracy": 0.22007722007722008,
            "auroc": 0.520699967795627,
            "n_train_samples": 2070,
            "n_test_samples": 518,
            "classification_report": {
                "0": {
                    "precision": 0.0875,
                    "recall": 0.3181818181818182,
                    "f1-score": 0.13725490196078433,
                    "support": 44.0
                },
                "1": {
                    "precision": 0.7402597402597403,
                    "recall": 0.1832797427652733,
                    "f1-score": 0.29381443298969073,
                    "support": 311.0
                },
                "2": {
                    "precision": 0.15135135135135136,
                    "recall": 0.4,
                    "f1-score": 0.2196078431372549,
                    "support": 70.0
                },
                "3": {
                    "precision": 0.15625,
                    "recall": 0.16129032258064516,
                    "f1-score": 0.15873015873015872,
                    "support": 93.0
                },
                "accuracy": 0.22007722007722008,
                "macro avg": {
                    "precision": 0.2838402729027729,
                    "recall": 0.2656879708819342,
                    "f1-score": 0.20235183420447217,
                    "support": 518.0
                },
                "weighted avg": {
                    "precision": 0.5003795826551618,
                    "recall": 0.22007722007722008,
                    "f1-score": 0.2462354404007354,
                    "support": 518.0
                }
            },
            "auroc_per_class": {
                "class_0": 0.503596087456847,
                "class_1": 0.5236342171893689,
                "class_2": 0.5427295918367347,
                "class_3": 0.5128399746995572
            }
        },
        {
            "fold": 3,
            "accuracy": 0.20656370656370657,
            "auroc": 0.4642328282406821,
            "n_train_samples": 2070,
            "n_test_samples": 518,
            "classification_report": {
                "0": {
                    "precision": 0.3394495412844037,
                    "recall": 0.27007299270072993,
                    "f1-score": 0.3008130081300813,
                    "support": 137.0
                },
                "1": {
                    "precision": 0.14634146341463414,
                    "recall": 0.12857142857142856,
                    "f1-score": 0.13688212927756654,
                    "support": 140.0
                },
                "2": {
                    "precision": 0.2786885245901639,
                    "recall": 0.19883040935672514,
                    "f1-score": 0.23208191126279865,
                    "support": 171.0
                },
                "3": {
                    "precision": 0.10975609756097561,
                    "recall": 0.2571428571428571,
                    "f1-score": 0.15384615384615385,
                    "support": 70.0
                },
                "accuracy": 0.20656370656370657,
                "macro avg": {
                    "precision": 0.21855890671254433,
                    "recall": 0.21365442194293519,
                    "f1-score": 0.2059058006291501,
                    "support": 518.0
                },
                "weighted avg": {
                    "precision": 0.23616034086524793,
                    "recall": 0.20656370656370657,
                    "f1-score": 0.21395775638581044,
                    "support": 518.0
                }
            },
            "auroc_per_class": {
                "class_0": 0.5400885108339559,
                "class_1": 0.331103552532124,
                "class_2": 0.4914471577599137,
                "class_3": 0.4942920918367347
            }
        },
        {
            "fold": 4,
            "accuracy": 0.28433268858800775,
            "auroc": 0.5406548006460616,
            "n_train_samples": 2071,
            "n_test_samples": 517,
            "classification_report": {
                "0": {
                    "precision": 0.4166666666666667,
                    "recall": 0.3125,
                    "f1-score": 0.35714285714285715,
                    "support": 160.0
                },
                "1": {
                    "precision": 0.21428571428571427,
                    "recall": 0.0821917808219178,
                    "f1-score": 0.1188118811881188,
                    "support": 146.0
                },
                "2": {
                    "precision": 0.1893491124260355,
                    "recall": 0.4444444444444444,
                    "f1-score": 0.26556016597510373,
                    "support": 72.0
                },
                "3": {
                    "precision": 0.3081395348837209,
                    "recall": 0.381294964028777,
                    "f1-score": 0.3408360128617363,
                    "support": 139.0
                },
                "accuracy": 0.28433268858800775,
                "macro avg": {
                    "precision": 0.28211025706553433,
                    "recall": 0.3051077973237848,
                    "f1-score": 0.270587729291954,
                    "support": 517.0
                },
                "weighted avg": {
                    "precision": 0.298678747380837,
                    "recall": 0.28433268858800775,
                    "f1-score": 0.2727000571263275,
                    "support": 517.0
                }
            },
            "auroc_per_class": {
                "class_0": 0.5802696078431373,
                "class_1": 0.49316914669719014,
                "class_2": 0.5780274656679151,
                "class_3": 0.5111529823760039
            }
        },
        {
            "fold": 5,
            "accuracy": 0.20502901353965183,