{
    "subject_id": 4,
    "trial_id": 2,
    "eval_name": "delta_pitch",
    "k_folds": 5,
    "mean_accuracy": 0.5199755620723362,
    "std_accuracy": 0.01022196887642838,
    "fold_results": [
        {
            "fold": 1,
            "accuracy": 0.5362903225806451,
            "auroc": 0.5221972509934206,
            "n_train_samples": 1981,
            "n_test_samples": 496,
            "classification_report": {
                "0": {
                    "precision": 0.551094890510949,
                    "recall": 0.5852713178294574,
                    "f1-score": 0.5676691729323309,
                    "support": 258.0
                },
                "1": {
                    "precision": 0.5180180180180181,
                    "recall": 0.4831932773109244,
                    "f1-score": 0.5,
                    "support": 238.0
                },
                "accuracy": 0.5362903225806451,
                "macro avg": {
                    "precision": 0.5345564542644835,
                    "recall": 0.5342322975701909,
                    "f1-score": 0.5338345864661654,
                    "support": 496.0
                },
                "weighted avg": {
                    "precision": 0.5352233266937766,
                    "recall": 0.5362903225806451,
                    "f1-score": 0.5351988843075431,
                    "support": 496.0
                }
            }
        },
        {
            "fold": 2,
            "accuracy": 0.5241935483870968,
            "auroc": 0.5220852091081098,
            "n_train_samples": 1981,
            "n_test_samples": 496,
            "classification_report": {
                "0": {
                    "precision": 0.5492424242424242,
                    "recall": 0.5534351145038168,
                    "f1-score": 0.5513307984790875,
                    "support": 262.0
                },
                "1": {
                    "precision": 0.4956896551724138,
                    "recall": 0.49145299145299143,
                    "f1-score": 0.49356223175965663,
                    "support": 234.0
                },
                "accuracy": 0.5241935483870968,
                "macro avg": {
                    "precision": 0.522466039707419,
                    "recall": 0.5224440529784041,
                    "f1-score": 0.522446515119372,
                    "support": 496.0
                },
                "weighted avg": {
                    "precision": 0.523977609802137,
                    "recall": 0.5241935483870968,
                    "f1-score": 0.5240770795025818,
                    "support": 496.0
                }
            }
        },
        {
            "fold": 3,
            "accuracy": 0.509090909090909,
            "auroc": 0.5315766980077585,
            "n_train_samples": 1982,
            "n_test_samples": 495,
            "classification_report": {
                "0": {
                    "precision": 0.5523012552301255,
                    "recall": 0.4925373134328358,
                    "f1-score": 0.5207100591715976,
                    "support": 268.0
                },
                "1": {
                    "precision": 0.46875,
                    "recall": 0.5286343612334802,
                    "f1-score": 0.4968944099378882,
                    "support": 227.0
                },
                "accuracy": 0.509090909090909,
                "macro avg": {
                    "precision": 0.5105256276150627,
                    "recall": 0.510585837333158,
                    "f1-score": 0.5088022345547429,
                    "support": 495.0
                },
                "weighted avg": {
                    "precision": 0.5139858311144921,
                    "recall": 0.509090909090909,
                    "f1-score": 0.5097885392199774,
                    "support": 495.0
                }
            }
        },
        {
            "fold": 4,
            "accuracy": 0.5212121212121212,
            "auroc": 0.5079567682259722,
            "n_train_samples": 1982,
            "n_test_samples": 495,
            "classification_report": {
                "0": {
                    "precision": 0.45535714285714285,
                    "recall": 0.4700460829493088,
                    "f1-score": 0.46258503401360546,
                    "support": 217.0
                },
                "1": {
                    "precision": 0.5756457564575646,
                    "recall": 0.5611510791366906,
                    "f1-score": 0.5683060109289617,
                    "support": 278.0
                },
                "accuracy": 0.5212121212121212,
                "macro avg": {
                    "precision": 0.5155014496573537,
                    "recall": 0.5155985810429997,
                    "f1-score": 0.5154455224712836,
                    "support": 495.0
                },
                "weighted avg": {
                    "precision": 0.5229131723135413,
                    "recall": 0.5212121212121212,
                    "f1-score": 0.5219596432711187,
                    "support": 495.0
                }
            }
        },
        {
            "fold": 5,
            "accuracy": 0.509090909090909,
            "auroc": 0.5058617414939254,
            "n_train_samples": 1982,
            "n_test_samples": 495,
            "classification_report": {
                "0": {
                    "precision": 0.47804878048780486,
                    "recall": 0.4188034188034188,
                    "f1-score": 0.44646924829157175,
                    "support": 234.0
                },
                "1": {
                    "precision": 0.5310344827586206,
                    "recall": 0.5900383141762452,
                    "f1-score": 0.558983666061706,
                    "support": 261.0
                },
                "accuracy": 0.509090909090909,
                "macro avg": {
                    "precision": 0.5045416316232127,
                    "recall": 0.504420866489832,
                    "f1-score": 0.5027264571766389,
                    "support": 495.0
                },
                "weighted avg": {
                    "precision": 0.5059866962305987,
                    "recall": 0.509090909090909,
                    "f1-score": 0.5057950322067335,
                    "support": 495.0
                }
            }
        }
    ],
    "n_classes": 2
}