{
    "subject_id": 6,
    "trial_id": 4,
    "eval_name": "local_flow",
    "k_folds": 5,
    "mean_accuracy": 0.49517838317705165,
    "std_accuracy": 0.028273784547053104,
    "fold_results": [
        {
            "fold": 1,
            "accuracy": 0.46096654275092935,
            "auroc": 0.44980962270681896,
            "n_train_samples": 1072,
            "n_test_samples": 269,
            "classification_report": {
                "0": {
                    "precision": 0.5602836879432624,
                    "recall": 0.4876543209876543,
                    "f1-score": 0.5214521452145214,
                    "support": 162.0
                },
                "1": {
                    "precision": 0.3515625,
                    "recall": 0.4205607476635514,
                    "f1-score": 0.3829787234042553,
                    "support": 107.0
                },
                "accuracy": 0.46096654275092935,
                "macro avg": {
                    "precision": 0.4559230939716312,
                    "recall": 0.45410753432560286,
                    "f1-score": 0.4522154343093884,
                    "support": 269.0
                },
                "weighted avg": {
                    "precision": 0.4772607618840465,
                    "recall": 0.46096654275092935,
                    "f1-score": 0.4663716391412929,
                    "support": 269.0
                }
            }
        },
        {
            "fold": 2,
            "accuracy": 0.503731343283582,
            "auroc": 0.49249901302803,
            "n_train_samples": 1073,
            "n_test_samples": 268,
            "classification_report": {
                "0": {
                    "precision": 0.5606060606060606,
                    "recall": 0.4966442953020134,
                    "f1-score": 0.5266903914590747,
                    "support": 149.0
                },
                "1": {
                    "precision": 0.4485294117647059,
                    "recall": 0.5126050420168067,
                    "f1-score": 0.47843137254901963,
                    "support": 119.0
                },
                "accuracy": 0.503731343283582,
                "macro avg": {
                    "precision": 0.5045677361853832,
                    "recall": 0.50462466865941,
                    "f1-score": 0.5025608820040471,
                    "support": 268.0
                },
                "weighted avg": {
                    "precision": 0.5108406829488918,
                    "recall": 0.503731343283582,
                    "f1-score": 0.5052619464952817,
                    "support": 268.0
                }
            }
        },
        {
            "fold": 3,
            "accuracy": 0.5261194029850746,
            "auroc": 0.5202325061479991,
            "n_train_samples": 1073,
            "n_test_samples": 268,
            "classification_report": {
                "0": {
                    "precision": 0.49586776859504134,
                    "recall": 0.47619047619047616,
                    "f1-score": 0.48582995951417,
                    "support": 126.0
                },
                "1": {
                    "precision": 0.5510204081632653,
                    "recall": 0.5704225352112676,
                    "f1-score": 0.5605536332179931,
                    "support": 142.0
                },
                "accuracy": 0.5261194029850746,
                "macro avg": {
                    "precision": 0.5234440883791533,
                    "recall": 0.5233065057008719,
                    "f1-score": 0.5231917963660816,
                    "support": 268.0
                },
                "weighted avg": {
                    "precision": 0.5250904358289511,
                    "recall": 0.5261194029850746,
                    "f1-score": 0.5254223537900763,
                    "support": 268.0
                }
            }
        },
        {
            "fold": 4,
            "accuracy": 0.5223880597014925,
            "auroc": 0.5032904488053596,
            "n_train_samples": 1073,
            "n_test_samples": 268,
            "classification_report": {
                "0": {
                    "precision": 0.392,
                    "recall": 0.48514851485148514,
                    "f1-score": 0.4336283185840708,
                    "support": 101.0
                },
                "1": {
                    "precision": 0.6363636363636364,
                    "recall": 0.5449101796407185,
                    "f1-score": 0.5870967741935483,
                    "support": 167.0
                },
                "accuracy": 0.5223880597014925,
                "macro avg": {
                    "precision": 0.5141818181818182,
                    "recall": 0.5150293472461018,
                    "f1-score": 0.5103625463888095,
                    "support": 268.0
                },
                "weighted avg": {
                    "precision": 0.5442713704206241,
                    "recall": 0.5223880597014925,
                    "f1-score": 0.5292597815944542,
                    "support": 268.0
                }
            }
        },
        {
            "fold": 5,
            "accuracy": 0.4626865671641791,
            "auroc": 0.47329434697855755,
            "n_train_samples": 1073,
            "n_test_samples": 268,
            "classification_report": {
                "0": {
                    "precision": 0.46258503401360546,
                    "recall": 0.5112781954887218,
                    "f1-score": 0.4857142857142857,
                    "support": 133.0
                },
                "1": {
                    "precision": 0.4628099173553719,
                    "recall": 0.4148148148148148,
                    "f1-score": 0.4375,
                    "support": 135.0
                },
                "accuracy": 0.4626865671641791,
                "macro avg": {
                    "precision": 0.4626974756844887,
                    "recall": 0.46304650515176826,
                    "f1-score": 0.4616071428571429,
                    "support": 268.0
                },
                "weighted avg": {
                    "precision": 0.46269831480143553,
                    "recall": 0.4626865671641791,
                    "f1-score": 0.46142723880597014,
                    "support": 268.0
                }
            }
        }
    ],
    "n_classes": 2
}