{
    "subject_id": 9,
    "trial_id": 0,
    "eval_name": "global_flow_angle",
    "k_folds": 5,
    "mean_accuracy": 0.2577813700585728,
    "std_accuracy": 0.03177300825666203,
    "fold_results": [
        {
            "fold": 1,
            "accuracy": 0.2951945080091533,
            "auroc": 0.5506013341362161,
            "n_train_samples": 1747,
            "n_test_samples": 437,
            "classification_report": {
                "0": {
                    "precision": 0.2956521739130435,
                    "recall": 0.2698412698412698,
                    "f1-score": 0.2821576763485477,
                    "support": 126.0
                },
                "1": {
                    "precision": 0.21,
                    "recall": 0.26582278481012656,
                    "f1-score": 0.2346368715083799,
                    "support": 79.0
                },
                "2": {
                    "precision": 0.2975206611570248,
                    "recall": 0.3364485981308411,
                    "f1-score": 0.3157894736842105,
                    "support": 107.0
                },
                "3": {
                    "precision": 0.37623762376237624,
                    "recall": 0.304,
                    "f1-score": 0.336283185840708,
                    "support": 125.0
                },
                "accuracy": 0.2951945080091533,
                "macro avg": {
                    "precision": 0.29485261470811114,
                    "recall": 0.2940281631955594,
                    "f1-score": 0.2922168018454615,
                    "support": 437.0
                },
                "weighted avg": {
                    "precision": 0.30367640189277384,
                    "recall": 0.2951945080091533,
                    "f1-score": 0.29728387181551047,
                    "support": 437.0
                }
            },
            "auroc_per_class": {
                "class_0": 0.5336344612871944,
                "class_1": 0.5171133583197793,
                "class_2": 0.5681959784763523,
                "class_3": 0.5834615384615385
            }
        },
        {
            "fold": 2,
            "accuracy": 0.2540045766590389,
            "auroc": 0.5224926019888009,
            "n_train_samples": 1747,
            "n_test_samples": 437,
            "classification_report": {
                "0": {
                    "precision": 0.22608695652173913,
                    "recall": 0.25742574257425743,
                    "f1-score": 0.24074074074074073,
                    "support": 101.0
                },
                "1": {
                    "precision": 0.27450980392156865,
                    "recall": 0.24778761061946902,
                    "f1-score": 0.26046511627906976,
                    "support": 113.0
                },
                "2": {
                    "precision": 0.2543859649122807,
                    "recall": 0.27358490566037735,
                    "f1-score": 0.2636363636363636,
                    "support": 106.0
                },
                "3": {
                    "precision": 0.2641509433962264,
                    "recall": 0.23931623931623933,
                    "f1-score": 0.25112107623318386,
                    "support": 117.0
                },
                "accuracy": 0.2540045766590389,
                "macro avg": {
                    "precision": 0.2547834171879537,
                    "recall": 0.2545286245425858,
                    "f1-score": 0.2539908242223395,
                    "support": 437.0
                },
                "weighted avg": {
                    "precision": 0.25566353114392026,
                    "recall": 0.2540045766590389,
                    "f1-score": 0.2541738979841802,
                    "support": 437.0
                }
            },
            "auroc_per_class": {
                "class_0": 0.4975247524752474,
                "class_1": 0.5950234895662624,
                "class_2": 0.47896596933249724,
                "class_3": 0.5184561965811965
            }
        },
        {
            "fold": 3,
            "accuracy": 0.2837528604118993,
            "auroc": 0.5351124772072775,
            "n_train_samples": 1747,
            "n_test_samples": 437,
            "classification_report": {
                "0": {
                    "precision": 0.22033898305084745,
                    "recall": 0.2988505747126437,
                    "f1-score": 0.25365853658536586,
                    "support": 87.0
                },
                "1": {
                    "precision": 0.4051724137931034,
                    "recall": 0.31543624161073824,
                    "f1-score": 0.35471698113207545,
                    "support": 149.0
                },
                "2": {
                    "precision": 0.24347826086956523,
                    "recall": 0.2616822429906542,
                    "f1-score": 0.25225225225225223,
                    "support": 107.0
                },
                "3": {
                    "precision": 0.26136363636363635,
                    "recall": 0.24468085106382978,
                    "f1-score": 0.25274725274725274,
                    "support": 94.0
                },
                "accuracy": 0.2837528604118993,
                "macro avg": {
                    "precision": 0.2825883235192881,
                    "recall": 0.2801624775944665,
                    "f1-score": 0.2783437556792365,
                    "support": 437.0
                },
                "weighted avg": {
                    "precision": 0.29785019888288655,
                    "recall": 0.2837528604118993,
                    "f1-score": 0.28757518448704533,
                    "support": 437.0
                }
            },
            "auroc_per_class": {
                "class_0": 0.5016748768472906,
                "class_1": 0.5699338180462342,
                "class_2": 0.5232795242141036,
                "class_3": 0.5455616897214812
            }
        },
        {
            "fold": 4,
            "accuracy": 0.2036613272311213,
            "auroc": 0.48674512045953816,
            "n_train_samples": 1747,
            "n_test_samples": 437,
            "classification_report": {
                "0": {
                    "precision": 0.29523809523809524,
                    "recall": 0.23846153846153847,
                    "f1-score": 0.26382978723404255,
                    "support": 130.0
                },
                "1": {
                    "precision": 0.16,
                    "recall": 0.16494845360824742,
                    "f1-score": 0.16243654822335024,
                    "support": 97.0
                },
                "2": {
                    "precision": 0.1557377049180328,
                    "recall": 0.17757009345794392,
                    "f1-score": 0.16593886462882096,
                    "support": 107.0
                },
                "3": {
                    "precision": 0.20909090909090908,
                    "recall": 0.22330097087378642,
                    "f1-score": 0.215962441314554,
                    "support": 103.0
                },
                "accuracy": 0.2036613272311213,
                "macro avg": {
                    "precision": 0.2050166773117593,
                    "recall": 0.20107026410037906,
                    "f1-score": 0.20204191035019192,
                    "support": 437.0
                },
                "weighted avg": {
                    "precision": 0.2107580101682964,
                    "recall": 0.2036613272311213,
                    "f1-score": 0.20607278601549978,
                    "support": 437.0
                }
            },
            "auroc_per_class": {
                "class_0": 0.517940365823102,
                "class_1": 0.4395997574287447,
                "class_2": 0.44743698668932314,