{
    "subject_id": 3,
    "trial_id": 1,
    "eval_name": "speaker",
    "k_folds": 5,
    "mean_accuracy": 0.26370256639904466,
    "std_accuracy": 0.013851459766054265,
    "fold_results": [
        {
            "fold": 1,
            "accuracy": 0.2805872756933116,
            "auroc": 0.5524788893701122,
            "n_train_samples": 2451,
            "n_test_samples": 613,
            "classification_report": {
                "0": {
                    "precision": 0.125,
                    "recall": 0.3620689655172414,
                    "f1-score": 0.18584070796460178,
                    "support": 58.0
                },
                "1": {
                    "precision": 0.5193798449612403,
                    "recall": 0.2120253164556962,
                    "f1-score": 0.30112359550561796,
                    "support": 316.0
                },
                "2": {
                    "precision": 0.24324324324324326,
                    "recall": 0.2857142857142857,
                    "f1-score": 0.26277372262773724,
                    "support": 126.0
                },
                "3": {
                    "precision": 0.2857142857142857,
                    "recall": 0.4247787610619469,
                    "f1-score": 0.3416370106761566,
                    "support": 113.0
                },
                "accuracy": 0.2805872756933116,
                "macro avg": {
                    "precision": 0.29333434347969234,
                    "recall": 0.32114683218729256,
                    "f1-score": 0.2728437591935284,
                    "support": 613.0
                },
                "weighted avg": {
                    "precision": 0.38223229028077466,
                    "recall": 0.2805872756933116,
                    "f1-score": 0.2898014494277696,
                    "support": 613.0
                }
            },
            "auroc_per_class": {
                "class_0": 0.5754582168375272,
                "class_1": 0.48453948770404476,
                "class_2": 0.5468205078061341,
                "class_3": 0.6030973451327433
            }
        },
        {
            "fold": 2,
            "accuracy": 0.2463295269168026,
            "auroc": 0.5497238949559937,
            "n_train_samples": 2451,
            "n_test_samples": 613,
            "classification_report": {
                "0": {
                    "precision": 0.2679738562091503,
                    "recall": 0.3014705882352941,
                    "f1-score": 0.2837370242214533,
                    "support": 136.0
                },
                "1": {
                    "precision": 0.6344086021505376,
                    "recall": 0.17302052785923755,
                    "f1-score": 0.271889400921659,
                    "support": 341.0
                },
                "2": {
                    "precision": 0.20093457943925233,
                    "recall": 0.45263157894736844,
                    "f1-score": 0.2783171521035599,
                    "support": 95.0
                },
                "3": {
                    "precision": 0.05228758169934641,
                    "recall": 0.1951219512195122,
                    "f1-score": 0.08247422680412371,
                    "support": 41.0
                },
                "accuracy": 0.2463295269168026,
                "macro avg": {
                    "precision": 0.2889011548745717,
                    "recall": 0.28056116156535305,
                    "f1-score": 0.22910445101269897,
                    "support": 613.0
                },
                "weighted avg": {
                    "precision": 0.4469989456348776,
                    "recall": 0.2463295269168026,
                    "f1-score": 0.2628451774179618,
                    "support": 613.0
                }
            },
            "auroc_per_class": {
                "class_0": 0.5543763102725366,
                "class_1": 0.538743099879248,
                "class_2": 0.6158605974395448,
                "class_3": 0.48991557223264537
            }
        },
        {
            "fold": 3,
            "accuracy": 0.2740619902120718,
            "auroc": 0.5738792110801172,
            "n_train_samples": 2451,
            "n_test_samples": 613,
            "classification_report": {
                "0": {
                    "precision": 0.35036496350364965,
                    "recall": 0.23414634146341465,
                    "f1-score": 0.2807017543859649,
                    "support": 205.0
                },
                "1": {
                    "precision": 0.04568527918781726,
                    "recall": 0.6,
                    "f1-score": 0.08490566037735849,
                    "support": 15.0
                },
                "2": {
                    "precision": 0.5454545454545454,
                    "recall": 0.27586206896551724,
                    "f1-score": 0.366412213740458,
                    "support": 261.0
                },
                "3": {
                    "precision": 0.2653061224489796,
                    "recall": 0.29545454545454547,
                    "f1-score": 0.27956989247311825,
                    "support": 132.0
                },
                "accuracy": 0.2740619902120718,
                "macro avg": {
                    "precision": 0.301702727648748,
                    "recall": 0.3513657389708693,
                    "f1-score": 0.2528973802442249,
                    "support": 613.0
                },
                "weighted avg": {
                    "precision": 0.4076576529085923,
                    "recall": 0.2740619902120718,
                    "f1-score": 0.3121602906158146,
                    "support": 613.0
                }
            },
            "auroc_per_class": {
                "class_0": 0.5436812529890005,
                "class_1": 0.5913043478260871,
                "class_2": 0.6106430686172066,
                "class_3": 0.5498881748881748
            }
        },
        {
            "fold": 4,
            "accuracy": 0.26916802610114193,
            "auroc": 0.5508439743729198,
            "n_train_samples": 2451,
            "n_test_samples": 613,
            "classification_report": {
                "0": {
                    "precision": 0.23717948717948717,
                    "recall": 0.3894736842105263,
                    "f1-score": 0.2948207171314741,
                    "support": 95.0
                },
                "1": {
                    "precision": 0.026490066225165563,
                    "recall": 0.14814814814814814,
                    "f1-score": 0.0449438202247191,
                    "support": 27.0
                },
                "2": {
                    "precision": 0.3391812865497076,
                    "recall": 0.3240223463687151,
                    "f1-score": 0.3314285714285714,
                    "support": 179.0
                },
                "3": {
                    "precision": 0.4888888888888889,
                    "recall": 0.21153846153846154,
                    "f1-score": 0.2953020134228188,
                    "support": 312.0
                },
                "accuracy": 0.26916802610114193,
                "macro avg": {
                    "precision": 0.27293493221081233,
                    "recall": 0.26829566006646277,
                    "f1-score": 0.24162378055189587,
                    "support": 613.0
                },
                "weighted avg": {
                    "precision": 0.3857978249524662,
                    "recall": 0.26916802610114193,
                    "f1-score": 0.2947494188371798,
                    "support": 613.0
                }
            },
            "auroc_per_class": {
                "class_0": 0.6612883560251982,
                "class_1": 0.46748198710656047,
                "class_2": 0.5911103673763614,