{
    "subject_id": 6,
    "trial_id": 4,
    "eval_name": "word_gap",
    "k_folds": 5,
    "mean_accuracy": 0.5223930602810171,
    "std_accuracy": 0.02308813940175038,
    "fold_results": [
        {
            "fold": 1,
            "accuracy": 0.4856115107913669,
            "auroc": 0.5053901850362028,
            "n_train_samples": 1108,
            "n_test_samples": 278,
            "classification_report": {
                "0": {
                    "precision": 0.582089552238806,
                    "recall": 0.4727272727272727,
                    "f1-score": 0.5217391304347826,
                    "support": 165.0
                },
                "1": {
                    "precision": 0.3958333333333333,
                    "recall": 0.504424778761062,
                    "f1-score": 0.44357976653696496,
                    "support": 113.0
                },
                "accuracy": 0.4856115107913669,
                "macro avg": {
                    "precision": 0.4889614427860697,
                    "recall": 0.48857602574416736,
                    "f1-score": 0.4826594484858738,
                    "support": 278.0
                },
                "weighted avg": {
                    "precision": 0.506381089158524,
                    "recall": 0.4856115107913669,
                    "f1-score": 0.4899693170518567,
                    "support": 278.0
                }
            }
        },
        {
            "fold": 2,
            "accuracy": 0.5126353790613718,
            "auroc": 0.5255085211654754,
            "n_train_samples": 1109,
            "n_test_samples": 277,
            "classification_report": {
                "0": {
                    "precision": 0.624113475177305,
                    "recall": 0.5176470588235295,
                    "f1-score": 0.5659163987138264,
                    "support": 170.0
                },
                "1": {
                    "precision": 0.39705882352941174,
                    "recall": 0.5046728971962616,
                    "f1-score": 0.4444444444444444,
                    "support": 107.0
                },
                "accuracy": 0.5126353790613718,
                "macro avg": {
                    "precision": 0.5105861493533583,
                    "recall": 0.5111599780098955,
                    "f1-score": 0.5051804215791353,
                    "support": 277.0
                },
                "weighted avg": {
                    "precision": 0.5364064436743281,
                    "recall": 0.5126353790613718,
                    "f1-score": 0.5189940192668088,
                    "support": 277.0
                }
            }
        },
        {
            "fold": 3,
            "accuracy": 0.5270758122743683,
            "auroc": 0.5104321058032151,
            "n_train_samples": 1109,
            "n_test_samples": 277,
            "classification_report": {
                "0": {
                    "precision": 0.6791044776119403,
                    "recall": 0.5083798882681564,
                    "f1-score": 0.5814696485623003,
                    "support": 179.0
                },
                "1": {
                    "precision": 0.38461538461538464,
                    "recall": 0.5612244897959183,
                    "f1-score": 0.45643153526970953,
                    "support": 98.0
                },
                "accuracy": 0.5270758122743683,
                "macro avg": {
                    "precision": 0.5318599311136625,
                    "recall": 0.5348021890320374,
                    "f1-score": 0.5189505919160049,
                    "support": 277.0
                },
                "weighted avg": {
                    "precision": 0.5749170006673106,
                    "recall": 0.5270758122743683,
                    "f1-score": 0.5372323377223224,
                    "support": 277.0
                }
            }
        },
        {
            "fold": 4,
            "accuracy": 0.5306859205776173,
            "auroc": 0.555952380952381,
            "n_train_samples": 1109,
            "n_test_samples": 277,
            "classification_report": {
                "0": {
                    "precision": 0.631578947368421,
                    "recall": 0.509090909090909,
                    "f1-score": 0.5637583892617449,
                    "support": 165.0
                },
                "1": {
                    "precision": 0.4375,
                    "recall": 0.5625,
                    "f1-score": 0.4921875,
                    "support": 112.0
                },
                "accuracy": 0.5306859205776173,
                "macro avg": {
                    "precision": 0.5345394736842105,
                    "recall": 0.5357954545454545,
                    "f1-score": 0.5279729446308725,
                    "support": 277.0
                },
                "weighted avg": {
                    "precision": 0.553106593197796,
                    "recall": 0.5306859205776173,
                    "f1-score": 0.5348199791631333,
                    "support": 277.0
                }
            }
        },
        {
            "fold": 5,
            "accuracy": 0.555956678700361,
            "auroc": 0.6011904761904763,
            "n_train_samples": 1109,
            "n_test_samples": 277,
            "classification_report": {
                "0": {
                    "precision": 0.6666666666666666,
                    "recall": 0.5357142857142857,
                    "f1-score": 0.594059405940594,
                    "support": 168.0
                },
                "1": {
                    "precision": 0.4507042253521127,
                    "recall": 0.5871559633027523,
                    "f1-score": 0.5099601593625498,
                    "support": 109.0
                },
                "accuracy": 0.555956678700361,
                "macro avg": {
                    "precision": 0.5586854460093896,
                    "recall": 0.561435124508519,
                    "f1-score": 0.552009782651572,
                    "support": 277.0
                },
                "weighted avg": {
                    "precision": 0.5816850561854884,
                    "recall": 0.555956678700361,
                    "f1-score": 0.5609662006084394,
                    "support": 277.0
                }
            }
        }
    ],
    "n_classes": 2
}