{
    "subject_id": 2,
    "trial_id": 2,
    "eval_name": "delta_pitch",
    "k_folds": 5,
    "mean_accuracy": 0.5551476728307534,
    "std_accuracy": 0.028016184299489214,
    "fold_results": [
        {
            "fold": 1,
            "accuracy": 0.5460358056265985,
            "auroc": 0.5487899005756149,
            "n_train_samples": 3125,
            "n_test_samples": 782,
            "classification_report": {
                "0": {
                    "precision": 0.5501355013550135,
                    "recall": 0.5178571428571429,
                    "f1-score": 0.533508541392904,
                    "support": 392.0
                },
                "1": {
                    "precision": 0.5423728813559322,
                    "recall": 0.5743589743589743,
                    "f1-score": 0.5579078455790785,
                    "support": 390.0
                },
                "accuracy": 0.5460358056265985,
                "macro avg": {
                    "precision": 0.5462541913554728,
                    "recall": 0.5461080586080587,
                    "f1-score": 0.5457081934859913,
                    "support": 782.0
                },
                "weighted avg": {
                    "precision": 0.5462641179795127,
                    "recall": 0.5460358056265985,
                    "f1-score": 0.545676992329743,
                    "support": 782.0
                }
            }
        },
        {
            "fold": 2,
            "accuracy": 0.6023017902813299,
            "auroc": 0.6202842580916351,
            "n_train_samples": 3125,
            "n_test_samples": 782,
            "classification_report": {
                "0": {
                    "precision": 0.5753424657534246,
                    "recall": 0.5737704918032787,
                    "f1-score": 0.5745554035567716,
                    "support": 366.0
                },
                "1": {
                    "precision": 0.6258992805755396,
                    "recall": 0.6274038461538461,
                    "f1-score": 0.6266506602641057,
                    "support": 416.0
                },
                "accuracy": 0.6023017902813299,
                "macro avg": {
                    "precision": 0.6006208731644821,
                    "recall": 0.6005871689785625,
                    "f1-score": 0.6006030319104386,
                    "support": 782.0
                },
                "weighted avg": {
                    "precision": 0.6022371396229896,
                    "recall": 0.6023017902813299,
                    "f1-score": 0.6022684812936654,
                    "support": 782.0
                }
            }
        },
        {
            "fold": 3,
            "accuracy": 0.5646606914212549,
            "auroc": 0.5770072560927517,
            "n_train_samples": 3126,
            "n_test_samples": 781,
            "classification_report": {
                "0": {
                    "precision": 0.5869017632241813,
                    "recall": 0.5696821515892421,
                    "f1-score": 0.5781637717121588,
                    "support": 409.0
                },
                "1": {
                    "precision": 0.5416666666666666,
                    "recall": 0.5591397849462365,
                    "f1-score": 0.5502645502645502,
                    "support": 372.0
                },
                "accuracy": 0.5646606914212549,
                "macro avg": {
                    "precision": 0.5642842149454239,
                    "recall": 0.5644109682677393,
                    "f1-score": 0.5642141609883545,
                    "support": 781.0
                },
                "weighted avg": {
                    "precision": 0.5653557249150962,
                    "recall": 0.5646606914212549,
                    "f1-score": 0.5648750260290469,
                    "support": 781.0
                }
            }
        },
        {
            "fold": 4,
            "accuracy": 0.5454545454545454,
            "auroc": 0.5754616756728398,
            "n_train_samples": 3126,
            "n_test_samples": 781,
            "classification_report": {
                "0": {
                    "precision": 0.5433673469387755,
                    "recall": 0.5475578406169666,
                    "f1-score": 0.5454545454545454,
                    "support": 389.0
                },
                "1": {
                    "precision": 0.5475578406169666,
                    "recall": 0.5433673469387755,
                    "f1-score": 0.5454545454545454,
                    "support": 392.0
                },
                "accuracy": 0.5454545454545454,
                "macro avg": {
                    "precision": 0.545462593777871,
                    "recall": 0.545462593777871,
                    "f1-score": 0.5454545454545454,
                    "support": 781.0
                },
                "weighted avg": {
                    "precision": 0.5454706421011967,
                    "recall": 0.5454545454545454,
                    "f1-score": 0.5454545454545454,
                    "support": 781.0
                }
            }
        },
        {
            "fold": 5,
            "accuracy": 0.5172855313700384,
            "auroc": 0.527467625332931,
            "n_train_samples": 3126,
            "n_test_samples": 781,
            "classification_report": {
                "0": {
                    "precision": 0.5306122448979592,
                    "recall": 0.457286432160804,
                    "f1-score": 0.49122807017543857,
                    "support": 398.0
                },
                "1": {
                    "precision": 0.5068493150684932,
                    "recall": 0.5796344647519582,
                    "f1-score": 0.5408038976857491,
                    "support": 383.0
                },
                "accuracy": 0.5172855313700384,
                "macro avg": {
                    "precision": 0.5187307799832261,
                    "recall": 0.5184604484563811,
                    "f1-score": 0.5160159839305938,
                    "support": 781.0
                },
                "weighted avg": {
                    "precision": 0.5189589771326768,
                    "recall": 0.5172855313700384,
                    "f1-score": 0.5155399036408022,
                    "support": 781.0
                }
            }
        }
    ],
    "n_classes": 2
}