{
    "subject_id": 2,
    "trial_id": 1,
    "eval_name": "onset",
    "k_folds": 5,
    "mean_accuracy": 0.6965810804691391,
    "std_accuracy": 0.023926989817544354,
    "fold_results": [
        {
            "fold": 1,
            "accuracy": 0.707035755478662,
            "auroc": 0.7778014282521472,
            "n_train_samples": 3467,
            "n_test_samples": 867,
            "classification_report": {
                "0": {
                    "precision": 0.7361477572559367,
                    "recall": 0.6443418013856813,
                    "f1-score": 0.687192118226601,
                    "support": 433.0
                },
                "1": {
                    "precision": 0.6844262295081968,
                    "recall": 0.7695852534562212,
                    "f1-score": 0.7245119305856833,
                    "support": 434.0
                },
                "accuracy": 0.707035755478662,
                "macro avg": {
                    "precision": 0.7102869933820668,
                    "recall": 0.7069635274209513,
                    "f1-score": 0.7058520244061421,
                    "support": 867.0
                },
                "weighted avg": {
                    "precision": 0.7102571655113934,
                    "recall": 0.707035755478662,
                    "f1-score": 0.7058735467892788,
                    "support": 867.0
                }
            }
        },
        {
            "fold": 2,
            "accuracy": 0.6666666666666666,
            "auroc": 0.7542491033513905,
            "n_train_samples": 3467,
            "n_test_samples": 867,
            "classification_report": {
                "0": {
                    "precision": 0.6933333333333334,
                    "recall": 0.5990783410138248,
                    "f1-score": 0.6427688504326329,
                    "support": 434.0
                },
                "1": {
                    "precision": 0.6463414634146342,
                    "recall": 0.7344110854503464,
                    "f1-score": 0.6875675675675675,
                    "support": 433.0
                },
                "accuracy": 0.6666666666666666,
                "macro avg": {
                    "precision": 0.6698373983739838,
                    "recall": 0.6667447132320856,
                    "f1-score": 0.6651682090001002,
                    "support": 867.0
                },
                "weighted avg": {
                    "precision": 0.6698644986449864,
                    "recall": 0.6666666666666666,
                    "f1-score": 0.6651423735230905,
                    "support": 867.0
                }
            }
        },
        {
            "fold": 3,
            "accuracy": 0.7358708189158016,
            "auroc": 0.8063398644118305,
            "n_train_samples": 3467,
            "n_test_samples": 867,
            "classification_report": {
                "0": {
                    "precision": 0.7361111111111112,
                    "recall": 0.7344110854503464,
                    "f1-score": 0.7352601156069364,
                    "support": 433.0
                },
                "1": {
                    "precision": 0.735632183908046,
                    "recall": 0.7373271889400922,
                    "f1-score": 0.7364787111622555,
                    "support": 434.0
                },
                "accuracy": 0.7358708189158016,
                "macro avg": {
                    "precision": 0.7358716475095786,
                    "recall": 0.7358691371952193,
                    "f1-score": 0.735869413384596,
                    "support": 867.0
                },
                "weighted avg": {
                    "precision": 0.735871371311653,
                    "recall": 0.7358708189158016,
                    "f1-score": 0.7358701161501988,
                    "support": 867.0
                }
            }
        },
        {
            "fold": 4,
            "accuracy": 0.6943483275663207,
            "auroc": 0.7464373516671811,
            "n_train_samples": 3467,
            "n_test_samples": 867,
            "classification_report": {
                "0": {
                    "precision": 0.670020120724346,
                    "recall": 0.7672811059907834,
                    "f1-score": 0.715359828141783,
                    "support": 434.0
                },
                "1": {
                    "precision": 0.727027027027027,
                    "recall": 0.6212471131639723,
                    "f1-score": 0.6699875466998755,
                    "support": 433.0
                },
                "accuracy": 0.6943483275663207,
                "macro avg": {
                    "precision": 0.6985235738756865,
                    "recall": 0.6942641095773778,
                    "f1-score": 0.6926736874208292,
                    "support": 867.0
                },
                "weighted avg": {
                    "precision": 0.6984906979204946,
                    "recall": 0.6943483275663207,
                    "f1-score": 0.6926998536731025,
                    "support": 867.0
                }
            }
        },
        {
            "fold": 5,
            "accuracy": 0.6789838337182448,
            "auroc": 0.7418995247721198,
            "n_train_samples": 3468,
            "n_test_samples": 866,
            "classification_report": {
                "0": {
                    "precision": 0.6572008113590264,
                    "recall": 0.7482678983833718,
                    "f1-score": 0.6997840172786177,
                    "support": 433.0
                },
                "1": {
                    "precision": 0.707774798927614,
                    "recall": 0.6096997690531177,
                    "f1-score": 0.6550868486352357,
                    "support": 433.0
                },
                "accuracy": 0.6789838337182448,
                "macro avg": {
                    "precision": 0.6824878051433202,
                    "recall": 0.6789838337182448,
                    "f1-score": 0.6774354329569268,
                    "support": 866.0
                },
                "weighted avg": {
                    "precision": 0.6824878051433203,
                    "recall": 0.6789838337182448,
                    "f1-score": 0.6774354329569267,
                    "support": 866.0
                }
            }
        }
    ],
    "n_classes": 2
}