{
    "subject_id": 6,
    "trial_id": 1,
    "eval_name": "local_flow_angle",
    "k_folds": 5,
    "mean_accuracy": 0.29042016806722687,
    "std_accuracy": 0.038905294232995824,
    "fold_results": [
        {
            "fold": 1,
            "accuracy": 0.34285714285714286,
            "auroc": 0.601352657004831,
            "n_train_samples": 137,
            "n_test_samples": 35,
            "classification_report": {
                "0": {
                    "precision": 0.4,
                    "recall": 0.3333333333333333,
                    "f1-score": 0.36363636363636365,
                    "support": 12.0
                },
                "1": {
                    "precision": 0.3333333333333333,
                    "recall": 0.8,
                    "f1-score": 0.47058823529411764,
                    "support": 5.0
                },
                "2": {
                    "precision": 0.2857142857142857,
                    "recall": 0.2,
                    "f1-score": 0.23529411764705882,
                    "support": 10.0
                },
                "3": {
                    "precision": 0.3333333333333333,
                    "recall": 0.25,
                    "f1-score": 0.2857142857142857,
                    "support": 8.0
                },
                "accuracy": 0.34285714285714286,
                "macro avg": {
                    "precision": 0.33809523809523806,
                    "recall": 0.3958333333333333,
                    "f1-score": 0.3388082505729565,
                    "support": 35.0
                },
                "weighted avg": {
                    "precision": 0.3425850340136054,
                    "recall": 0.34285714285714286,
                    "f1-score": 0.3244352286369093,
                    "support": 35.0
                }
            },
            "auroc_per_class": {
                "class_0": 0.5398550724637681,
                "class_1": 0.8133333333333334,
                "class_2": 0.5800000000000001,
                "class_3": 0.4722222222222222
            }
        },
        {
            "fold": 2,
            "accuracy": 0.2857142857142857,
            "auroc": 0.4390917286454812,
            "n_train_samples": 137,
            "n_test_samples": 35,
            "classification_report": {
                "0": {
                    "precision": 0.0,
                    "recall": 0.0,
                    "f1-score": 0.0,
                    "support": 6.0
                },
                "1": {
                    "precision": 0.5333333333333333,
                    "recall": 0.47058823529411764,
                    "f1-score": 0.5,
                    "support": 17.0
                },
                "2": {
                    "precision": 0.2,
                    "recall": 0.16666666666666666,
                    "f1-score": 0.18181818181818182,
                    "support": 6.0
                },
                "3": {
                    "precision": 0.16666666666666666,
                    "recall": 0.16666666666666666,
                    "f1-score": 0.16666666666666666,
                    "support": 6.0
                },
                "accuracy": 0.2857142857142857,
                "macro avg": {
                    "precision": 0.225,
                    "recall": 0.20098039215686272,
                    "f1-score": 0.21212121212121213,
                    "support": 35.0
                },
                "weighted avg": {
                    "precision": 0.32190476190476186,
                    "recall": 0.2857142857142857,
                    "f1-score": 0.3025974025974026,
                    "support": 35.0
                }
            },
            "auroc_per_class": {
                "class_0": 0.40804597701149425,
                "class_1": 0.4575163398692811,
                "class_2": 0.4540229885057471,
                "class_3": 0.4367816091954023
            }
        },
        {
            "fold": 3,
            "accuracy": 0.2647058823529412,
            "auroc": 0.5389033181059043,
            "n_train_samples": 138,
            "n_test_samples": 34,
            "classification_report": {
                "0": {
                    "precision": 0.2222222222222222,
                    "recall": 0.25,
                    "f1-score": 0.23529411764705882,
                    "support": 8.0
                },
                "1": {
                    "precision": 0.3333333333333333,
                    "recall": 0.2857142857142857,
                    "f1-score": 0.3076923076923077,
                    "support": 7.0
                },
                "2": {
                    "precision": 0.09090909090909091,
                    "recall": 0.2,
                    "f1-score": 0.125,
                    "support": 5.0
                },
                "3": {
                    "precision": 0.5,
                    "recall": 0.2857142857142857,
                    "f1-score": 0.36363636363636365,
                    "support": 14.0
                },
                "accuracy": 0.2647058823529412,
                "macro avg": {
                    "precision": 0.28661616161616166,
                    "recall": 0.25535714285714284,
                    "f1-score": 0.25790569724393253,
                    "support": 34.0
                },
                "weighted avg": {
                    "precision": 0.3401663695781343,
                    "recall": 0.2647058823529412,
                    "f1-score": 0.2868267113509328,
                    "support": 34.0
                }
            },
            "auroc_per_class": {
                "class_0": 0.4567307692307692,
                "class_1": 0.7248677248677249,
                "class_2": 0.4275862068965517,
                "class_3": 0.5464285714285715
            }
        },
        {
            "fold": 4,
            "accuracy": 0.23529411764705882,
            "auroc": 0.48648747086247085,
            "n_train_samples": 138,
            "n_test_samples": 34,
            "classification_report": {
                "0": {
                    "precision": 0.14285714285714285,
                    "recall": 0.125,
                    "f1-score": 0.13333333333333333,
                    "support": 8.0
                },
                "1": {
                    "precision": 0.18181818181818182,
                    "recall": 0.3333333333333333,
                    "f1-score": 0.23529411764705882,
                    "support": 6.0
                },
                "2": {
                    "precision": 0.4,
                    "recall": 0.16666666666666666,
                    "f1-score": 0.23529411764705882,
                    "support": 12.0
                },
                "3": {
                    "precision": 0.2727272727272727,
                    "recall": 0.375,
                    "f1-score": 0.3157894736842105,
                    "support": 8.0
                },
                "accuracy": 0.23529411764705882,
                "macro avg": {
                    "precision": 0.24935064935064935,
                    "recall": 0.25,
                    "f1-score": 0.2299277605779154,
                    "support": 34.0
                },
                "weighted avg": {
                    "precision": 0.2710466004583652,
                    "recall": 0.23529411764705882,
                    "f1-score": 0.23024342864080616,
                    "support": 34.0
                }
            },
            "auroc_per_class": {
                "class_0": 0.4423076923076923,
                "class_1": 0.5416666666666666,
                "class_2": 0.5340909090909091,
                "class_3": 0.4278846153846154
            }
        },
        {
            "fold": 5,
            "accuracy": 0.3235294117647059,
            "auroc": 0.5900648656898657,
            "n_train_samples": 138,
            "n_test_samples": 34,