{
    "subject_id": 7,
    "trial_id": 1,
    "eval_name": "speaker",
    "k_folds": 5,
    "mean_accuracy": 0.242147770182814,
    "std_accuracy": 0.013595124695098207,
    "fold_results": [
        {
            "fold": 1,
            "accuracy": 0.238562091503268,
            "auroc": 0.514573189533301,
            "n_train_samples": 2444,
            "n_test_samples": 612,
            "classification_report": {
                "0": {
                    "precision": 0.37037037037037035,
                    "recall": 0.199203187250996,
                    "f1-score": 0.25906735751295334,
                    "support": 251.0
                },
                "1": {
                    "precision": 0.15894039735099338,
                    "recall": 0.22641509433962265,
                    "f1-score": 0.1867704280155642,
                    "support": 106.0
                },
                "2": {
                    "precision": 0.19298245614035087,
                    "recall": 0.29464285714285715,
                    "f1-score": 0.2332155477031802,
                    "support": 112.0
                },
                "3": {
                    "precision": 0.25161290322580643,
                    "recall": 0.2727272727272727,
                    "f1-score": 0.26174496644295303,
                    "support": 143.0
                },
                "accuracy": 0.238562091503268,
                "macro avg": {
                    "precision": 0.24347653177188025,
                    "recall": 0.24824710286518714,
                    "f1-score": 0.23519957491866267,
                    "support": 612.0
                },
                "weighted avg": {
                    "precision": 0.27353811328623834,
                    "recall": 0.238562091503268,
                    "f1-score": 0.24243994060375745,
                    "support": 612.0
                }
            },
            "auroc_per_class": {
                "class_0": 0.47778967233558844,
                "class_1": 0.49785591766723836,
                "class_2": 0.5285892857142858,
                "class_3": 0.5540578824160914
            }
        },
        {
            "fold": 2,
            "accuracy": 0.2635024549918167,
            "auroc": 0.4965797654012567,
            "n_train_samples": 2445,
            "n_test_samples": 611,
            "classification_report": {
                "0": {
                    "precision": 0.29012345679012347,
                    "recall": 0.2883435582822086,
                    "f1-score": 0.28923076923076924,
                    "support": 163.0
                },
                "1": {
                    "precision": 0.29411764705882354,
                    "recall": 0.2702702702702703,
                    "f1-score": 0.28169014084507044,
                    "support": 148.0
                },
                "2": {
                    "precision": 0.31901840490797545,
                    "recall": 0.2374429223744292,
                    "f1-score": 0.27225130890052357,
                    "support": 219.0
                },
                "3": {
                    "precision": 0.14666666666666667,
                    "recall": 0.2716049382716049,
                    "f1-score": 0.19047619047619047,
                    "support": 81.0
                },
                "accuracy": 0.2635024549918167,
                "macro avg": {
                    "precision": 0.2624815438558973,
                    "recall": 0.2669154222996283,
                    "f1-score": 0.25841210236313844,
                    "support": 611.0
                },
                "weighted avg": {
                    "precision": 0.2824297314179094,
                    "recall": 0.2635024549918167,
                    "f1-score": 0.26822645549504404,
                    "support": 611.0
                }
            },
            "auroc_per_class": {
                "class_0": 0.49857581069237517,
                "class_1": 0.541138871052478,
                "class_2": 0.45433789954337894,
                "class_3": 0.4922664803167947
            }
        },
        {
            "fold": 3,
            "accuracy": 0.24386252045826515,
            "auroc": 0.5086652307836448,
            "n_train_samples": 2445,
            "n_test_samples": 611,
            "classification_report": {
                "0": {
                    "precision": 0.0893854748603352,
                    "recall": 0.21333333333333335,
                    "f1-score": 0.12598425196850394,
                    "support": 75.0
                },
                "1": {
                    "precision": 0.3355263157894737,
                    "recall": 0.29310344827586204,
                    "f1-score": 0.3128834355828221,
                    "support": 174.0
                },
                "2": {
                    "precision": 0.2925170068027211,
                    "recall": 0.23243243243243245,
                    "f1-score": 0.25903614457831325,
                    "support": 185.0
                },
                "3": {
                    "precision": 0.2932330827067669,
                    "recall": 0.22033898305084745,
                    "f1-score": 0.25161290322580643,
                    "support": 177.0
                },
                "accuracy": 0.24386252045826515,
                "macro avg": {
                    "precision": 0.2526654700398242,
                    "recall": 0.2398020492731188,
                    "f1-score": 0.23737918383886145,
                    "support": 611.0
                },
                "weighted avg": {
                    "precision": 0.2800382838944267,
                    "recall": 0.24386252045826515,
                    "f1-score": 0.25588822799837074,
                    "support": 611.0
                }
            },
            "auroc_per_class": {
                "class_0": 0.46485074626865663,
                "class_1": 0.5180173071359058,
                "class_2": 0.5172566933130314,
                "class_3": 0.5345361764169856
            }
        },
        {
            "fold": 4,
            "accuracy": 0.24386252045826515,
            "auroc": 0.48937738621614657,
            "n_train_samples": 2445,
            "n_test_samples": 611,
            "classification_report": {
                "0": {
                    "precision": 0.208955223880597,
                    "recall": 0.19718309859154928,
                    "f1-score": 0.2028985507246377,
                    "support": 142.0
                },
                "1": {
                    "precision": 0.24375,
                    "recall": 0.2582781456953642,
                    "f1-score": 0.2508038585209003,
                    "support": 151.0
                },
                "2": {
                    "precision": 0.24096385542168675,
                    "recall": 0.26490066225165565,
                    "f1-score": 0.25236593059936907,
                    "support": 151.0
                },
                "3": {
                    "precision": 0.2781456953642384,
                    "recall": 0.25149700598802394,
                    "f1-score": 0.2641509433962264,
                    "support": 167.0
                },
                "accuracy": 0.24386252045826515,
                "macro avg": {
                    "precision": 0.24295369366663053,
                    "recall": 0.24296472813164827,
                    "f1-score": 0.24255482081028334,
                    "support": 611.0
                },
                "weighted avg": {
                    "precision": 0.244376047603187,
                    "recall": 0.24386252045826515,
                    "f1-score": 0.24370448429988384,
                    "support": 611.0
                }
            },
            "auroc_per_class": {
                "class_0": 0.47468392444217544,
                "class_1": 0.46801036567808807,
                "class_2": 0.48816585084940967,