{
    "subject_id": 4,
    "trial_id": 1,
    "eval_name": "onset",
    "k_folds": 5,
    "mean_accuracy": 0.5707206241438867,
    "std_accuracy": 0.03277575322155208,
    "fold_results": [
        {
            "fold": 1,
            "accuracy": 0.5586206896551724,
            "auroc": 0.5989298454221166,
            "n_train_samples": 2318,
            "n_test_samples": 580,
            "classification_report": {
                "0": {
                    "precision": 0.5555555555555556,
                    "recall": 0.5862068965517241,
                    "f1-score": 0.5704697986577181,
                    "support": 290.0
                },
                "1": {
                    "precision": 0.5620437956204379,
                    "recall": 0.5310344827586206,
                    "f1-score": 0.5460992907801419,
                    "support": 290.0
                },
                "accuracy": 0.5586206896551724,
                "macro avg": {
                    "precision": 0.5587996755879967,
                    "recall": 0.5586206896551724,
                    "f1-score": 0.55828454471893,
                    "support": 580.0
                },
                "weighted avg": {
                    "precision": 0.5587996755879968,
                    "recall": 0.5586206896551724,
                    "f1-score": 0.55828454471893,
                    "support": 580.0
                }
            }
        },
        {
            "fold": 2,
            "accuracy": 0.6241379310344828,
            "auroc": 0.6728656361474434,
            "n_train_samples": 2318,
            "n_test_samples": 580,
            "classification_report": {
                "0": {
                    "precision": 0.6224489795918368,
                    "recall": 0.6310344827586207,
                    "f1-score": 0.6267123287671232,
                    "support": 290.0
                },
                "1": {
                    "precision": 0.6258741258741258,
                    "recall": 0.6172413793103448,
                    "f1-score": 0.6215277777777778,
                    "support": 290.0
                },
                "accuracy": 0.6241379310344828,
                "macro avg": {
                    "precision": 0.6241615527329814,
                    "recall": 0.6241379310344828,
                    "f1-score": 0.6241200532724505,
                    "support": 580.0
                },
                "weighted avg": {
                    "precision": 0.6241615527329812,
                    "recall": 0.6241379310344828,
                    "f1-score": 0.6241200532724506,
                    "support": 580.0
                }
            }
        },
        {
            "fold": 3,
            "accuracy": 0.5810344827586207,
            "auroc": 0.6207847800237812,
            "n_train_samples": 2318,
            "n_test_samples": 580,
            "classification_report": {
                "0": {
                    "precision": 0.5813148788927336,
                    "recall": 0.5793103448275863,
                    "f1-score": 0.5803108808290155,
                    "support": 290.0
                },
                "1": {
                    "precision": 0.5807560137457045,
                    "recall": 0.5827586206896552,
                    "f1-score": 0.5817555938037866,
                    "support": 290.0
                },
                "accuracy": 0.5810344827586207,
                "macro avg": {
                    "precision": 0.5810354463192191,
                    "recall": 0.5810344827586207,
                    "f1-score": 0.5810332373164011,
                    "support": 580.0
                },
                "weighted avg": {
                    "precision": 0.581035446319219,
                    "recall": 0.5810344827586207,
                    "f1-score": 0.581033237316401,
                    "support": 580.0
                }
            }
        },
        {
            "fold": 4,
            "accuracy": 0.5233160621761658,
            "auroc": 0.5407349958238874,
            "n_train_samples": 2319,
            "n_test_samples": 579,
            "classification_report": {
                "0": {
                    "precision": 0.5228070175438596,
                    "recall": 0.5155709342560554,
                    "f1-score": 0.519163763066202,
                    "support": 289.0
                },
                "1": {
                    "precision": 0.5238095238095238,
                    "recall": 0.5310344827586206,
                    "f1-score": 0.5273972602739726,
                    "support": 290.0
                },
                "accuracy": 0.5233160621761658,
                "macro avg": {
                    "precision": 0.5233082706766917,
                    "recall": 0.5233027085073381,
                    "f1-score": 0.5232805116700874,
                    "support": 579.0
                },
                "weighted avg": {
                    "precision": 0.5233091363988556,
                    "recall": 0.5233160621761658,
                    "f1-score": 0.523287621771303,
                    "support": 579.0
                }
            }
        },
        {
            "fold": 5,
            "accuracy": 0.5664939550949913,
            "auroc": 0.5692041522491349,
            "n_train_samples": 2319,
            "n_test_samples": 579,
            "classification_report": {
                "0": {
                    "precision": 0.5670103092783505,
                    "recall": 0.5689655172413793,
                    "f1-score": 0.5679862306368331,
                    "support": 290.0
                },
                "1": {
                    "precision": 0.5659722222222222,
                    "recall": 0.5640138408304498,
                    "f1-score": 0.5649913344887348,
                    "support": 289.0
                },
                "accuracy": 0.5664939550949913,
                "macro avg": {
                    "precision": 0.5664912657502863,
                    "recall": 0.5664896790359146,
                    "f1-score": 0.566488782562784,
                    "support": 579.0
                },
                "weighted avg": {
                    "precision": 0.5664921621985214,
                    "recall": 0.5664939550949913,
                    "f1-score": 0.5664913688288877,
                    "support": 579.0
                }
            }
        }
    ],
    "n_classes": 2
}