{
    "subject_id": 7,
    "trial_id": 0,
    "eval_name": "global_flow_angle",
    "k_folds": 5,
    "mean_accuracy": 0.24292745614598726,
    "std_accuracy": 0.023254921326817633,
    "fold_results": [
        {
            "fold": 1,
            "accuracy": 0.21265822784810126,
            "auroc": 0.47711067179608974,
            "n_train_samples": 1577,
            "n_test_samples": 395,
            "classification_report": {
                "0": {
                    "precision": 0.25609756097560976,
                    "recall": 0.18584070796460178,
                    "f1-score": 0.2153846153846154,
                    "support": 113.0
                },
                "1": {
                    "precision": 0.2,
                    "recall": 0.29333333333333333,
                    "f1-score": 0.23783783783783785,
                    "support": 75.0
                },
                "2": {
                    "precision": 0.15306122448979592,
                    "recall": 0.15625,
                    "f1-score": 0.15463917525773196,
                    "support": 96.0
                },
                "3": {
                    "precision": 0.24761904761904763,
                    "recall": 0.23423423423423423,
                    "f1-score": 0.24074074074074073,
                    "support": 111.0
                },
                "accuracy": 0.21265822784810126,
                "macro avg": {
                    "precision": 0.21419445827111333,
                    "recall": 0.21741456888304234,
                    "f1-score": 0.21215059230523148,
                    "support": 395.0
                },
                "weighted avg": {
                    "precision": 0.2180218132328572,
                    "recall": 0.21265822784810126,
                    "f1-score": 0.21200982891965536,
                    "support": 395.0
                }
            },
            "auroc_per_class": {
                "class_0": 0.5051465511830792,
                "class_1": 0.5225,
                "class_2": 0.42028985507246375,
                "class_3": 0.4605062809288161
            }
        },
        {
            "fold": 2,
            "accuracy": 0.22025316455696203,
            "auroc": 0.4651652771585303,
            "n_train_samples": 1577,
            "n_test_samples": 395,
            "classification_report": {
                "0": {
                    "precision": 0.19298245614035087,
                    "recall": 0.24444444444444444,
                    "f1-score": 0.21568627450980393,
                    "support": 90.0
                },
                "1": {
                    "precision": 0.26373626373626374,
                    "recall": 0.1889763779527559,
                    "f1-score": 0.22018348623853212,
                    "support": 127.0
                },
                "2": {
                    "precision": 0.22549019607843138,
                    "recall": 0.24731182795698925,
                    "f1-score": 0.2358974358974359,
                    "support": 93.0
                },
                "3": {
                    "precision": 0.20454545454545456,
                    "recall": 0.21176470588235294,
                    "f1-score": 0.20809248554913296,
                    "support": 85.0
                },
                "accuracy": 0.22025316455696203,
                "macro avg": {
                    "precision": 0.22168859262512514,
                    "recall": 0.22312433905913565,
                    "f1-score": 0.2199649205487262,
                    "support": 395.0
                },
                "weighted avg": {
                    "precision": 0.22587310992099957,
                    "recall": 0.22025316455696203,
                    "f1-score": 0.22025668422357916,
                    "support": 395.0
                }
            },
            "auroc_per_class": {
                "class_0": 0.41570127504553733,
                "class_1": 0.4663591491362088,
                "class_2": 0.5033824681335897,
                "class_3": 0.4752182163187855
            }
        },
        {
            "fold": 3,
            "accuracy": 0.24619289340101522,
            "auroc": 0.49530218529069225,
            "n_train_samples": 1578,
            "n_test_samples": 394,
            "classification_report": {
                "0": {
                    "precision": 0.2653061224489796,
                    "recall": 0.24761904761904763,
                    "f1-score": 0.2561576354679803,
                    "support": 105.0
                },
                "1": {
                    "precision": 0.18181818181818182,
                    "recall": 0.20224719101123595,
                    "f1-score": 0.19148936170212766,
                    "support": 89.0
                },
                "2": {
                    "precision": 0.2857142857142857,
                    "recall": 0.2978723404255319,
                    "f1-score": 0.2916666666666667,
                    "support": 94.0
                },
                "3": {
                    "precision": 0.25252525252525254,
                    "recall": 0.2358490566037736,
                    "f1-score": 0.24390243902439024,
                    "support": 106.0
                },
                "accuracy": 0.24619289340101522,
                "macro avg": {
                    "precision": 0.24634096062667493,
                    "recall": 0.2458969089148973,
                    "f1-score": 0.24580402571529122,
                    "support": 394.0
                },
                "weighted avg": {
                    "precision": 0.24787761589792048,
                    "recall": 0.24619289340101522,
                    "f1-score": 0.2467244419260897,
                    "support": 394.0
                }
            },
            "auroc_per_class": {
                "class_0": 0.49721535673092765,
                "class_1": 0.4813409467673604,
                "class_2": 0.5390780141843972,
                "class_3": 0.4635744234800839
            }
        },
        {
            "fold": 4,
            "accuracy": 0.2639593908629442,
            "auroc": 0.4953118689564457,
            "n_train_samples": 1578,
            "n_test_samples": 394,
            "classification_report": {
                "0": {
                    "precision": 0.25742574257425743,
                    "recall": 0.325,
                    "f1-score": 0.287292817679558,
                    "support": 80.0
                },
                "1": {
                    "precision": 0.375,
                    "recall": 0.2706766917293233,
                    "f1-score": 0.314410480349345,
                    "support": 133.0
                },
                "2": {
                    "precision": 0.22857142857142856,
                    "recall": 0.22641509433962265,
                    "f1-score": 0.22748815165876776,
                    "support": 106.0
                },
                "3": {
                    "precision": 0.1956521739130435,
                    "recall": 0.24,
                    "f1-score": 0.2155688622754491,
                    "support": 75.0
                },
                "accuracy": 0.2639593908629442,
                "macro avg": {
                    "precision": 0.2641623362646824,
                    "recall": 0.26552294651723646,
                    "f1-score": 0.26119007799078,
                    "support": 394.0
                },
                "weighted avg": {
                    "precision": 0.2775927509593662,
                    "recall": 0.2639593908629442,
                    "f1-score": 0.2667041320997858,
                    "support": 394.0
                }
            },
            "auroc_per_class": {
                "class_0": 0.5424761146496815,
                "class_1": 0.5100970817849221,
                "class_2": 0.46334512578616355,