{
    "subject_id": 2,
    "trial_id": 0,
    "eval_name": "speaker",
    "k_folds": 5,
    "mean_accuracy": 0.2629096034855197,
    "std_accuracy": 0.031874464473493104,
    "fold_results": [
        {
            "fold": 1,
            "accuracy": 0.3158813263525305,
            "auroc": 0.5710988401014117,
            "n_train_samples": 2291,
            "n_test_samples": 573,
            "classification_report": {
                "0": {
                    "precision": 0.23076923076923078,
                    "recall": 0.2727272727272727,
                    "f1-score": 0.25,
                    "support": 132.0
                },
                "1": {
                    "precision": 0.6124031007751938,
                    "recall": 0.42934782608695654,
                    "f1-score": 0.5047923322683706,
                    "support": 184.0
                },
                "2": {
                    "precision": 0.27741935483870966,
                    "recall": 0.26380368098159507,
                    "f1-score": 0.27044025157232704,
                    "support": 163.0
                },
                "3": {
                    "precision": 0.17293233082706766,
                    "recall": 0.24468085106382978,
                    "f1-score": 0.2026431718061674,
                    "support": 94.0
                },
                "accuracy": 0.3158813263525305,
                "macro avg": {
                    "precision": 0.32338100430255046,
                    "recall": 0.30263990771491356,
                    "f1-score": 0.3069689389117163,
                    "support": 573.0
                },
                "weighted avg": {
                    "precision": 0.35710070321226556,
                    "recall": 0.3158813263525305,
                    "f1-score": 0.32986388881928314,
                    "support": 573.0
                }
            },
            "auroc_per_class": {
                "class_0": 0.5262832405689548,
                "class_1": 0.6754778137923325,
                "class_2": 0.556471644471046,
                "class_3": 0.5261626615733133
            }
        },
        {
            "fold": 2,
            "accuracy": 0.26352530541012215,
            "auroc": 0.5187091747903797,
            "n_train_samples": 2291,
            "n_test_samples": 573,
            "classification_report": {
                "0": {
                    "precision": 0.24770642201834864,
                    "recall": 0.1888111888111888,
                    "f1-score": 0.21428571428571427,
                    "support": 143.0
                },
                "1": {
                    "precision": 0.4178082191780822,
                    "recall": 0.29901960784313725,
                    "f1-score": 0.3485714285714286,
                    "support": 204.0
                },
                "2": {
                    "precision": 0.17177914110429449,
                    "recall": 0.28865979381443296,
                    "f1-score": 0.2153846153846154,
                    "support": 97.0
                },
                "3": {
                    "precision": 0.22580645161290322,
                    "recall": 0.2713178294573643,
                    "f1-score": 0.24647887323943662,
                    "support": 129.0
                },
                "accuracy": 0.26352530541012215,
                "macro avg": {
                    "precision": 0.2657750584784071,
                    "recall": 0.2619521049815308,
                    "f1-score": 0.2561801578702987,
                    "support": 573.0
                },
                "weighted avg": {
                    "precision": 0.2904825549845266,
                    "recall": 0.26352530541012215,
                    "f1-score": 0.2695279422541424,
                    "support": 573.0
                }
            },
            "auroc_per_class": {
                "class_0": 0.5025207350788745,
                "class_1": 0.5473856209150327,
                "class_2": 0.540067573421121,
                "class_3": 0.4848627697464907
            }
        },
        {
            "fold": 3,
            "accuracy": 0.225130890052356,
            "auroc": 0.47318349298360196,
            "n_train_samples": 2291,
            "n_test_samples": 573,
            "classification_report": {
                "0": {
                    "precision": 0.19548872180451127,
                    "recall": 0.18055555555555555,
                    "f1-score": 0.18772563176895307,
                    "support": 144.0
                },
                "1": {
                    "precision": 0.2057142857142857,
                    "recall": 0.2608695652173913,
                    "f1-score": 0.23003194888178913,
                    "support": 138.0
                },
                "2": {
                    "precision": 0.15671641791044777,
                    "recall": 0.25609756097560976,
                    "f1-score": 0.19444444444444445,
                    "support": 82.0
                },
                "3": {
                    "precision": 0.3511450381679389,
                    "recall": 0.22009569377990432,
                    "f1-score": 0.27058823529411763,
                    "support": 209.0
                },
                "accuracy": 0.225130890052356,
                "macro avg": {
                    "precision": 0.2272661158992959,
                    "recall": 0.22940459388211523,
                    "f1-score": 0.22069756509732608,
                    "support": 573.0
                },
                "weighted avg": {
                    "precision": 0.24917802201427053,
                    "recall": 0.225130890052356,
                    "f1-score": 0.22909997476672103,
                    "support": 573.0
                }
            },
            "auroc_per_class": {
                "class_0": 0.44740675990675993,
                "class_1": 0.44302848575712145,
                "class_2": 0.5256569469971685,
                "class_3": 0.4766417792733582
            }
        },
        {
            "fold": 4,
            "accuracy": 0.27399650959860383,
            "auroc": 0.5289705243792902,
            "n_train_samples": 2291,
            "n_test_samples": 573,
            "classification_report": {
                "0": {
                    "precision": 0.224,
                    "recall": 0.2153846153846154,
                    "f1-score": 0.2196078431372549,
                    "support": 130.0
                },
                "1": {
                    "precision": 0.1375,
                    "recall": 0.3333333333333333,
                    "f1-score": 0.19469026548672566,
                    "support": 66.0
                },
                "2": {
                    "precision": 0.42857142857142855,
                    "recall": 0.2544642857142857,
                    "f1-score": 0.31932773109243695,
                    "support": 224.0
                },
                "3": {
                    "precision": 0.3225806451612903,
                    "recall": 0.32679738562091504,
                    "f1-score": 0.3246753246753247,
                    "support": 153.0
                },
                "accuracy": 0.27399650959860383,
                "macro avg": {
                    "precision": 0.2781630184331797,
                    "recall": 0.2824949050132874,
                    "f1-score": 0.26457529109793554,
                    "support": 573.0
                },
                "weighted avg": {
                    "precision": 0.32033130664865167,
                    "recall": 0.27399650959860383,
                    "f1-score": 0.28377541635252634,
                    "support": 573.0
                }
            },
            "auroc_per_class": {
                "class_0": 0.520316027088036,
                "class_1": 0.5466200466200466,
                "class_2": 0.49480659025787965,