{
    "subject_id": 6,
    "trial_id": 0,
    "eval_name": "local_flow_angle",
    "k_folds": 5,
    "mean_accuracy": 0.17339901477832514,
    "std_accuracy": 0.04287695595465802,
    "fold_results": [
        {
            "fold": 1,
            "accuracy": 0.20689655172413793,
            "auroc": 0.47964426877470356,
            "n_train_samples": 115,
            "n_test_samples": 29,
            "classification_report": {
                "0": {
                    "precision": 0.0,
                    "recall": 0.0,
                    "f1-score": 0.0,
                    "support": 9.0
                },
                "1": {
                    "precision": 0.6,
                    "recall": 0.42857142857142855,
                    "f1-score": 0.5,
                    "support": 7.0
                },
                "2": {
                    "precision": 0.2857142857142857,
                    "recall": 0.2857142857142857,
                    "f1-score": 0.2857142857142857,
                    "support": 7.0
                },
                "3": {
                    "precision": 0.09090909090909091,
                    "recall": 0.16666666666666666,
                    "f1-score": 0.11764705882352941,
                    "support": 6.0
                },
                "accuracy": 0.20689655172413793,
                "macro avg": {
                    "precision": 0.24415584415584415,
                    "recall": 0.2202380952380952,
                    "f1-score": 0.22584033613445378,
                    "support": 29.0
                },
                "weighted avg": {
                    "precision": 0.23260188087774297,
                    "recall": 0.20689655172413793,
                    "f1-score": 0.21399594320486817,
                    "support": 29.0
                }
            },
            "auroc_per_class": {
                "class_0": 0.30000000000000004,
                "class_1": 0.7597402597402598,
                "class_2": 0.4675324675324675,
                "class_3": 0.39130434782608703
            }
        },
        {
            "fold": 2,
            "accuracy": 0.20689655172413793,
            "auroc": 0.40640806561859194,
            "n_train_samples": 115,
            "n_test_samples": 29,
            "classification_report": {
                "0": {
                    "precision": 0.0,
                    "recall": 0.0,
                    "f1-score": 0.0,
                    "support": 5.0
                },
                "1": {
                    "precision": 0.3333333333333333,
                    "recall": 0.2857142857142857,
                    "f1-score": 0.3076923076923077,
                    "support": 7.0
                },
                "2": {
                    "precision": 0.4,
                    "recall": 0.4,
                    "f1-score": 0.4,
                    "support": 10.0
                },
                "3": {
                    "precision": 0.0,
                    "recall": 0.0,
                    "f1-score": 0.0,
                    "support": 7.0
                },
                "accuracy": 0.20689655172413793,
                "macro avg": {
                    "precision": 0.18333333333333335,
                    "recall": 0.17142857142857143,
                    "f1-score": 0.17692307692307693,
                    "support": 29.0
                },
                "weighted avg": {
                    "precision": 0.21839080459770113,
                    "recall": 0.20689655172413793,
                    "f1-score": 0.21220159151193635,
                    "support": 29.0
                }
            },
            "auroc_per_class": {
                "class_0": 0.0,
                "class_1": 0.6233766233766234,
                "class_2": 0.5736842105263158,
                "class_3": 0.42857142857142855
            }
        },
        {
            "fold": 3,
            "accuracy": 0.20689655172413793,
            "auroc": 0.48116237627107195,
            "n_train_samples": 115,
            "n_test_samples": 29,
            "classification_report": {
                "0": {
                    "precision": 0.0,
                    "recall": 0.0,
                    "f1-score": 0.0,
                    "support": 9.0
                },
                "1": {
                    "precision": 0.4444444444444444,
                    "recall": 0.36363636363636365,
                    "f1-score": 0.4,
                    "support": 11.0
                },
                "2": {
                    "precision": 0.0,
                    "recall": 0.0,
                    "f1-score": 0.0,
                    "support": 3.0
                },
                "3": {
                    "precision": 0.2222222222222222,
                    "recall": 0.3333333333333333,
                    "f1-score": 0.26666666666666666,
                    "support": 6.0
                },
                "accuracy": 0.20689655172413793,
                "macro avg": {
                    "precision": 0.16666666666666666,
                    "recall": 0.17424242424242425,
                    "f1-score": 0.16666666666666669,
                    "support": 29.0
                },
                "weighted avg": {
                    "precision": 0.21455938697318006,
                    "recall": 0.20689655172413793,
                    "f1-score": 0.20689655172413793,
                    "support": 29.0
                }
            },
            "auroc_per_class": {
                "class_0": 0.55,
                "class_1": 0.5101010101010102,
                "class_2": 0.37179487179487175,
                "class_3": 0.49275362318840576
            }
        },
        {
            "fold": 4,
            "accuracy": 0.10344827586206896,
            "auroc": 0.32267417968504924,
            "n_train_samples": 115,
            "n_test_samples": 29,
            "classification_report": {
                "0": {
                    "precision": 0.0,
                    "recall": 0.0,
                    "f1-score": 0.0,
                    "support": 4.0
                },
                "1": {
                    "precision": 0.14285714285714285,
                    "recall": 0.125,
                    "f1-score": 0.13333333333333333,
                    "support": 8.0
                },
                "2": {
                    "precision": 0.14285714285714285,
                    "recall": 0.09090909090909091,
                    "f1-score": 0.1111111111111111,
                    "support": 11.0
                },
                "3": {
                    "precision": 0.2,
                    "recall": 0.16666666666666666,
                    "f1-score": 0.18181818181818182,
                    "support": 6.0
                },
                "accuracy": 0.10344827586206896,
                "macro avg": {
                    "precision": 0.12142857142857143,
                    "recall": 0.09564393939393939,
                    "f1-score": 0.10656565656565656,
                    "support": 29.0
                },
                "weighted avg": {
                    "precision": 0.1349753694581281,
                    "recall": 0.10344827586206896,
                    "f1-score": 0.11654475792406827,
                    "support": 29.0
                }
            },
            "auroc_per_class": {
                "class_0": 0.11000000000000001,
                "class_1": 0.3273809523809524,
                "class_2": 0.40404040404040403,
                "class_3": 0.4492753623188406
            }
        },
        {
            "fold": 5,
            "accuracy": 0.14285714285714285,
            "auroc": 0.40258711764297983,
            "n_train_samples": 116,
            "n_test_samples": 28,
            "classification_report": {
                "0": {
                    "precision": 0.16666666666666666,
                    "recall": 0.1111111111111111,