{
    "subject_id": 6,
    "trial_id": 0,
    "eval_name": "face_num",
    "k_folds": 5,
    "mean_accuracy": 0.31687611324436327,
    "std_accuracy": 0.01954807131054335,
    "fold_results": [
        {
            "fold": 1,
            "accuracy": 0.32286995515695066,
            "auroc": 0.48687313712534835,
            "n_train_samples": 2673,
            "n_test_samples": 669,
            "classification_report": {
                "0": {
                    "precision": 0.417910447761194,
                    "recall": 0.28,
                    "f1-score": 0.33532934131736525,
                    "support": 300.0
                },
                "1": {
                    "precision": 0.2612244897959184,
                    "recall": 0.38323353293413176,
                    "f1-score": 0.3106796116504854,
                    "support": 167.0
                },
                "2": {
                    "precision": 0.30493273542600896,
                    "recall": 0.33663366336633666,
                    "f1-score": 0.32,
                    "support": 202.0
                },
                "accuracy": 0.32286995515695066,
                "macro avg": {
                    "precision": 0.32802255766104044,
                    "recall": 0.33328906543348946,
                    "f1-score": 0.32200298432261687,
                    "support": 669.0
                },
                "weighted avg": {
                    "precision": 0.34468465871499304,
                    "recall": 0.32286995515695066,
                    "f1-score": 0.3245475299564135,
                    "support": 669.0
                }
            },
            "auroc_per_class": {
                "class_0": 0.4733875338753388,
                "class_1": 0.4985268506811079,
                "class_2": 0.4887050268195985
            }
        },
        {
            "fold": 2,
            "accuracy": 0.3109118086696562,
            "auroc": 0.4811886533437757,
            "n_train_samples": 2673,
            "n_test_samples": 669,
            "classification_report": {
                "0": {
                    "precision": 0.2245762711864407,
                    "recall": 0.292817679558011,
                    "f1-score": 0.2541966426858513,
                    "support": 181.0
                },
                "1": {
                    "precision": 0.3864734299516908,
                    "recall": 0.32786885245901637,
                    "f1-score": 0.35476718403547675,
                    "support": 244.0
                },
                "2": {
                    "precision": 0.33185840707964603,
                    "recall": 0.3073770491803279,
                    "f1-score": 0.3191489361702128,
                    "support": 244.0
                },
                "accuracy": 0.3109118086696562,
                "macro avg": {
                    "precision": 0.31430270273925914,
                    "recall": 0.3093545270657851,
                    "f1-score": 0.30937092096384694,
                    "support": 669.0
                },
                "weighted avg": {
                    "precision": 0.32275227701104925,
                    "recall": 0.3109118086696562,
                    "f1-score": 0.31456670501693174,
                    "support": 669.0
                }
            },
            "auroc_per_class": {
                "class_0": 0.4761117652386559,
                "class_1": 0.502970106075217,
                "class_2": 0.46448408871745417
            }
        },
        {
            "fold": 3,
            "accuracy": 0.28293413173652693,
            "auroc": 0.46363268401709457,
            "n_train_samples": 2674,
            "n_test_samples": 668,
            "classification_report": {
                "0": {
                    "precision": 0.2613065326633166,
                    "recall": 0.2222222222222222,
                    "f1-score": 0.24018475750577367,
                    "support": 234.0
                },
                "1": {
                    "precision": 0.31666666666666665,
                    "recall": 0.3275862068965517,
                    "f1-score": 0.3220338983050847,
                    "support": 232.0
                },
                "2": {
                    "precision": 0.2663755458515284,
                    "recall": 0.30198019801980197,
                    "f1-score": 0.28306264501160094,
                    "support": 202.0
                },
                "accuracy": 0.28293413173652693,
                "macro avg": {
                    "precision": 0.28144958172717055,
                    "recall": 0.28392954237952533,
                    "f1-score": 0.2817604336074864,
                    "support": 668.0
                },
                "weighted avg": {
                    "precision": 0.28206625085612497,
                    "recall": 0.28293413173652693,
                    "f1-score": 0.2815774729872367,
                    "support": 668.0
                }
            },
            "auroc_per_class": {
                "class_0": 0.44898381188703773,
                "class_1": 0.4969699066751029,
                "class_2": 0.444944333489143
            }
        },
        {
            "fold": 4,
            "accuracy": 0.3263473053892216,
            "auroc": 0.49611754835376093,
            "n_train_samples": 2674,
            "n_test_samples": 668,
            "classification_report": {
                "0": {
                    "precision": 0.3,
                    "recall": 0.3865979381443299,
                    "f1-score": 0.33783783783783783,
                    "support": 194.0
                },
                "1": {
                    "precision": 0.36764705882352944,
                    "recall": 0.30612244897959184,
                    "f1-score": 0.33407572383073497,
                    "support": 245.0
                },
                "2": {
                    "precision": 0.3177570093457944,
                    "recall": 0.29694323144104806,
                    "f1-score": 0.30699774266365687,
                    "support": 229.0
                },
                "accuracy": 0.3263473053892216,
                "macro avg": {
                    "precision": 0.328468022723108,
                    "recall": 0.32988787285498994,
                    "f1-score": 0.3263037681107432,
                    "support": 668.0
                },
                "weighted avg": {
                    "precision": 0.3308980307663946,
                    "recall": 0.3263473053892216,
                    "f1-score": 0.32588559273809586,
                    "support": 668.0
                }
            },
            "auroc_per_class": {
                "class_0": 0.5093305493931881,
                "class_1": 0.5168910117238384,
                "class_2": 0.462131083944256
            }
        },
        {
            "fold": 5,
            "accuracy": 0.3413173652694611,
            "auroc": 0.5030136046812426,
            "n_train_samples": 2674,
            "n_test_samples": 668,
            "classification_report": {
                "0": {
                    "precision": 0.31496062992125984,
                    "recall": 0.3902439024390244,
                    "f1-score": 0.3485838779956427,
                    "support": 205.0
                },
                "1": {
                    "precision": 0.3674418604651163,
                    "recall": 0.3495575221238938,
                    "f1-score": 0.35827664399092973,
                    "support": 226.0
                },
                "2": {
                    "precision": 0.34673366834170855,
                    "recall": 0.2911392405063291,
                    "f1-score": 0.3165137614678899,
                    "support": 237.0
                },
                "accuracy": 0.3413173652694611,
                "macro avg": {
                    "precision": 0.3430453862426949,