{
    "subject_id": 2,
    "trial_id": 3,
    "eval_name": "global_flow_angle",
    "k_folds": 5,
    "mean_accuracy": 0.2700854700854701,
    "std_accuracy": 0.020117268881948404,
    "fold_results": [
        {
            "fold": 1,
            "accuracy": 0.2670940170940171,
            "auroc": 0.536525748762648,
            "n_train_samples": 1872,
            "n_test_samples": 468,
            "classification_report": {
                "0": {
                    "precision": 0.35537190082644626,
                    "recall": 0.32575757575757575,
                    "f1-score": 0.33992094861660077,
                    "support": 132.0
                },
                "1": {
                    "precision": 0.1885245901639344,
                    "recall": 0.25842696629213485,
                    "f1-score": 0.21800947867298578,
                    "support": 89.0
                },
                "2": {
                    "precision": 0.28888888888888886,
                    "recall": 0.203125,
                    "f1-score": 0.23853211009174313,
                    "support": 128.0
                },
                "3": {
                    "precision": 0.24444444444444444,
                    "recall": 0.2773109243697479,
                    "f1-score": 0.25984251968503935,
                    "support": 119.0
                },
                "accuracy": 0.2670940170940171,
                "macro avg": {
                    "precision": 0.2693074560809285,
                    "recall": 0.2661551166048646,
                    "f1-score": 0.26407626426659225,
                    "support": 468.0
                },
                "weighted avg": {
                    "precision": 0.27725308995800796,
                    "recall": 0.2670940170940171,
                    "f1-score": 0.268644826396474,
                    "support": 468.0
                }
            },
            "auroc_per_class": {
                "class_0": 0.5610569985569986,
                "class_1": 0.5293646793750556,
                "class_2": 0.5545496323529412,
                "class_3": 0.5011316847655968
            }
        },
        {
            "fold": 2,
            "accuracy": 0.3034188034188034,
            "auroc": 0.5355348198701959,
            "n_train_samples": 1872,
            "n_test_samples": 468,
            "classification_report": {
                "0": {
                    "precision": 0.27102803738317754,
                    "recall": 0.29591836734693877,
                    "f1-score": 0.28292682926829266,
                    "support": 98.0
                },
                "1": {
                    "precision": 0.34710743801652894,
                    "recall": 0.336,
                    "f1-score": 0.34146341463414637,
                    "support": 125.0
                },
                "2": {
                    "precision": 0.32407407407407407,
                    "recall": 0.25925925925925924,
                    "f1-score": 0.2880658436213992,
                    "support": 135.0
                },
                "3": {
                    "precision": 0.2727272727272727,
                    "recall": 0.32727272727272727,
                    "f1-score": 0.2975206611570248,
                    "support": 110.0
                },
                "accuracy": 0.3034188034188034,
                "macro avg": {
                    "precision": 0.3037342055502633,
                    "recall": 0.3046125884697314,
                    "f1-score": 0.30249418717021576,
                    "support": 468.0
                },
                "weighted avg": {
                    "precision": 0.30704952439234506,
                    "recall": 0.3034188034188034,
                    "f1-score": 0.3034741831489799,
                    "support": 468.0
                }
            },
            "auroc_per_class": {
                "class_0": 0.5515719801434087,
                "class_1": 0.5824723032069972,
                "class_2": 0.48802135468802144,
                "class_3": 0.5200736414423566
            }
        },
        {
            "fold": 3,
            "accuracy": 0.25,
            "auroc": 0.5105206667897343,
            "n_train_samples": 1872,
            "n_test_samples": 468,
            "classification_report": {
                "0": {
                    "precision": 0.31092436974789917,
                    "recall": 0.296,
                    "f1-score": 0.30327868852459017,
                    "support": 125.0
                },
                "1": {
                    "precision": 0.2545454545454545,
                    "recall": 0.24347826086956523,
                    "f1-score": 0.24888888888888888,
                    "support": 115.0
                },
                "2": {
                    "precision": 0.18699186991869918,
                    "recall": 0.19827586206896552,
                    "f1-score": 0.19246861924686193,
                    "support": 116.0
                },
                "3": {
                    "precision": 0.25,
                    "recall": 0.25892857142857145,
                    "f1-score": 0.2543859649122807,
                    "support": 112.0
                },
                "accuracy": 0.25,
                "macro avg": {
                    "precision": 0.25061542355301325,
                    "recall": 0.24917067359177553,
                    "f1-score": 0.24975554039315542,
                    "support": 468.0
                },
                "weighted avg": {
                    "precision": 0.25177207350808495,
                    "recall": 0.25,
                    "f1-score": 0.25074710724488763,
                    "support": 468.0
                }
            },
            "auroc_per_class": {
                "class_0": 0.5732011661807579,
                "class_1": 0.5147555117625323,
                "class_2": 0.43707141457680254,
                "class_3": 0.5170545746388444
            }
        },
        {
            "fold": 4,
            "accuracy": 0.2799145299145299,
            "auroc": 0.5211350393828765,
            "n_train_samples": 1872,
            "n_test_samples": 468,
            "classification_report": {
                "0": {
                    "precision": 0.3090909090909091,
                    "recall": 0.3119266055045872,
                    "f1-score": 0.3105022831050228,
                    "support": 109.0
                },
                "1": {
                    "precision": 0.26356589147286824,
                    "recall": 0.24285714285714285,
                    "f1-score": 0.2527881040892193,
                    "support": 140.0
                },
                "2": {
                    "precision": 0.2421875,
                    "recall": 0.30097087378640774,
                    "f1-score": 0.2683982683982684,
                    "support": 103.0
                },
                "3": {
                    "precision": 0.31683168316831684,
                    "recall": 0.27586206896551724,
                    "f1-score": 0.29493087557603687,
                    "support": 116.0
                },
                "accuracy": 0.2799145299145299,
                "macro avg": {
                    "precision": 0.28291899593302355,
                    "recall": 0.28290417277841373,
                    "f1-score": 0.28165488279213685,
                    "support": 468.0
                },
                "weighted avg": {
                    "precision": 0.2826664992406739,
                    "recall": 0.2799145299145299,
                    "f1-score": 0.28011129624525666,
                    "support": 468.0
                }
            },
            "auroc_per_class": {
                "class_0": 0.5624313204364826,
                "class_1": 0.4636324041811847,
                "class_2": 0.5320388349514563,