{
    "subject_id": 3,
    "trial_id": 1,
    "eval_name": "pitch",
    "k_folds": 5,
    "mean_accuracy": 0.4989525364879609,
    "std_accuracy": 0.007776412897916329,
    "fold_results": [
        {
            "fold": 1,
            "accuracy": 0.5013089005235603,
            "auroc": 0.4987423618514105,
            "n_train_samples": 3054,
            "n_test_samples": 764,
            "classification_report": {
                "0": {
                    "precision": 0.5651041666666666,
                    "recall": 0.5034802784222738,
                    "f1-score": 0.5325153374233129,
                    "support": 431.0
                },
                "1": {
                    "precision": 0.4368421052631579,
                    "recall": 0.4984984984984985,
                    "f1-score": 0.46563814866760167,
                    "support": 333.0
                },
                "accuracy": 0.5013089005235603,
                "macro avg": {
                    "precision": 0.5009731359649123,
                    "recall": 0.5009893884603862,
                    "f1-score": 0.4990767430454573,
                    "support": 764.0
                },
                "weighted avg": {
                    "precision": 0.5091993676517865,
                    "recall": 0.5013089005235603,
                    "f1-score": 0.5033659868269099,
                    "support": 764.0
                }
            }
        },
        {
            "fold": 2,
            "accuracy": 0.4882198952879581,
            "auroc": 0.47916709902805166,
            "n_train_samples": 3054,
            "n_test_samples": 764,
            "classification_report": {
                "0": {
                    "precision": 0.44041450777202074,
                    "recall": 0.4927536231884058,
                    "f1-score": 0.46511627906976744,
                    "support": 345.0
                },
                "1": {
                    "precision": 0.5370370370370371,
                    "recall": 0.48448687350835323,
                    "f1-score": 0.5094102885821832,
                    "support": 419.0
                },
                "accuracy": 0.4882198952879581,
                "macro avg": {
                    "precision": 0.4887257724045289,
                    "recall": 0.4886202483483795,
                    "f1-score": 0.4872632838259753,
                    "support": 764.0
                },
                "weighted avg": {
                    "precision": 0.4934051357328085,
                    "recall": 0.4882198952879581,
                    "f1-score": 0.48940841255890644,
                    "support": 764.0
                }
            }
        },
        {
            "fold": 3,
            "accuracy": 0.506544502617801,
            "auroc": 0.4951002578450735,
            "n_train_samples": 3054,
            "n_test_samples": 764,
            "classification_report": {
                "0": {
                    "precision": 0.4932249322493225,
                    "recall": 0.489247311827957,
                    "f1-score": 0.49122807017543857,
                    "support": 372.0
                },
                "1": {
                    "precision": 0.5189873417721519,
                    "recall": 0.5229591836734694,
                    "f1-score": 0.5209656925031766,
                    "support": 392.0
                },
                "accuracy": 0.506544502617801,
                "macro avg": {
                    "precision": 0.5061061370107371,
                    "recall": 0.5061032477507132,
                    "f1-score": 0.5060968813393076,
                    "support": 764.0
                },
                "weighted avg": {
                    "precision": 0.5064433413238633,
                    "recall": 0.506544502617801,
                    "f1-score": 0.5064861172336498,
                    "support": 764.0
                }
            }
        },
        {
            "fold": 4,
            "accuracy": 0.5072083879423329,
            "auroc": 0.5134353180493705,
            "n_train_samples": 3055,
            "n_test_samples": 763,
            "classification_report": {
                "0": {
                    "precision": 0.5159420289855072,
                    "recall": 0.4599483204134367,
                    "f1-score": 0.48633879781420764,
                    "support": 387.0
                },
                "1": {
                    "precision": 0.5,
                    "recall": 0.5558510638297872,
                    "f1-score": 0.5264483627204031,
                    "support": 376.0
                },
                "accuracy": 0.5072083879423329,
                "macro avg": {
                    "precision": 0.5079710144927536,
                    "recall": 0.5078996921216119,
                    "f1-score": 0.5063935802673054,
                    "support": 763.0
                },
                "weighted avg": {
                    "precision": 0.508085930822269,
                    "recall": 0.5072083879423329,
                    "f1-score": 0.5061044549632633,
                    "support": 763.0
                }
            }
        },
        {
            "fold": 5,
            "accuracy": 0.49148099606815204,
            "auroc": 0.482680412371134,
            "n_train_samples": 3055,
            "n_test_samples": 763,
            "classification_report": {
                "0": {
                    "precision": 0.48370927318295737,
                    "recall": 0.5146666666666667,
                    "f1-score": 0.49870801033591733,
                    "support": 375.0
                },
                "1": {
                    "precision": 0.5,
                    "recall": 0.4690721649484536,
                    "f1-score": 0.48404255319148937,
                    "support": 388.0
                },
                "accuracy": 0.49148099606815204,
                "macro avg": {
                    "precision": 0.49185463659147866,
                    "recall": 0.49186941580756016,
                    "f1-score": 0.4913752817637034,
                    "support": 763.0
                },
                "weighted avg": {
                    "precision": 0.49199341735728574,
                    "recall": 0.49148099606815204,
                    "f1-score": 0.49125034667662765,
                    "support": 763.0
                }
            }
        }
    ],
    "n_classes": 2
}