{
    "subject_id": 5,
    "trial_id": 0,
    "eval_name": "word_gap",
    "k_folds": 5,
    "mean_accuracy": 0.5048748439450687,
    "std_accuracy": 0.006216361515697313,
    "fold_results": [
        {
            "fold": 1,
            "accuracy": 0.5043695380774033,
            "auroc": 0.48858874980359296,
            "n_train_samples": 3202,
            "n_test_samples": 801,
            "classification_report": {
                "0": {
                    "precision": 0.6091127098321343,
                    "recall": 0.5204918032786885,
                    "f1-score": 0.5613259668508287,
                    "support": 488.0
                },
                "1": {
                    "precision": 0.390625,
                    "recall": 0.4792332268370607,
                    "f1-score": 0.430416068866571,
                    "support": 313.0
                },
                "accuracy": 0.5043695380774033,
                "macro avg": {
                    "precision": 0.49986885491606714,
                    "recall": 0.4998625150578746,
                    "f1-score": 0.49587101785869986,
                    "support": 801.0
                },
                "weighted avg": {
                    "precision": 0.5237361141049707,
                    "recall": 0.5043695380774033,
                    "f1-score": 0.5101714124574797,
                    "support": 801.0
                }
            }
        },
        {
            "fold": 2,
            "accuracy": 0.4993757802746567,
            "auroc": 0.5093619972260749,
            "n_train_samples": 3202,
            "n_test_samples": 801,
            "classification_report": {
                "0": {
                    "precision": 0.7365853658536585,
                    "recall": 0.507563025210084,
                    "f1-score": 0.6009950248756218,
                    "support": 595.0
                },
                "1": {
                    "precision": 0.2506393861892583,
                    "recall": 0.47572815533980584,
                    "f1-score": 0.32830820770519265,
                    "support": 206.0
                },
                "accuracy": 0.4993757802746567,
                "macro avg": {
                    "precision": 0.4936123760214584,
                    "recall": 0.4916455902749449,
                    "f1-score": 0.46465161629040724,
                    "support": 801.0
                },
                "weighted avg": {
                    "precision": 0.6116104946790437,
                    "recall": 0.4993757802746567,
                    "f1-score": 0.5308658309466475,
                    "support": 801.0
                }
            }
        },
        {
            "fold": 3,
            "accuracy": 0.4968789013732834,
            "auroc": 0.516638230855043,
            "n_train_samples": 3202,
            "n_test_samples": 801,
            "classification_report": {
                "0": {
                    "precision": 0.6095717884130982,
                    "recall": 0.49387755102040815,
                    "f1-score": 0.5456595264937993,
                    "support": 490.0
                },
                "1": {
                    "precision": 0.38613861386138615,
                    "recall": 0.5016077170418006,
                    "f1-score": 0.43636363636363634,
                    "support": 311.0
                },
                "accuracy": 0.4968789013732834,
                "macro avg": {
                    "precision": 0.4978552011372422,
                    "recall": 0.4977426340311044,
                    "f1-score": 0.4910115814287178,
                    "support": 801.0
                },
                "weighted avg": {
                    "precision": 0.522820580815617,
                    "recall": 0.4968789013732834,
                    "f1-score": 0.5032237938714763,
                    "support": 801.0
                }
            }
        },
        {
            "fold": 4,
            "accuracy": 0.5125,
            "auroc": 0.5058944886531094,
            "n_train_samples": 3203,
            "n_test_samples": 800,
            "classification_report": {
                "0": {
                    "precision": 0.5413533834586466,
                    "recall": 0.5106382978723404,
                    "f1-score": 0.5255474452554745,
                    "support": 423.0
                },
                "1": {
                    "precision": 0.4837905236907731,
                    "recall": 0.5145888594164456,
                    "f1-score": 0.4987146529562982,
                    "support": 377.0
                },
                "accuracy": 0.5125,
                "macro avg": {
                    "precision": 0.5125719535747099,
                    "recall": 0.512613578644393,
                    "f1-score": 0.5121310491058864,
                    "support": 800.0
                },
                "weighted avg": {
                    "precision": 0.5142268857930362,
                    "recall": 0.5125,
                    "f1-score": 0.5129024918844877,
                    "support": 800.0
                }
            }
        },
        {
            "fold": 5,
            "accuracy": 0.51125,
            "auroc": 0.5153020717814296,
            "n_train_samples": 3203,
            "n_test_samples": 800,
            "classification_report": {
                "0": {
                    "precision": 0.4674698795180723,
                    "recall": 0.532967032967033,
                    "f1-score": 0.4980744544287548,
                    "support": 364.0
                },
                "1": {
                    "precision": 0.5584415584415584,
                    "recall": 0.49311926605504586,
                    "f1-score": 0.5237515225334958,
                    "support": 436.0
                },
                "accuracy": 0.51125,
                "macro avg": {
                    "precision": 0.5129557189798153,
                    "recall": 0.5130431495110395,
                    "f1-score": 0.5109129884811253,
                    "support": 800.0
                },
                "weighted avg": {
                    "precision": 0.5170494445313722,
                    "recall": 0.51125,
                    "f1-score": 0.5120684565458387,
                    "support": 800.0
                }
            }
        }
    ],
    "n_classes": 2
}