{
    "subject_id": 3,
    "trial_id": 0,
    "eval_name": "gpt2_surprisal",
    "k_folds": 5,
    "mean_accuracy": 0.6023440823031037,
    "std_accuracy": 0.010671959803467468,
    "fold_results": [
        {
            "fold": 1,
            "accuracy": 0.5845724907063197,
            "auroc": 0.6134966882372698,
            "n_train_samples": 4303,
            "n_test_samples": 1076,
            "classification_report": {
                "0": {
                    "precision": 0.611969111969112,
                    "recall": 0.5630550621669627,
                    "f1-score": 0.5864939870490287,
                    "support": 563.0
                },
                "1": {
                    "precision": 0.5591397849462365,
                    "recall": 0.6081871345029239,
                    "f1-score": 0.5826330532212886,
                    "support": 513.0
                },
                "accuracy": 0.5845724907063197,
                "macro avg": {
                    "precision": 0.5855544484576742,
                    "recall": 0.5856210983349432,
                    "f1-score": 0.5845635201351587,
                    "support": 1076.0
                },
                "weighted avg": {
                    "precision": 0.5867818956468676,
                    "recall": 0.5845724907063197,
                    "f1-score": 0.5846532258467697,
                    "support": 1076.0
                }
            }
        },
        {
            "fold": 2,
            "accuracy": 0.6078066914498141,
            "auroc": 0.640569493399682,
            "n_train_samples": 4303,
            "n_test_samples": 1076,
            "classification_report": {
                "0": {
                    "precision": 0.610655737704918,
                    "recall": 0.5622641509433962,
                    "f1-score": 0.5854616895874263,
                    "support": 530.0
                },
                "1": {
                    "precision": 0.6054421768707483,
                    "recall": 0.652014652014652,
                    "f1-score": 0.6278659611992945,
                    "support": 546.0
                },
                "accuracy": 0.6078066914498141,
                "macro avg": {
                    "precision": 0.6080489572878331,
                    "recall": 0.6071394014790241,
                    "f1-score": 0.6066638253933604,
                    "support": 1076.0
                },
                "weighted avg": {
                    "precision": 0.6080101947537501,
                    "recall": 0.6078066914498141,
                    "f1-score": 0.6069790987882442,
                    "support": 1076.0
                }
            }
        },
        {
            "fold": 3,
            "accuracy": 0.595724907063197,
            "auroc": 0.6191802213899753,
            "n_train_samples": 4303,
            "n_test_samples": 1076,
            "classification_report": {
                "0": {
                    "precision": 0.604887983706721,
                    "recall": 0.5520446096654275,
                    "f1-score": 0.577259475218659,
                    "support": 538.0
                },
                "1": {
                    "precision": 0.588034188034188,
                    "recall": 0.6394052044609665,
                    "f1-score": 0.6126447016918967,
                    "support": 538.0
                },
                "accuracy": 0.595724907063197,
                "macro avg": {
                    "precision": 0.5964610858704545,
                    "recall": 0.5957249070631969,
                    "f1-score": 0.5949520884552778,
                    "support": 1076.0
                },
                "weighted avg": {
                    "precision": 0.5964610858704545,
                    "recall": 0.595724907063197,
                    "f1-score": 0.5949520884552778,
                    "support": 1076.0
                }
            }
        },
        {
            "fold": 4,
            "accuracy": 0.612453531598513,
            "auroc": 0.6322156578220011,
            "n_train_samples": 4303,
            "n_test_samples": 1076,
            "classification_report": {
                "0": {
                    "precision": 0.62217659137577,
                    "recall": 0.5652985074626866,
                    "f1-score": 0.592375366568915,
                    "support": 536.0
                },
                "1": {
                    "precision": 0.6044142614601019,
                    "recall": 0.6592592592592592,
                    "f1-score": 0.6306465899025686,
                    "support": 540.0
                },
                "accuracy": 0.612453531598513,
                "macro avg": {
                    "precision": 0.613295426417936,
                    "recall": 0.6122788833609729,
                    "f1-score": 0.6115109782357417,
                    "support": 1076.0
                },
                "weighted avg": {
                    "precision": 0.6132624109348213,
                    "recall": 0.612453531598513,
                    "f1-score": 0.6115821143385924,
                    "support": 1076.0
                }
            }
        },
        {
            "fold": 5,
            "accuracy": 0.6111627906976744,
            "auroc": 0.6411224956355475,
            "n_train_samples": 4304,
            "n_test_samples": 1075,
            "classification_report": {
                "0": {
                    "precision": 0.6035502958579881,
                    "recall": 0.5850860420650096,
                    "f1-score": 0.5941747572815534,
                    "support": 523.0
                },
                "1": {
                    "precision": 0.6179577464788732,
                    "recall": 0.6358695652173914,
                    "f1-score": 0.6267857142857143,
                    "support": 552.0
                },
                "accuracy": 0.6111627906976744,
                "macro avg": {
                    "precision": 0.6107540211684307,
                    "recall": 0.6104778036412004,
                    "f1-score": 0.6104802357836339,
                    "support": 1075.0
                },
                "weighted avg": {
                    "precision": 0.6109483542233172,
                    "recall": 0.6111627906976744,
                    "f1-score": 0.6109201045060156,
                    "support": 1075.0
                }
            }
        }
    ],
    "n_classes": 2
}