{
    "subject_id": 2,
    "trial_id": 0,
    "eval_name": "local_flow",
    "k_folds": 5,
    "mean_accuracy": 0.5222903186520049,
    "std_accuracy": 0.008506679927423544,
    "fold_results": [
        {
            "fold": 1,
            "accuracy": 0.5168067226890757,
            "auroc": 0.5228922280199302,
            "n_train_samples": 2853,
            "n_test_samples": 714,
            "classification_report": {
                "0": {
                    "precision": 0.5186170212765957,
                    "recall": 0.5431754874651811,
                    "f1-score": 0.5306122448979592,
                    "support": 359.0
                },
                "1": {
                    "precision": 0.514792899408284,
                    "recall": 0.49014084507042255,
                    "f1-score": 0.5021645021645021,
                    "support": 355.0
                },
                "accuracy": 0.5168067226890757,
                "macro avg": {
                    "precision": 0.5167049603424398,
                    "recall": 0.5166581662678018,
                    "f1-score": 0.5163883735312307,
                    "support": 714.0
                },
                "weighted avg": {
                    "precision": 0.5167156721684015,
                    "recall": 0.5168067226890757,
                    "f1-score": 0.516468059085106,
                    "support": 714.0
                }
            }
        },
        {
            "fold": 2,
            "accuracy": 0.5182072829131653,
            "auroc": 0.5492091619660856,
            "n_train_samples": 2853,
            "n_test_samples": 714,
            "classification_report": {
                "0": {
                    "precision": 0.6936936936936937,
                    "recall": 0.4883720930232558,
                    "f1-score": 0.5732009925558312,
                    "support": 473.0
                },
                "1": {
                    "precision": 0.3648293963254593,
                    "recall": 0.5767634854771784,
                    "f1-score": 0.44694533762057875,
                    "support": 241.0
                },
                "accuracy": 0.5182072829131653,
                "macro avg": {
                    "precision": 0.5292615450095766,
                    "recall": 0.5325677892502171,
                    "f1-score": 0.510073165088205,
                    "support": 714.0
                },
                "weighted avg": {
                    "precision": 0.5826904784755642,
                    "recall": 0.5182072829131653,
                    "f1-score": 0.5305852882989743,
                    "support": 714.0
                }
            }
        },
        {
            "fold": 3,
            "accuracy": 0.5343618513323983,
            "auroc": 0.5722515856236787,
            "n_train_samples": 2854,
            "n_test_samples": 713,
            "classification_report": {
                "0": {
                    "precision": 0.3783068783068783,
                    "recall": 0.5958333333333333,
                    "f1-score": 0.4627831715210356,
                    "support": 240.0
                },
                "1": {
                    "precision": 0.7104477611940299,
                    "recall": 0.5031712473572939,
                    "f1-score": 0.5891089108910891,
                    "support": 473.0
                },
                "accuracy": 0.5343618513323983,
                "macro avg": {
                    "precision": 0.5443773197504541,
                    "recall": 0.5495022903453136,
                    "f1-score": 0.5259460412060624,
                    "support": 713.0
                },
                "weighted avg": {
                    "precision": 0.5986471835041051,
                    "recall": 0.5343618513323983,
                    "f1-score": 0.546586922884339,
                    "support": 713.0
                }
            }
        },
        {
            "fold": 4,
            "accuracy": 0.5301542776998598,
            "auroc": 0.5499895444601723,
            "n_train_samples": 2854,
            "n_test_samples": 713,
            "classification_report": {
                "0": {
                    "precision": 0.45799457994579945,
                    "recall": 0.555921052631579,
                    "f1-score": 0.5022288261515602,
                    "support": 304.0
                },
                "1": {
                    "precision": 0.6075581395348837,
                    "recall": 0.511002444987775,
                    "f1-score": 0.5551128818061088,
                    "support": 409.0
                },
                "accuracy": 0.5301542776998598,
                "macro avg": {
                    "precision": 0.5327763597403415,
                    "recall": 0.533461748809677,
                    "f1-score": 0.5286708539788345,
                    "support": 713.0
                },
                "weighted avg": {
                    "precision": 0.5437891043103653,
                    "recall": 0.5301542776998598,
                    "f1-score": 0.5325648412465257,
                    "support": 713.0
                }
            }
        },
        {
            "fold": 5,
            "accuracy": 0.511921458625526,
            "auroc": 0.5234364946596319,
            "n_train_samples": 2854,
            "n_test_samples": 713,
            "classification_report": {
                "0": {
                    "precision": 0.5835616438356165,
                    "recall": 0.5207823960880196,
                    "f1-score": 0.5503875968992248,
                    "support": 409.0
                },
                "1": {
                    "precision": 0.4367816091954023,
                    "recall": 0.5,
                    "f1-score": 0.4662576687116564,
                    "support": 304.0
                },
                "accuracy": 0.511921458625526,
                "macro avg": {
                    "precision": 0.5101716265155094,
                    "recall": 0.5103911980440098,
                    "f1-score": 0.5083226328054407,
                    "support": 713.0
                },
                "weighted avg": {
                    "precision": 0.5209794130773765,
                    "recall": 0.511921458625526,
                    "f1-score": 0.5145173329875548,
                    "support": 713.0
                }
            }
        }
    ],
    "n_classes": 2
}