{
    "subject_id": 6,
    "trial_id": 4,
    "eval_name": "speaker",
    "k_folds": 5,
    "mean_accuracy": 0.14416666666666667,
    "std_accuracy": 0.04096068575814835,
    "fold_results": [
        {
            "fold": 1,
            "accuracy": 0.06666666666666667,
            "auroc": 0.527268750567595,
            "n_train_samples": 960,
            "n_test_samples": 240,
            "classification_report": {
                "0": {
                    "precision": 0.171875,
                    "recall": 0.2894736842105263,
                    "f1-score": 0.21568627450980393,
                    "support": 38.0
                },
                "1": {
                    "precision": 0.0,
                    "recall": 0.0,
                    "f1-score": 0.0,
                    "support": 3.0
                },
                "2": {
                    "precision": 1.0,
                    "recall": 0.02040816326530612,
                    "f1-score": 0.04,
                    "support": 196.0
                },
                "3": {
                    "precision": 0.0136986301369863,
                    "recall": 0.3333333333333333,
                    "f1-score": 0.02631578947368421,
                    "support": 3.0
                },
                "accuracy": 0.06666666666666667,
                "macro avg": {
                    "precision": 0.2963934075342466,
                    "recall": 0.16080379520229143,
                    "f1-score": 0.07050051599587204,
                    "support": 240.0
                },
                "weighted avg": {
                    "precision": 0.8440514412100456,
                    "recall": 0.06666666666666667,
                    "f1-score": 0.06714594083247334,
                    "support": 240.0
                }
            },
            "auroc_per_class": {
                "class_0": 0.5354351224596143,
                "class_1": 0.4683544303797469,
                "class_2": 0.5511363636363636,
                "class_3": 0.5541490857946554
            }
        },
        {
            "fold": 2,
            "accuracy": 0.14166666666666666,
            "auroc": 0.5237489325917056,
            "n_train_samples": 960,
            "n_test_samples": 240,
            "classification_report": {
                "0": {
                    "precision": 0.20754716981132076,
                    "recall": 0.1864406779661017,
                    "f1-score": 0.19642857142857142,
                    "support": 59.0
                },
                "1": {
                    "precision": 0.6923076923076923,
                    "recall": 0.06923076923076923,
                    "f1-score": 0.1258741258741259,
                    "support": 130.0
                },
                "2": {
                    "precision": 0.05785123966942149,
                    "recall": 0.5833333333333334,
                    "f1-score": 0.10526315789473684,
                    "support": 12.0
                },
                "3": {
                    "precision": 0.1320754716981132,
                    "recall": 0.1794871794871795,
                    "f1-score": 0.15217391304347827,
                    "support": 39.0
                },
                "accuracy": 0.14166666666666666,
                "macro avg": {
                    "precision": 0.2724453933716369,
                    "recall": 0.25462299000434596,
                    "f1-score": 0.1449349420602281,
                    "support": 240.0
                },
                "weighted avg": {
                    "precision": 0.4503768387130308,
                    "recall": 0.14166666666666666,
                    "f1-score": 0.14646192742231073,
                    "support": 240.0
                }
            },
            "auroc_per_class": {
                "class_0": 0.5328214252270812,
                "class_1": 0.5281818181818183,
                "class_2": 0.6030701754385965,
                "class_3": 0.43092231151932636
            }
        },
        {
            "fold": 3,
            "accuracy": 0.1625,
            "auroc": NaN,
            "n_train_samples": 960,
            "n_test_samples": 240,
            "classification_report": {
                "0": {
                    "precision": 0.45161290322580644,
                    "recall": 0.19718309859154928,
                    "f1-score": 0.27450980392156865,
                    "support": 71.0
                },
                "1": {
                    "precision": 0.17307692307692307,
                    "recall": 0.18,
                    "f1-score": 0.17647058823529413,
                    "support": 50.0
                },
                "2": {
                    "precision": 0.0,
                    "recall": 0.0,
                    "f1-score": 0.0,
                    "support": 0.0
                },
                "3": {
                    "precision": 0.64,
                    "recall": 0.13445378151260504,
                    "f1-score": 0.2222222222222222,
                    "support": 119.0
                },
                "accuracy": 0.1625,
                "macro avg": {
                    "precision": 0.3161724565756824,
                    "recall": 0.12790922002603858,
                    "f1-score": 0.16830065359477125,
                    "support": 240.0
                },
                "weighted avg": {
                    "precision": 0.48699317617866006,
                    "recall": 0.1625,
                    "f1-score": 0.2281590413943355,
                    "support": 240.0
                }
            },
            "auroc_per_class": {
                "class_0": 0.5117093091090924,
                "class_1": 0.4665263157894736,
                "class_2": NaN
            }
        },
        {
            "fold": 4,
            "accuracy": 0.18333333333333332,
            "auroc": NaN,
            "n_train_samples": 960,
            "n_test_samples": 240,
            "classification_report": {
                "0": {
                    "precision": 0.42857142857142855,
                    "recall": 0.19736842105263158,
                    "f1-score": 0.2702702702702703,
                    "support": 76.0
                },
                "1": {
                    "precision": 0.0,
                    "recall": 0.0,
                    "f1-score": 0.0,
                    "support": 0.0
                },
                "2": {
                    "precision": 0.46153846153846156,
                    "recall": 0.06521739130434782,
                    "f1-score": 0.11428571428571428,
                    "support": 92.0
                },
                "3": {
                    "precision": 0.30666666666666664,
                    "recall": 0.3194444444444444,
                    "f1-score": 0.3129251700680272,
                    "support": 72.0
                },
                "accuracy": 0.18333333333333332,
                "macro avg": {
                    "precision": 0.2991941391941392,
                    "recall": 0.14550756420035596,
                    "f1-score": 0.17437028865600296,
                    "support": 240.0
                },
                "weighted avg": {
                    "precision": 0.40463736263736266,
                    "recall": 0.18333333333333332,
                    "f1-score": 0.22327266041551755,
                    "support": 240.0
                }
            },
            "auroc_per_class": {
                "class_0": 0.5255937098844673,
                "class_1": NaN,
                "class_2": 0.5899676850763806
            }
        },
        {
            "fold": 5,
            "accuracy": 0.16666666666666666,
            "auroc": NaN,
            "n_train_samples": 960,
            "n_test_samples": 240,
            "classification_report": {
                "0": {
                    "precision": 0.2247191011235955,
                    "recall": 0.35714285714285715,