{
    "subject_id": 2,
    "trial_id": 1,
    "eval_name": "global_flow_angle",
    "k_folds": 5,
    "mean_accuracy": 0.2700532153520102,
    "std_accuracy": 0.0215144074572719,
    "fold_results": [
        {
            "fold": 1,
            "accuracy": 0.23772102161100198,
            "auroc": 0.4897830199158792,
            "n_train_samples": 2035,
            "n_test_samples": 509,
            "classification_report": {
                "0": {
                    "precision": 0.2713178294573643,
                    "recall": 0.26119402985074625,
                    "f1-score": 0.2661596958174905,
                    "support": 134.0
                },
                "1": {
                    "precision": 0.1888111888111888,
                    "recall": 0.2621359223300971,
                    "f1-score": 0.21951219512195122,
                    "support": 103.0
                },
                "2": {
                    "precision": 0.22900763358778625,
                    "recall": 0.24390243902439024,
                    "f1-score": 0.23622047244094488,
                    "support": 123.0
                },
                "3": {
                    "precision": 0.27358490566037735,
                    "recall": 0.19463087248322147,
                    "f1-score": 0.22745098039215686,
                    "support": 149.0
                },
                "accuracy": 0.23772102161100198,
                "macro avg": {
                    "precision": 0.24068038937917918,
                    "recall": 0.24046581592211375,
                    "f1-score": 0.23733583594313587,
                    "support": 509.0
                },
                "weighted avg": {
                    "precision": 0.24506135848631277,
                    "recall": 0.23772102161100198,
                    "f1-score": 0.23815416409778445,
                    "support": 509.0
                }
            },
            "auroc_per_class": {
                "class_0": 0.505094527363184,
                "class_1": 0.4781912095269979,
                "class_2": 0.5012005560470112,
                "class_3": 0.4746457867263237
            }
        },
        {
            "fold": 2,
            "accuracy": 0.3005893909626719,
            "auroc": 0.5561562531586336,
            "n_train_samples": 2035,
            "n_test_samples": 509,
            "classification_report": {
                "0": {
                    "precision": 0.4015151515151515,
                    "recall": 0.3509933774834437,
                    "f1-score": 0.3745583038869258,
                    "support": 151.0
                },
                "1": {
                    "precision": 0.23015873015873015,
                    "recall": 0.24369747899159663,
                    "f1-score": 0.23673469387755103,
                    "support": 119.0
                },
                "2": {
                    "precision": 0.30952380952380953,
                    "recall": 0.34210526315789475,
                    "f1-score": 0.325,
                    "support": 114.0
                },
                "3": {
                    "precision": 0.256,
                    "recall": 0.256,
                    "f1-score": 0.256,
                    "support": 125.0
                },
                "accuracy": 0.3005893909626719,
                "macro avg": {
                    "precision": 0.2992994227994228,
                    "recall": 0.29819902990823377,
                    "f1-score": 0.2980732494411192,
                    "support": 509.0
                },
                "weighted avg": {
                    "precision": 0.3051147171972319,
                    "recall": 0.3005893909626719,
                    "f1-score": 0.30212128184352527,
                    "support": 509.0
                }
            },
            "auroc_per_class": {
                "class_0": 0.5263605756779755,
                "class_1": 0.5564102564102564,
                "class_2": 0.6228958472129691,
                "class_3": 0.5189583333333333
            }
        },
        {
            "fold": 3,
            "accuracy": 0.26129666011787817,
            "auroc": 0.5225049832870055,
            "n_train_samples": 2035,
            "n_test_samples": 509,
            "classification_report": {
                "0": {
                    "precision": 0.19333333333333333,
                    "recall": 0.3372093023255814,
                    "f1-score": 0.2457627118644068,
                    "support": 86.0
                },
                "1": {
                    "precision": 0.3770491803278688,
                    "recall": 0.24468085106382978,
                    "f1-score": 0.2967741935483871,
                    "support": 188.0
                },
                "2": {
                    "precision": 0.2890625,
                    "recall": 0.29365079365079366,
                    "f1-score": 0.29133858267716534,
                    "support": 126.0
                },
                "3": {
                    "precision": 0.1926605504587156,
                    "recall": 0.1926605504587156,
                    "f1-score": 0.1926605504587156,
                    "support": 109.0
                },
                "accuracy": 0.26129666011787817,
                "macro avg": {
                    "precision": 0.26302639102997943,
                    "recall": 0.2670503743747301,
                    "f1-score": 0.2566340096371687,
                    "support": 509.0
                },
                "weighted avg": {
                    "precision": 0.28474221526189786,
                    "recall": 0.26129666011787817,
                    "f1-score": 0.26451434778930955,
                    "support": 509.0
                }
            },
            "auroc_per_class": {
                "class_0": 0.5107207652977074,
                "class_1": 0.5269934380592562,
                "class_2": 0.5436818765800489,
                "class_3": 0.5086238532110092
            }
        },
        {
            "fold": 4,
            "accuracy": 0.26522593320235754,
            "auroc": 0.5400068622746836,
            "n_train_samples": 2035,
            "n_test_samples": 509,
            "classification_report": {
                "0": {
                    "precision": 0.24,
                    "recall": 0.2830188679245283,
                    "f1-score": 0.2597402597402597,
                    "support": 106.0
                },
                "1": {
                    "precision": 0.3153846153846154,
                    "recall": 0.30597014925373134,
                    "f1-score": 0.3106060606060606,
                    "support": 134.0
                },
                "2": {
                    "precision": 0.2966101694915254,
                    "recall": 0.2413793103448276,
                    "f1-score": 0.2661596958174905,
                    "support": 145.0
                },
                "3": {
                    "precision": 0.21323529411764705,
                    "recall": 0.23387096774193547,
                    "f1-score": 0.2230769230769231,
                    "support": 124.0
                },
                "accuracy": 0.26522593320235754,
                "macro avg": {
                    "precision": 0.26630751974844696,
                    "recall": 0.2660598238162557,
                    "f1-score": 0.2648957348101835,
                    "support": 509.0
                },
                "weighted avg": {
                    "precision": 0.2694522387198387,
                    "recall": 0.26522593320235754,
                    "f1-score": 0.26602823970285705,
                    "support": 509.0
                }
            },
            "auroc_per_class": {
                "class_0": 0.5106746570532328,
                "class_1": 0.6053731343283582,
                "class_2": 0.5629784009094354,