{
    "subject_id": 6,
    "trial_id": 4,
    "eval_name": "volume",
    "k_folds": 5,
    "mean_accuracy": 0.49514786661488097,
    "std_accuracy": 0.023049514203516634,
    "fold_results": [
        {
            "fold": 1,
            "accuracy": 0.5018587360594795,
            "auroc": 0.4774703557312253,
            "n_train_samples": 1072,
            "n_test_samples": 269,
            "classification_report": {
                "0": {
                    "precision": 0.5806451612903226,
                    "recall": 0.4675324675324675,
                    "f1-score": 0.5179856115107914,
                    "support": 154.0
                },
                "1": {
                    "precision": 0.43448275862068964,
                    "recall": 0.5478260869565217,
                    "f1-score": 0.4846153846153846,
                    "support": 115.0
                },
                "accuracy": 0.5018587360594795,
                "macro avg": {
                    "precision": 0.5075639599555062,
                    "recall": 0.5076792772444946,
                    "f1-score": 0.501300498063088,
                    "support": 269.0
                },
                "weighted avg": {
                    "precision": 0.5181593757624127,
                    "recall": 0.5018587360594795,
                    "f1-score": 0.5037195293807848,
                    "support": 269.0
                }
            }
        },
        {
            "fold": 2,
            "accuracy": 0.5186567164179104,
            "auroc": 0.5434491978609626,
            "n_train_samples": 1073,
            "n_test_samples": 268,
            "classification_report": {
                "0": {
                    "precision": 0.5109489051094891,
                    "recall": 0.5303030303030303,
                    "f1-score": 0.5204460966542751,
                    "support": 132.0
                },
                "1": {
                    "precision": 0.5267175572519084,
                    "recall": 0.5073529411764706,
                    "f1-score": 0.5168539325842697,
                    "support": 136.0
                },
                "accuracy": 0.5186567164179104,
                "macro avg": {
                    "precision": 0.5188332311806987,
                    "recall": 0.5188279857397504,
                    "f1-score": 0.5186500146192724,
                    "support": 268.0
                },
                "weighted avg": {
                    "precision": 0.5189509076892244,
                    "recall": 0.5186567164179104,
                    "f1-score": 0.5186232074247201,
                    "support": 268.0
                }
            }
        },
        {
            "fold": 3,
            "accuracy": 0.45149253731343286,
            "auroc": 0.46871343400011145,
            "n_train_samples": 1073,
            "n_test_samples": 268,
            "classification_report": {
                "0": {
                    "precision": 0.4420289855072464,
                    "recall": 0.46564885496183206,
                    "f1-score": 0.45353159851301117,
                    "support": 131.0
                },
                "1": {
                    "precision": 0.46153846153846156,
                    "recall": 0.43795620437956206,
                    "f1-score": 0.449438202247191,
                    "support": 137.0
                },
                "accuracy": 0.45149253731343286,
                "macro avg": {
                    "precision": 0.451783723522854,
                    "recall": 0.45180252967069706,
                    "f1-score": 0.4514849003801011,
                    "support": 268.0
                },
                "weighted avg": {
                    "precision": 0.4520021131799198,
                    "recall": 0.45149253731343286,
                    "f1-score": 0.4514390787801105,
                    "support": 268.0
                }
            }
        },
        {
            "fold": 4,
            "accuracy": 0.4962686567164179,
            "auroc": 0.5027256555918976,
            "n_train_samples": 1073,
            "n_test_samples": 268,
            "classification_report": {
                "0": {
                    "precision": 0.4117647058823529,
                    "recall": 0.5045045045045045,
                    "f1-score": 0.4534412955465587,
                    "support": 111.0
                },
                "1": {
                    "precision": 0.5833333333333334,
                    "recall": 0.49044585987261147,
                    "f1-score": 0.532871972318339,
                    "support": 157.0
                },
                "accuracy": 0.4962686567164179,
                "macro avg": {
                    "precision": 0.49754901960784315,
                    "recall": 0.49747518218855796,
                    "f1-score": 0.4931566339324489,
                    "support": 268.0
                },
                "weighted avg": {
                    "precision": 0.5122731928592333,
                    "recall": 0.4962686567164179,
                    "f1-score": 0.49997344574495245,
                    "support": 268.0
                }
            }
        },
        {
            "fold": 5,
            "accuracy": 0.5074626865671642,
            "auroc": 0.5241398601398602,
            "n_train_samples": 1073,
            "n_test_samples": 268,
            "classification_report": {
                "0": {
                    "precision": 0.539568345323741,
                    "recall": 0.5244755244755245,
                    "f1-score": 0.5319148936170213,
                    "support": 143.0
                },
                "1": {
                    "precision": 0.4728682170542636,
                    "recall": 0.488,
                    "f1-score": 0.48031496062992124,
                    "support": 125.0
                },
                "accuracy": 0.5074626865671642,
                "macro avg": {
                    "precision": 0.5062182811890023,
                    "recall": 0.5062377622377623,
                    "f1-score": 0.5061149271234713,
                    "support": 268.0
                },
                "weighted avg": {
                    "precision": 0.5084582108696937,
                    "recall": 0.5074626865671642,
                    "f1-score": 0.5078477606939336,
                    "support": 268.0
                }
            }
        }
    ],
    "n_classes": 2
}