{
    "subject_id": 4,
    "trial_id": 2,
    "eval_name": "face_num",
    "k_folds": 5,
    "mean_accuracy": 0.34848240395280833,
    "std_accuracy": 0.017619880314242328,
    "fold_results": [
        {
            "fold": 1,
            "accuracy": 0.37115839243498816,
            "auroc": 0.5342259300706205,
            "n_train_samples": 1689,
            "n_test_samples": 423,
            "classification_report": {
                "0": {
                    "precision": 0.38823529411764707,
                    "recall": 0.4125,
                    "f1-score": 0.4,
                    "support": 160.0
                },
                "1": {
                    "precision": 0.3923076923076923,
                    "recall": 0.3333333333333333,
                    "f1-score": 0.36042402826855124,
                    "support": 153.0
                },
                "2": {
                    "precision": 0.3252032520325203,
                    "recall": 0.36363636363636365,
                    "f1-score": 0.34334763948497854,
                    "support": 110.0
                },
                "accuracy": 0.37115839243498816,
                "macro avg": {
                    "precision": 0.3685820794859532,
                    "recall": 0.3698232323232323,
                    "f1-score": 0.36792388925117664,
                    "support": 423.0
                },
                "weighted avg": {
                    "precision": 0.373316978027134,
                    "recall": 0.37115839243498816,
                    "f1-score": 0.3709529944880283,
                    "support": 423.0
                }
            },
            "auroc_per_class": {
                "class_0": 0.5287785171102661,
                "class_1": 0.5037279109174535,
                "class_2": 0.5701713621841418
            }
        },
        {
            "fold": 2,
            "accuracy": 0.3309692671394799,
            "auroc": 0.5269026812453709,
            "n_train_samples": 1689,
            "n_test_samples": 423,
            "classification_report": {
                "0": {
                    "precision": 0.17763157894736842,
                    "recall": 0.34177215189873417,
                    "f1-score": 0.23376623376623376,
                    "support": 79.0
                },
                "1": {
                    "precision": 0.28846153846153844,
                    "recall": 0.38461538461538464,
                    "f1-score": 0.32967032967032966,
                    "support": 117.0
                },
                "2": {
                    "precision": 0.591304347826087,
                    "recall": 0.29955947136563876,
                    "f1-score": 0.39766081871345027,
                    "support": 227.0
                },
                "accuracy": 0.3309692671394799,
                "macro avg": {
                    "precision": 0.3524658217449979,
                    "recall": 0.3419823359599192,
                    "f1-score": 0.3203657940500046,
                    "support": 423.0
                },
                "weighted avg": {
                    "precision": 0.430281280598969,
                    "recall": 0.3309692671394799,
                    "f1-score": 0.34824578460263417,
                    "support": 423.0
                }
            },
            "auroc_per_class": {
                "class_0": 0.48561230497497787,
                "class_1": 0.5479861460253618,
                "class_2": 0.5471095927357728
            }
        },
        {
            "fold": 3,
            "accuracy": 0.32701421800947866,
            "auroc": 0.5321744641653926,
            "n_train_samples": 1690,
            "n_test_samples": 422,
            "classification_report": {
                "0": {
                    "precision": 0.3504273504273504,
                    "recall": 0.2546583850931677,
                    "f1-score": 0.2949640287769784,
                    "support": 161.0
                },
                "1": {
                    "precision": 0.3235294117647059,
                    "recall": 0.3076923076923077,
                    "f1-score": 0.3154121863799283,
                    "support": 143.0
                },
                "2": {
                    "precision": 0.3136094674556213,
                    "recall": 0.4491525423728814,
                    "f1-score": 0.3693379790940767,
                    "support": 118.0
                },
                "accuracy": 0.32701421800947866,
                "macro avg": {
                    "precision": 0.3291887432158926,
                    "recall": 0.3371677450527855,
                    "f1-score": 0.32657139808366115,
                    "support": 422.0
                },
                "weighted avg": {
                    "precision": 0.3310175982486248,
                    "recall": 0.32701421800947866,
                    "f1-score": 0.3226896512287306,
                    "support": 422.0
                }
            },
            "auroc_per_class": {
                "class_0": 0.5385164560576854,
                "class_1": 0.5063789257337644,
                "class_2": 0.5516280107047279
            }
        },
        {
            "fold": 4,
            "accuracy": 0.36492890995260663,
            "auroc": 0.5117023905179016,
            "n_train_samples": 1690,
            "n_test_samples": 422,
            "classification_report": {
                "0": {
                    "precision": 0.3618421052631579,
                    "recall": 0.3793103448275862,
                    "f1-score": 0.37037037037037035,
                    "support": 145.0
                },
                "1": {
                    "precision": 0.3695652173913043,
                    "recall": 0.35172413793103446,
                    "f1-score": 0.36042402826855124,
                    "support": 145.0
                },
                "2": {
                    "precision": 0.36363636363636365,
                    "recall": 0.36363636363636365,
                    "f1-score": 0.36363636363636365,
                    "support": 132.0
                },
                "accuracy": 0.36492890995260663,
                "macro avg": {
                    "precision": 0.365014562096942,
                    "recall": 0.36489028213166136,
                    "f1-score": 0.3648102540917617,
                    "support": 422.0
                },
                "weighted avg": {
                    "precision": 0.3650570184476233,
                    "recall": 0.36492890995260663,
                    "f1-score": 0.3648464165939423,
                    "support": 422.0
                }
            },
            "auroc_per_class": {
                "class_0": 0.4986306485746297,
                "class_1": 0.49956429727374574,
                "class_2": 0.5369122257053291
            }
        },
        {
            "fold": 5,
            "accuracy": 0.34834123222748814,
            "auroc": 0.5183464820501068,
            "n_train_samples": 1690,
            "n_test_samples": 422,
            "classification_report": {
                "0": {
                    "precision": 0.36423841059602646,
                    "recall": 0.34591194968553457,
                    "f1-score": 0.3548387096774194,
                    "support": 159.0
                },
                "1": {
                    "precision": 0.3424657534246575,
                    "recall": 0.3424657534246575,
                    "f1-score": 0.3424657534246575,
                    "support": 146.0
                },
                "2": {
                    "precision": 0.336,
                    "recall": 0.358974358974359,
                    "f1-score": 0.34710743801652894,
                    "support": 117.0
                },
                "accuracy": 0.34834123222748814,
                "macro avg": {
                    "precision": 0.34756805467356133,