{
    "subject_id": 3,
    "trial_id": 1,
    "eval_name": "local_flow_angle",
    "k_folds": 5,
    "mean_accuracy": 0.22728822449514818,
    "std_accuracy": 0.023131020916615105,
    "fold_results": [
        {
            "fold": 1,
            "accuracy": 0.21774193548387097,
            "auroc": 0.49402965188051506,
            "n_train_samples": 492,
            "n_test_samples": 124,
            "classification_report": {
                "0": {
                    "precision": 0.06060606060606061,
                    "recall": 0.09090909090909091,
                    "f1-score": 0.07272727272727272,
                    "support": 22.0
                },
                "1": {
                    "precision": 0.36,
                    "recall": 0.1836734693877551,
                    "f1-score": 0.24324324324324326,
                    "support": 49.0
                },
                "2": {
                    "precision": 0.3157894736842105,
                    "recall": 0.2727272727272727,
                    "f1-score": 0.2926829268292683,
                    "support": 44.0
                },
                "3": {
                    "precision": 0.14285714285714285,
                    "recall": 0.4444444444444444,
                    "f1-score": 0.21621621621621623,
                    "support": 9.0
                },
                "accuracy": 0.21774193548387097,
                "macro avg": {
                    "precision": 0.21981316928685346,
                    "recall": 0.2479385693671408,
                    "f1-score": 0.20621741475400013,
                    "support": 124.0
                },
                "weighted avg": {
                    "precision": 0.2754337456544587,
                    "recall": 0.21774193548387097,
                    "f1-score": 0.2285718842367151,
                    "support": 124.0
                }
            },
            "auroc_per_class": {
                "class_0": 0.3542780748663102,
                "class_1": 0.5352380952380952,
                "class_2": 0.44602272727272724,
                "class_3": 0.6405797101449275
            }
        },
        {
            "fold": 2,
            "accuracy": 0.2682926829268293,
            "auroc": 0.5084807846103027,
            "n_train_samples": 493,
            "n_test_samples": 123,
            "classification_report": {
                "0": {
                    "precision": 0.40625,
                    "recall": 0.37142857142857144,
                    "f1-score": 0.3880597014925373,
                    "support": 35.0
                },
                "1": {
                    "precision": 0.20588235294117646,
                    "recall": 0.2916666666666667,
                    "f1-score": 0.2413793103448276,
                    "support": 24.0
                },
                "2": {
                    "precision": 0.19444444444444445,
                    "recall": 0.2916666666666667,
                    "f1-score": 0.23333333333333334,
                    "support": 24.0
                },
                "3": {
                    "precision": 0.2857142857142857,
                    "recall": 0.15,
                    "f1-score": 0.19672131147540983,
                    "support": 40.0
                },
                "accuracy": 0.2682926829268293,
                "macro avg": {
                    "precision": 0.2730727707749766,
                    "recall": 0.2761904761904762,
                    "f1-score": 0.26487341416152704,
                    "support": 123.0
                },
                "weighted avg": {
                    "precision": 0.28662735419371005,
                    "recall": 0.2682926829268293,
                    "f1-score": 0.26702475983358587,
                    "support": 123.0
                }
            },
            "auroc_per_class": {
                "class_0": 0.5626623376623376,
                "class_1": 0.4351851851851851,
                "class_2": 0.5357744107744107,
                "class_3": 0.5003012048192771
            }
        },
        {
            "fold": 3,
            "accuracy": 0.2032520325203252,
            "auroc": 0.4489703260741129,
            "n_train_samples": 493,
            "n_test_samples": 123,
            "classification_report": {
                "0": {
                    "precision": 0.15384615384615385,
                    "recall": 0.14814814814814814,
                    "f1-score": 0.1509433962264151,
                    "support": 27.0
                },
                "1": {
                    "precision": 0.25,
                    "recall": 0.2727272727272727,
                    "f1-score": 0.2608695652173913,
                    "support": 33.0
                },
                "2": {
                    "precision": 0.19230769230769232,
                    "recall": 0.15625,
                    "f1-score": 0.1724137931034483,
                    "support": 32.0
                },
                "3": {
                    "precision": 0.2,
                    "recall": 0.22580645161290322,
                    "f1-score": 0.21212121212121213,
                    "support": 31.0
                },
                "accuracy": 0.2032520325203252,
                "macro avg": {
                    "precision": 0.19903846153846155,
                    "recall": 0.20073296812208102,
                    "f1-score": 0.19908699166711671,
                    "support": 123.0
                },
                "weighted avg": {
                    "precision": 0.20128205128205126,
                    "recall": 0.2032520325203252,
                    "f1-score": 0.2014403764663011,
                    "support": 123.0
                }
            },
            "auroc_per_class": {
                "class_0": 0.3900462962962963,
                "class_1": 0.537037037037037,
                "class_2": 0.4364697802197802,
                "class_3": 0.43232819074333806
            }
        },
        {
            "fold": 4,
            "accuracy": 0.21138211382113822,
            "auroc": 0.4965850836913456,
            "n_train_samples": 493,
            "n_test_samples": 123,
            "classification_report": {
                "0": {
                    "precision": 0.21428571428571427,
                    "recall": 0.2,
                    "f1-score": 0.20689655172413793,
                    "support": 30.0
                },
                "1": {
                    "precision": 0.25,
                    "recall": 0.25,
                    "f1-score": 0.25,
                    "support": 24.0
                },
                "2": {
                    "precision": 0.13953488372093023,
                    "recall": 0.2857142857142857,
                    "f1-score": 0.1875,
                    "support": 21.0
                },
                "3": {
                    "precision": 0.2857142857142857,
                    "recall": 0.16666666666666666,
                    "f1-score": 0.21052631578947367,
                    "support": 48.0
                },
                "accuracy": 0.21138211382113822,
                "macro avg": {
                    "precision": 0.22238372093023256,
                    "recall": 0.2255952380952381,
                    "f1-score": 0.2137307168784029,
                    "support": 123.0
                },
                "weighted avg": {
                    "precision": 0.23636658293493232,
                    "recall": 0.21138211382113822,
                    "f1-score": 0.21341186755787703,
                    "support": 123.0
                }
            },
            "auroc_per_class": {
                "class_0": 0.4799283154121864,
                "class_1": 0.6123737373737373,
                "class_2": 0.4290382819794585,
                "class_3": 0.465
            }
        },
        {
            "fold": 5,
            "accuracy": 0.23577235772357724,