{
    "subject_id": 2,
    "trial_id": 0,
    "eval_name": "global_flow_angle",
    "k_folds": 5,
    "mean_accuracy": 0.2736842105263158,
    "std_accuracy": 0.01782396997913692,
    "fold_results": [
        {
            "fold": 1,
            "accuracy": 0.29605263157894735,
            "auroc": 0.5229808902066035,
            "n_train_samples": 1216,
            "n_test_samples": 304,
            "classification_report": {
                "0": {
                    "precision": 0.22077922077922077,
                    "recall": 0.22972972972972974,
                    "f1-score": 0.2251655629139073,
                    "support": 74.0
                },
                "1": {
                    "precision": 0.30303030303030304,
                    "recall": 0.3125,
                    "f1-score": 0.3076923076923077,
                    "support": 64.0
                },
                "2": {
                    "precision": 0.38202247191011235,
                    "recall": 0.3541666666666667,
                    "f1-score": 0.3675675675675676,
                    "support": 96.0
                },
                "3": {
                    "precision": 0.2638888888888889,
                    "recall": 0.2714285714285714,
                    "f1-score": 0.2676056338028169,
                    "support": 70.0
                },
                "accuracy": 0.29605263157894735,
                "macro avg": {
                    "precision": 0.29243022115213124,
                    "recall": 0.2919562419562419,
                    "f1-score": 0.29200776799414985,
                    "support": 304.0
                },
                "weighted avg": {
                    "precision": 0.29894072781971953,
                    "recall": 0.29605263157894735,
                    "f1-score": 0.29728105329151483,
                    "support": 304.0
                }
            },
            "auroc_per_class": {
                "class_0": 0.47314923619271443,
                "class_1": 0.548828125,
                "class_2": 0.538261217948718,
                "class_3": 0.5316849816849817
            }
        },
        {
            "fold": 2,
            "accuracy": 0.24342105263157895,
            "auroc": 0.5087015876964551,
            "n_train_samples": 1216,
            "n_test_samples": 304,
            "classification_report": {
                "0": {
                    "precision": 0.2222222222222222,
                    "recall": 0.16,
                    "f1-score": 0.18604651162790697,
                    "support": 75.0
                },
                "1": {
                    "precision": 0.3176470588235294,
                    "recall": 0.30337078651685395,
                    "f1-score": 0.3103448275862069,
                    "support": 89.0
                },
                "2": {
                    "precision": 0.1927710843373494,
                    "recall": 0.23880597014925373,
                    "f1-score": 0.21333333333333335,
                    "support": 67.0
                },
                "3": {
                    "precision": 0.23170731707317074,
                    "recall": 0.2602739726027397,
                    "f1-score": 0.24516129032258063,
                    "support": 73.0
                },
                "accuracy": 0.24342105263157895,
                "macro avg": {
                    "precision": 0.24108692061406795,
                    "recall": 0.24061268231721183,
                    "f1-score": 0.23872149071750695,
                    "support": 304.0
                },
                "weighted avg": {
                    "precision": 0.24594589374639694,
                    "recall": 0.24342105263157895,
                    "f1-score": 0.24264567616495777,
                    "support": 304.0
                }
            },
            "auroc_per_class": {
                "class_0": 0.5213391557496362,
                "class_1": 0.5288737914815782,
                "class_2": 0.4727627684362995,
                "class_3": 0.5118306351183064
            }
        },
        {
            "fold": 3,
            "accuracy": 0.28618421052631576,
            "auroc": 0.5026847655559656,
            "n_train_samples": 1216,
            "n_test_samples": 304,
            "classification_report": {
                "0": {
                    "precision": 0.2236842105263158,
                    "recall": 0.24285714285714285,
                    "f1-score": 0.2328767123287671,
                    "support": 70.0
                },
                "1": {
                    "precision": 0.2823529411764706,
                    "recall": 0.3076923076923077,
                    "f1-score": 0.294478527607362,
                    "support": 78.0
                },
                "2": {
                    "precision": 0.2786885245901639,
                    "recall": 0.26153846153846155,
                    "f1-score": 0.2698412698412698,
                    "support": 65.0
                },
                "3": {
                    "precision": 0.35365853658536583,
                    "recall": 0.31868131868131866,
                    "f1-score": 0.3352601156069364,
                    "support": 91.0
                },
                "accuracy": 0.28618421052631576,
                "macro avg": {
                    "precision": 0.28459605321957904,
                    "recall": 0.2826923076923077,
                    "f1-score": 0.28311415634608383,
                    "support": 304.0
                },
                "weighted avg": {
                    "precision": 0.28940495090867024,
                    "recall": 0.28618421052631576,
                    "f1-score": 0.2872337107773082,
                    "support": 304.0
                }
            },
            "auroc_per_class": {
                "class_0": 0.4481684981684982,
                "class_1": 0.5231449965963241,
                "class_2": 0.5192790473125201,
                "class_3": 0.5201465201465202
            }
        },
        {
            "fold": 4,
            "accuracy": 0.26973684210526316,
            "auroc": 0.5046397863547162,
            "n_train_samples": 1216,
            "n_test_samples": 304,
            "classification_report": {
                "0": {
                    "precision": 0.18333333333333332,
                    "recall": 0.13924050632911392,
                    "f1-score": 0.15827338129496402,
                    "support": 79.0
                },
                "1": {
                    "precision": 0.27058823529411763,
                    "recall": 0.34328358208955223,
                    "f1-score": 0.3026315789473684,
                    "support": 67.0
                },
                "2": {
                    "precision": 0.3194444444444444,
                    "recall": 0.3150684931506849,
                    "f1-score": 0.31724137931034485,
                    "support": 73.0
                },
                "3": {
                    "precision": 0.28735632183908044,
                    "recall": 0.29411764705882354,
                    "f1-score": 0.29069767441860467,
                    "support": 85.0
                },
                "accuracy": 0.26973684210526316,
                "macro avg": {
                    "precision": 0.26518058372774395,
                    "recall": 0.27292755715704364,
                    "f1-score": 0.2672110034928205,
                    "support": 304.0
                },
                "weighted avg": {
                    "precision": 0.26433380558817593,
                    "recall": 0.26973684210526316,
                    "f1-score": 0.26528893397043557,
                    "support": 304.0
                }
            },
            "auroc_per_class": {
                "class_0": 0.42925457102672293,
                "class_1": 0.5400843881856541,
                "class_2": 0.565201921366305,