{
    "subject_id": 6,
    "trial_id": 0,
    "eval_name": "onset",
    "k_folds": 5,
    "mean_accuracy": 0.7283681871917167,
    "std_accuracy": 0.037452102445288606,
    "fold_results": [
        {
            "fold": 1,
            "accuracy": 0.7747747747747747,
            "auroc": 0.8668127587046507,
            "n_train_samples": 886,
            "n_test_samples": 222,
            "classification_report": {
                "0": {
                    "precision": 0.801980198019802,
                    "recall": 0.7297297297297297,
                    "f1-score": 0.7641509433962265,
                    "support": 111.0
                },
                "1": {
                    "precision": 0.7520661157024794,
                    "recall": 0.8198198198198198,
                    "f1-score": 0.7844827586206896,
                    "support": 111.0
                },
                "accuracy": 0.7747747747747747,
                "macro avg": {
                    "precision": 0.7770231568611408,
                    "recall": 0.7747747747747747,
                    "f1-score": 0.774316851008458,
                    "support": 222.0
                },
                "weighted avg": {
                    "precision": 0.7770231568611407,
                    "recall": 0.7747747747747747,
                    "f1-score": 0.774316851008458,
                    "support": 222.0
                }
            }
        },
        {
            "fold": 2,
            "accuracy": 0.6936936936936937,
            "auroc": 0.7548900251602954,
            "n_train_samples": 886,
            "n_test_samples": 222,
            "classification_report": {
                "0": {
                    "precision": 0.6936936936936937,
                    "recall": 0.6936936936936937,
                    "f1-score": 0.6936936936936937,
                    "support": 111.0
                },
                "1": {
                    "precision": 0.6936936936936937,
                    "recall": 0.6936936936936937,
                    "f1-score": 0.6936936936936937,
                    "support": 111.0
                },
                "accuracy": 0.6936936936936937,
                "macro avg": {
                    "precision": 0.6936936936936937,
                    "recall": 0.6936936936936937,
                    "f1-score": 0.6936936936936937,
                    "support": 222.0
                },
                "weighted avg": {
                    "precision": 0.6936936936936937,
                    "recall": 0.6936936936936937,
                    "f1-score": 0.6936936936936937,
                    "support": 222.0
                }
            }
        },
        {
            "fold": 3,
            "accuracy": 0.6846846846846847,
            "auroc": 0.7471390309228148,
            "n_train_samples": 886,
            "n_test_samples": 222,
            "classification_report": {
                "0": {
                    "precision": 0.7530864197530864,
                    "recall": 0.5495495495495496,
                    "f1-score": 0.6354166666666666,
                    "support": 111.0
                },
                "1": {
                    "precision": 0.6453900709219859,
                    "recall": 0.8198198198198198,
                    "f1-score": 0.7222222222222222,
                    "support": 111.0
                },
                "accuracy": 0.6846846846846847,
                "macro avg": {
                    "precision": 0.6992382453375361,
                    "recall": 0.6846846846846847,
                    "f1-score": 0.6788194444444444,
                    "support": 222.0
                },
                "weighted avg": {
                    "precision": 0.6992382453375362,
                    "recall": 0.6846846846846847,
                    "f1-score": 0.6788194444444445,
                    "support": 222.0
                }
            }
        },
        {
            "fold": 4,
            "accuracy": 0.7692307692307693,
            "auroc": 0.8383292383292383,
            "n_train_samples": 887,
            "n_test_samples": 221,
            "classification_report": {
                "0": {
                    "precision": 0.7864077669902912,
                    "recall": 0.7363636363636363,
                    "f1-score": 0.7605633802816901,
                    "support": 110.0
                },
                "1": {
                    "precision": 0.7542372881355932,
                    "recall": 0.8018018018018018,
                    "f1-score": 0.777292576419214,
                    "support": 111.0
                },
                "accuracy": 0.7692307692307693,
                "macro avg": {
                    "precision": 0.7703225275629422,
                    "recall": 0.7690827190827191,
                    "f1-score": 0.7689279783504521,
                    "support": 221.0
                },
                "weighted avg": {
                    "precision": 0.7702497436741308,
                    "recall": 0.7692307692307693,
                    "f1-score": 0.7689658272104917,
                    "support": 221.0
                }
            }
        },
        {
            "fold": 5,
            "accuracy": 0.7194570135746606,
            "auroc": 0.7998361998361998,
            "n_train_samples": 887,
            "n_test_samples": 221,
            "classification_report": {
                "0": {
                    "precision": 0.7094017094017094,
                    "recall": 0.7477477477477478,
                    "f1-score": 0.7280701754385965,
                    "support": 111.0
                },
                "1": {
                    "precision": 0.7307692307692307,
                    "recall": 0.6909090909090909,
                    "f1-score": 0.7102803738317757,
                    "support": 110.0
                },
                "accuracy": 0.7194570135746606,
                "macro avg": {
                    "precision": 0.7200854700854701,
                    "recall": 0.7193284193284193,
                    "f1-score": 0.719175274635186,
                    "support": 221.0
                },
                "weighted avg": {
                    "precision": 0.7200371272769464,
                    "recall": 0.7194570135746606,
                    "f1-score": 0.7192155230551112,
                    "support": 221.0
                }
            }
        }
    ],
    "n_classes": 2
}