{
    "subject_id": 1,
    "trial_id": 2,
    "eval_name": "local_flow_angle",
    "k_folds": 5,
    "mean_accuracy": 0.2118131868131868,
    "std_accuracy": 0.018244001509683923,
    "fold_results": [
        {
            "fold": 1,
            "accuracy": 0.22857142857142856,
            "auroc": 0.4645795764537418,
            "n_train_samples": 419,
            "n_test_samples": 105,
            "classification_report": {
                "0": {
                    "precision": 0.17857142857142858,
                    "recall": 0.2,
                    "f1-score": 0.18867924528301888,
                    "support": 25.0
                },
                "1": {
                    "precision": 0.34615384615384615,
                    "recall": 0.20930232558139536,
                    "f1-score": 0.2608695652173913,
                    "support": 43.0
                },
                "2": {
                    "precision": 0.09090909090909091,
                    "recall": 0.18181818181818182,
                    "f1-score": 0.12121212121212122,
                    "support": 11.0
                },
                "3": {
                    "precision": 0.27586206896551724,
                    "recall": 0.3076923076923077,
                    "f1-score": 0.2909090909090909,
                    "support": 26.0
                },
                "accuracy": 0.22857142857142856,
                "macro avg": {
                    "precision": 0.22287410864997073,
                    "recall": 0.2247032037729712,
                    "f1-score": 0.21541750565540557,
                    "support": 105.0
                },
                "weighted avg": {
                    "precision": 0.2621077608762338,
                    "recall": 0.22857142857142856,
                    "f1-score": 0.2364889726989809,
                    "support": 105.0
                }
            },
            "auroc_per_class": {
                "class_0": 0.4395,
                "class_1": 0.43023255813953487,
                "class_2": 0.46034816247582205,
                "class_3": 0.5282375851996105
            }
        },
        {
            "fold": 2,
            "accuracy": 0.18095238095238095,
            "auroc": 0.42296954364095485,
            "n_train_samples": 419,
            "n_test_samples": 105,
            "classification_report": {
                "0": {
                    "precision": 0.18181818181818182,
                    "recall": 0.2,
                    "f1-score": 0.19047619047619047,
                    "support": 20.0
                },
                "1": {
                    "precision": 0.18181818181818182,
                    "recall": 0.16666666666666666,
                    "f1-score": 0.17391304347826086,
                    "support": 24.0
                },
                "2": {
                    "precision": 0.13043478260869565,
                    "recall": 0.09375,
                    "f1-score": 0.10909090909090909,
                    "support": 32.0
                },
                "3": {
                    "precision": 0.21052631578947367,
                    "recall": 0.27586206896551724,
                    "f1-score": 0.23880597014925373,
                    "support": 29.0
                },
                "accuracy": 0.18095238095238095,
                "macro avg": {
                    "precision": 0.17614936550863325,
                    "recall": 0.18406968390804598,
                    "f1-score": 0.17807152829865353,
                    "support": 105.0
                },
                "weighted avg": {
                    "precision": 0.17408739239402854,
                    "recall": 0.18095238095238095,
                    "f1-score": 0.1752354197927573,
                    "support": 105.0
                }
            },
            "auroc_per_class": {
                "class_0": 0.48588235294117643,
                "class_1": 0.3924897119341564,
                "class_2": 0.4396404109589041,
                "class_3": 0.3738656987295826
            }
        },
        {
            "fold": 3,
            "accuracy": 0.21904761904761905,
            "auroc": 0.48210114102827073,
            "n_train_samples": 419,
            "n_test_samples": 105,
            "classification_report": {
                "0": {
                    "precision": 0.25925925925925924,
                    "recall": 0.21212121212121213,
                    "f1-score": 0.23333333333333334,
                    "support": 33.0
                },
                "1": {
                    "precision": 0.125,
                    "recall": 0.375,
                    "f1-score": 0.1875,
                    "support": 8.0
                },
                "2": {
                    "precision": 0.2962962962962963,
                    "recall": 0.19047619047619047,
                    "f1-score": 0.2318840579710145,
                    "support": 42.0
                },
                "3": {
                    "precision": 0.18518518518518517,
                    "recall": 0.22727272727272727,
                    "f1-score": 0.20408163265306123,
                    "support": 22.0
                },
                "accuracy": 0.21904761904761905,
                "macro avg": {
                    "precision": 0.21643518518518517,
                    "recall": 0.2512175324675325,
                    "f1-score": 0.21419975598935226,
                    "support": 105.0
                },
                "weighted avg": {
                    "precision": 0.24832451499118163,
                    "recall": 0.21904761904761905,
                    "f1-score": 0.22313263193476146,
                    "support": 105.0
                }
            },
            "auroc_per_class": {
                "class_0": 0.37457912457912457,
                "class_1": 0.7126288659793815,
                "class_2": 0.4036281179138322,
                "class_3": 0.43756845564074476
            }
        },
        {
            "fold": 4,
            "accuracy": 0.22857142857142856,
            "auroc": 0.48910041299967066,
            "n_train_samples": 419,
            "n_test_samples": 105,
            "classification_report": {
                "0": {
                    "precision": 0.19230769230769232,
                    "recall": 0.18518518518518517,
                    "f1-score": 0.18867924528301888,
                    "support": 27.0
                },
                "1": {
                    "precision": 0.25806451612903225,
                    "recall": 0.34782608695652173,
                    "f1-score": 0.2962962962962963,
                    "support": 23.0
                },
                "2": {
                    "precision": 0.05263157894736842,
                    "recall": 0.03333333333333333,
                    "f1-score": 0.04081632653061224,
                    "support": 30.0
                },
                "3": {
                    "precision": 0.3448275862068966,
                    "recall": 0.4,
                    "f1-score": 0.37037037037037035,
                    "support": 25.0
                },
                "accuracy": 0.22857142857142856,
                "macro avg": {
                    "precision": 0.21195784339774737,
                    "recall": 0.24158615136876005,
                    "f1-score": 0.22404055962007444,
                    "support": 105.0
                },
                "weighted avg": {
                    "precision": 0.20311836749398954,
                    "recall": 0.22857142857142856,
                    "f1-score": 0.21326574754889477,
                    "support": 105.0
                }
            },
            "auroc_per_class": {
                "class_0": 0.42877492877492873,
                "class_1": 0.563626723223754,
                "class_2": 0.368,
                "class_3": 0.596
            }
        },
        {
            "fold": 5,