{
    "subject_id": 1,
    "trial_id": 1,
    "eval_name": "speaker",
    "k_folds": 5,
    "mean_accuracy": 0.24001212465173874,
    "std_accuracy": 0.024403455176714394,
    "fold_results": [
        {
            "fold": 1,
            "accuracy": 0.23382519863791146,
            "auroc": 0.5137793486034747,
            "n_train_samples": 3523,
            "n_test_samples": 881,
            "classification_report": {
                "0": {
                    "precision": 0.2857142857142857,
                    "recall": 0.28363636363636363,
                    "f1-score": 0.2846715328467153,
                    "support": 275.0
                },
                "1": {
                    "precision": 0.1417004048582996,
                    "recall": 0.2713178294573643,
                    "f1-score": 0.18617021276595744,
                    "support": 129.0
                },
                "2": {
                    "precision": 0.2814814814814815,
                    "recall": 0.11692307692307692,
                    "f1-score": 0.16521739130434782,
                    "support": 325.0
                },
                "3": {
                    "precision": 0.24336283185840707,
                    "recall": 0.3618421052631579,
                    "f1-score": 0.291005291005291,
                    "support": 152.0
                },
                "accuracy": 0.23382519863791146,
                "macro avg": {
                    "precision": 0.23806475097811847,
                    "recall": 0.2584298438199907,
                    "f1-score": 0.23176610698057787,
                    "support": 881.0
                },
                "weighted avg": {
                    "precision": 0.2557586977549473,
                    "recall": 0.23382519863791146,
                    "f1-score": 0.22727478477454313,
                    "support": 881.0
                }
            },
            "auroc_per_class": {
                "class_0": 0.4692439243924392,
                "class_1": 0.4914955467590301,
                "class_2": 0.4889568345323741,
                "class_3": 0.6054210887300555
            }
        },
        {
            "fold": 2,
            "accuracy": 0.21566401816118047,
            "auroc": 0.4923041091638106,
            "n_train_samples": 3523,
            "n_test_samples": 881,
            "classification_report": {
                "0": {
                    "precision": 0.17901234567901234,
                    "recall": 0.3314285714285714,
                    "f1-score": 0.23246492985971945,
                    "support": 175.0
                },
                "1": {
                    "precision": 0.3819444444444444,
                    "recall": 0.17350157728706625,
                    "f1-score": 0.2386117136659436,
                    "support": 317.0
                },
                "2": {
                    "precision": 0.32116788321167883,
                    "recall": 0.1543859649122807,
                    "f1-score": 0.20853080568720378,
                    "support": 285.0
                },
                "3": {
                    "precision": 0.11956521739130435,
                    "recall": 0.3173076923076923,
                    "f1-score": 0.1736842105263158,
                    "support": 104.0
                },
                "accuracy": 0.21566401816118047,
                "macro avg": {
                    "precision": 0.25042247268161,
                    "recall": 0.24415595148390268,
                    "f1-score": 0.21332291493479563,
                    "support": 881.0
                },
                "weighted avg": {
                    "precision": 0.291000202845335,
                    "recall": 0.21566401816118047,
                    "f1-score": 0.21999513447576044,
                    "support": 881.0
                }
            },
            "auroc_per_class": {
                "class_0": 0.46452853095912594,
                "class_1": 0.49691813768261855,
                "class_2": 0.48832862357235374,
                "class_3": 0.5194411444411444
            }
        },
        {
            "fold": 3,
            "accuracy": 0.21679909194097616,
            "auroc": 0.48064049824714794,
            "n_train_samples": 3523,
            "n_test_samples": 881,
            "classification_report": {
                "0": {
                    "precision": 0.13761467889908258,
                    "recall": 0.3103448275862069,
                    "f1-score": 0.1906779661016949,
                    "support": 145.0
                },
                "1": {
                    "precision": 0.37341772151898733,
                    "recall": 0.18209876543209877,
                    "f1-score": 0.24481327800829875,
                    "support": 324.0
                },
                "2": {
                    "precision": 0.25595238095238093,
                    "recall": 0.18067226890756302,
                    "f1-score": 0.21182266009852216,
                    "support": 238.0
                },
                "3": {
                    "precision": 0.19298245614035087,
                    "recall": 0.25287356321839083,
                    "f1-score": 0.21890547263681592,
                    "support": 174.0
                },
                "accuracy": 0.21679909194097616,
                "macro avg": {
                    "precision": 0.23999180937770043,
                    "recall": 0.23149735628606488,
                    "f1-score": 0.21655484421133292,
                    "support": 881.0
                },
                "weighted avg": {
                    "precision": 0.26723846112100635,
                    "recall": 0.21679909194097616,
                    "f1-score": 0.22187417991111102,
                    "support": 881.0
                }
            },
            "auroc_per_class": {
                "class_0": 0.45002811094452766,
                "class_1": 0.525115255890241,
                "class_2": 0.4679156265927833,
                "class_3": 0.4795029995610399
            }
        },
        {
            "fold": 4,
            "accuracy": 0.28036322360953464,
            "auroc": 0.539210232337125,
            "n_train_samples": 3523,
            "n_test_samples": 881,
            "classification_report": {
                "0": {
                    "precision": 0.21722846441947566,
                    "recall": 0.35365853658536583,
                    "f1-score": 0.2691415313225058,
                    "support": 164.0
                },
                "1": {
                    "precision": 0.19298245614035087,
                    "recall": 0.18857142857142858,
                    "f1-score": 0.1907514450867052,
                    "support": 175.0
                },
                "2": {
                    "precision": 0.3894736842105263,
                    "recall": 0.30833333333333335,
                    "f1-score": 0.34418604651162793,
                    "support": 240.0
                },
                "3": {
                    "precision": 0.3241106719367589,
                    "recall": 0.271523178807947,
                    "f1-score": 0.2954954954954955,
                    "support": 302.0
                },
                "accuracy": 0.28036322360953464,
                "macro avg": {
                    "precision": 0.28094881917677794,
                    "recall": 0.2805216193245187,
                    "f1-score": 0.2748936296040836,
                    "support": 881.0
                },
                "weighted avg": {
                    "precision": 0.29597333158318156,
                    "recall": 0.28036322360953464,
                    "f1-score": 0.2830476785805842,
                    "support": 881.0
                }
            },
            "auroc_per_class": {
                "class_0": 0.5406504065040649,
                "class_1": 0.5035329825981384,