{
    "subject_id": 2,
    "trial_id": 6,
    "eval_name": "word_head_pos",
    "k_folds": 5,
    "mean_accuracy": 0.5504317789291883,
    "std_accuracy": 0.02573692186164113,
    "fold_results": [
        {
            "fold": 1,
            "accuracy": 0.5673575129533679,
            "auroc": 0.599461328404234,
            "n_train_samples": 4632,
            "n_test_samples": 1158,
            "classification_report": {
                "0": {
                    "precision": 0.5894039735099338,
                    "recall": 0.5845648604269293,
                    "f1-score": 0.5869744435284419,
                    "support": 609.0
                },
                "1": {
                    "precision": 0.5433212996389891,
                    "recall": 0.5482695810564663,
                    "f1-score": 0.5457842248413418,
                    "support": 549.0
                },
                "accuracy": 0.5673575129533679,
                "macro avg": {
                    "precision": 0.5663626365744614,
                    "recall": 0.5664172207416978,
                    "f1-score": 0.5663793341848918,
                    "support": 1158.0
                },
                "weighted avg": {
                    "precision": 0.5675564882291491,
                    "recall": 0.5673575129533679,
                    "f1-score": 0.5674464382959566,
                    "support": 1158.0
                }
            }
        },
        {
            "fold": 2,
            "accuracy": 0.5259067357512953,
            "auroc": 0.5405453046200913,
            "n_train_samples": 4632,
            "n_test_samples": 1158,
            "classification_report": {
                "0": {
                    "precision": 0.5058236272878536,
                    "recall": 0.5467625899280576,
                    "f1-score": 0.5254969749351772,
                    "support": 556.0
                },
                "1": {
                    "precision": 0.547576301615799,
                    "recall": 0.5066445182724253,
                    "f1-score": 0.5263157894736842,
                    "support": 602.0
                },
                "accuracy": 0.5259067357512953,
                "macro avg": {
                    "precision": 0.5266999644518262,
                    "recall": 0.5267035541002414,
                    "f1-score": 0.5259063822044308,
                    "support": 1158.0
                },
                "weighted avg": {
                    "precision": 0.5275292490023814,
                    "recall": 0.5259067357512953,
                    "f1-score": 0.525922645360204,
                    "support": 1158.0
                }
            }
        },
        {
            "fold": 3,
            "accuracy": 0.5129533678756477,
            "auroc": 0.5447353112274579,
            "n_train_samples": 4632,
            "n_test_samples": 1158,
            "classification_report": {
                "0": {
                    "precision": 0.5166931637519873,
                    "recall": 0.5555555555555556,
                    "f1-score": 0.5354200988467874,
                    "support": 585.0
                },
                "1": {
                    "precision": 0.5085066162570888,
                    "recall": 0.4694589877835951,
                    "f1-score": 0.4882032667876588,
                    "support": 573.0
                },
                "accuracy": 0.5129533678756477,
                "macro avg": {
                    "precision": 0.5125998900045381,
                    "recall": 0.5125072716695753,
                    "f1-score": 0.5118116828172231,
                    "support": 1158.0
                },
                "weighted avg": {
                    "precision": 0.5126423073490711,
                    "recall": 0.5129533678756477,
                    "f1-score": 0.5120563296154569,
                    "support": 1158.0
                }
            }
        },
        {
            "fold": 4,
            "accuracy": 0.57426597582038,
            "auroc": 0.6004492738480827,
            "n_train_samples": 4632,
            "n_test_samples": 1158,
            "classification_report": {
                "0": {
                    "precision": 0.5607638888888888,
                    "recall": 0.5737122557726465,
                    "f1-score": 0.5671641791044776,
                    "support": 563.0
                },
                "1": {
                    "precision": 0.5876288659793815,
                    "recall": 0.5747899159663865,
                    "f1-score": 0.5811384876805438,
                    "support": 595.0
                },
                "accuracy": 0.57426597582038,
                "macro avg": {
                    "precision": 0.5741963774341352,
                    "recall": 0.5742510858695165,
                    "f1-score": 0.5741513333925107,
                    "support": 1158.0
                },
                "weighted avg": {
                    "precision": 0.5745675688274406,
                    "recall": 0.57426597582038,
                    "f1-score": 0.5743444153762906,
                    "support": 1158.0
                }
            }
        },
        {
            "fold": 5,
            "accuracy": 0.5716753022452504,
            "auroc": 0.5936247136311569,
            "n_train_samples": 4632,
            "n_test_samples": 1158,
            "classification_report": {
                "0": {
                    "precision": 0.5757042253521126,
                    "recall": 0.5618556701030928,
                    "f1-score": 0.568695652173913,
                    "support": 582.0
                },
                "1": {
                    "precision": 0.5677966101694916,
                    "recall": 0.5815972222222222,
                    "f1-score": 0.5746140651801029,
                    "support": 576.0
                },
                "accuracy": 0.5716753022452504,
                "macro avg": {
                    "precision": 0.5717504177608022,
                    "recall": 0.5717264461626574,
                    "f1-score": 0.571654858677008,
                    "support": 1158.0
                },
                "weighted avg": {
                    "precision": 0.571770903810498,
                    "recall": 0.5716753022452504,
                    "f1-score": 0.5716395260008261,
                    "support": 1158.0
                }
            }
        }
    ],
    "n_classes": 2
}