{
    "subject_id": 1,
    "trial_id": 2,
    "eval_name": "word_head_pos",
    "k_folds": 5,
    "mean_accuracy": 0.5109354413702241,
    "std_accuracy": 0.005197123299951508,
    "fold_results": [
        {
            "fold": 1,
            "accuracy": 0.5158102766798419,
            "auroc": 0.5126147505694129,
            "n_train_samples": 6072,
            "n_test_samples": 1518,
            "classification_report": {
                "0": {
                    "precision": 0.5124816446402349,
                    "recall": 0.4640957446808511,
                    "f1-score": 0.4870900209351012,
                    "support": 752.0
                },
                "1": {
                    "precision": 0.5185185185185185,
                    "recall": 0.566579634464752,
                    "f1-score": 0.5414847161572053,
                    "support": 766.0
                },
                "accuracy": 0.5158102766798419,
                "macro avg": {
                    "precision": 0.5155000815793767,
                    "recall": 0.5153376895728016,
                    "f1-score": 0.5142873685461532,
                    "support": 1518.0
                },
                "weighted avg": {
                    "precision": 0.5155279196012132,
                    "recall": 0.5158102766798419,
                    "f1-score": 0.5145382004740549,
                    "support": 1518.0
                }
            }
        },
        {
            "fold": 2,
            "accuracy": 0.505270092226614,
            "auroc": 0.5152269811481258,
            "n_train_samples": 6072,
            "n_test_samples": 1518,
            "classification_report": {
                "0": {
                    "precision": 0.5,
                    "recall": 0.5472703062583223,
                    "f1-score": 0.5225683407501589,
                    "support": 751.0
                },
                "1": {
                    "precision": 0.5114942528735632,
                    "recall": 0.4641460234680574,
                    "f1-score": 0.48667122351332875,
                    "support": 767.0
                },
                "accuracy": 0.505270092226614,
                "macro avg": {
                    "precision": 0.5057471264367817,
                    "recall": 0.5057081648631898,
                    "f1-score": 0.5046197821317439,
                    "support": 1518.0
                },
                "weighted avg": {
                    "precision": 0.5058077022095013,
                    "recall": 0.505270092226614,
                    "f1-score": 0.5044306010132361,
                    "support": 1518.0
                }
            }
        },
        {
            "fold": 3,
            "accuracy": 0.505270092226614,
            "auroc": 0.5183048698958993,
            "n_train_samples": 6072,
            "n_test_samples": 1518,
            "classification_report": {
                "0": {
                    "precision": 0.5149051490514905,
                    "recall": 0.49159120310478654,
                    "f1-score": 0.5029781601588352,
                    "support": 773.0
                },
                "1": {
                    "precision": 0.49615384615384617,
                    "recall": 0.5194630872483221,
                    "f1-score": 0.5075409836065574,
                    "support": 745.0
                },
                "accuracy": 0.505270092226614,
                "macro avg": {
                    "precision": 0.5055294976026683,
                    "recall": 0.5055271451765544,
                    "f1-score": 0.5052595718826963,
                    "support": 1518.0
                },
                "weighted avg": {
                    "precision": 0.5057024345200379,
                    "recall": 0.505270092226614,
                    "f1-score": 0.5052174905070256,
                    "support": 1518.0
                }
            }
        },
        {
            "fold": 4,
            "accuracy": 0.5105401844532279,
            "auroc": 0.5233578748314076,
            "n_train_samples": 6072,
            "n_test_samples": 1518,
            "classification_report": {
                "0": {
                    "precision": 0.5300699300699301,
                    "recall": 0.4821882951653944,
                    "f1-score": 0.5049966688874084,
                    "support": 786.0
                },
                "1": {
                    "precision": 0.4931506849315068,
                    "recall": 0.5409836065573771,
                    "f1-score": 0.5159609120521172,
                    "support": 732.0
                },
                "accuracy": 0.5105401844532279,
                "macro avg": {
                    "precision": 0.5116103075007185,
                    "recall": 0.5115859508613858,
                    "f1-score": 0.5104787904697627,
                    "support": 1518.0
                },
                "weighted avg": {
                    "precision": 0.512266973916224,
                    "recall": 0.5105401844532279,
                    "f1-score": 0.5102837742869913,
                    "support": 1518.0
                }
            }
        },
        {
            "fold": 5,
            "accuracy": 0.5177865612648221,
            "auroc": 0.5195375431218012,
            "n_train_samples": 6072,
            "n_test_samples": 1518,
            "classification_report": {
                "0": {
                    "precision": 0.5006535947712418,
                    "recall": 0.5225102319236017,
                    "f1-score": 0.5113484646194927,
                    "support": 733.0
                },
                "1": {
                    "precision": 0.5351925630810093,
                    "recall": 0.513375796178344,
                    "f1-score": 0.5240572171651495,
                    "support": 785.0
                },
                "accuracy": 0.5177865612648221,
                "macro avg": {
                    "precision": 0.5179230789261255,
                    "recall": 0.5179430140509729,
                    "f1-score": 0.5177028408923211,
                    "support": 1518.0
                },
                "weighted avg": {
                    "precision": 0.5185146554584404,
                    "recall": 0.5177865612648221,
                    "f1-score": 0.5179205138608238,
                    "support": 1518.0
                }
            }
        }
    ],
    "n_classes": 2
}