{
    "subject_id": 1,
    "trial_id": 2,
    "eval_name": "speaker",
    "k_folds": 5,
    "mean_accuracy": 0.22799414501542162,
    "std_accuracy": 0.027998555385039443,
    "fold_results": [
        {
            "fold": 1,
            "accuracy": 0.23552123552123552,
            "auroc": NaN,
            "n_train_samples": 2070,
            "n_test_samples": 518,
            "classification_report": {
                "0": {
                    "precision": 0.38,
                    "recall": 0.3313953488372093,
                    "f1-score": 0.35403726708074534,
                    "support": 172.0
                },
                "1": {
                    "precision": 0.0,
                    "recall": 0.0,
                    "f1-score": 0.0,
                    "support": 0.0
                },
                "2": {
                    "precision": 0.17037037037037037,
                    "recall": 0.20175438596491227,
                    "f1-score": 0.18473895582329317,
                    "support": 114.0
                },
                "3": {
                    "precision": 0.42,
                    "recall": 0.1810344827586207,
                    "f1-score": 0.25301204819277107,
                    "support": 232.0
                },
                "accuracy": 0.23552123552123552,
                "macro avg": {
                    "precision": 0.24259259259259258,
                    "recall": 0.17854605439018556,
                    "f1-score": 0.1979470677742024,
                    "support": 518.0
                },
                "weighted avg": {
                    "precision": 0.3517803517803518,
                    "recall": 0.23552123552123552,
                    "f1-score": 0.2715317491939508,
                    "support": 518.0
                }
            },
            "auroc_per_class": {
                "class_0": 0.506864161849711,
                "class_1": NaN,
                "class_2": 0.4939313010248393
            }
        },
        {
            "fold": 2,
            "accuracy": 0.19305019305019305,
            "auroc": 0.4698083908539451,
            "n_train_samples": 2070,
            "n_test_samples": 518,
            "classification_report": {
                "0": {
                    "precision": 0.07482993197278912,
                    "recall": 0.2391304347826087,
                    "f1-score": 0.11398963730569948,
                    "support": 46.0
                },
                "1": {
                    "precision": 0.6666666666666666,
                    "recall": 0.17834394904458598,
                    "f1-score": 0.2814070351758794,
                    "support": 314.0
                },
                "2": {
                    "precision": 0.14516129032258066,
                    "recall": 0.23376623376623376,
                    "f1-score": 0.1791044776119403,
                    "support": 77.0
                },
                "3": {
                    "precision": 0.09202453987730061,
                    "recall": 0.18518518518518517,
                    "f1-score": 0.12295081967213115,
                    "support": 81.0
                },
                "accuracy": 0.19305019305019305,
                "macro avg": {
                    "precision": 0.24467060720983425,
                    "recall": 0.2091064506946534,
                    "f1-score": 0.1743629924414126,
                    "support": 518.0
                },
                "weighted avg": {
                    "precision": 0.44673150055787975,
                    "recall": 0.19305019305019305,
                    "f1-score": 0.22655481376612033,
                    "support": 518.0
                }
            },
            "auroc_per_class": {
                "class_0": 0.45461035372144437,
                "class_1": 0.47435056825277877,
                "class_2": 0.5443060341019523,
                "class_3": 0.405966607339605
            }
        },
        {
            "fold": 3,
            "accuracy": 0.20656370656370657,
            "auroc": 0.4767788865143558,
            "n_train_samples": 2070,
            "n_test_samples": 518,
            "classification_report": {
                "0": {
                    "precision": 0.2620689655172414,
                    "recall": 0.2602739726027397,
                    "f1-score": 0.2611683848797251,
                    "support": 146.0
                },
                "1": {
                    "precision": 0.20168067226890757,
                    "recall": 0.17142857142857143,
                    "f1-score": 0.18532818532818532,
                    "support": 140.0
                },
                "2": {
                    "precision": 0.20909090909090908,
                    "recall": 0.1402439024390244,
                    "f1-score": 0.1678832116788321,
                    "support": 164.0
                },
                "3": {
                    "precision": 0.1527777777777778,
                    "recall": 0.3235294117647059,
                    "f1-score": 0.20754716981132076,
                    "support": 68.0
                },
                "accuracy": 0.20656370656370657,
                "macro avg": {
                    "precision": 0.20640458116370897,
                    "recall": 0.22386896455876037,
                    "f1-score": 0.20548173792451585,
                    "support": 518.0
                },
                "weighted avg": {
                    "precision": 0.21462772405977276,
                    "recall": 0.20656370656370657,
                    "f1-score": 0.20409765328356,
                    "support": 518.0
                }
            },
            "auroc_per_class": {
                "class_0": 0.49223007806746205,
                "class_1": 0.4693216175359033,
                "class_2": 0.38788411189196637,
                "class_3": 0.5576797385620915
            }
        },
        {
            "fold": 4,
            "accuracy": 0.2746615087040619,
            "auroc": 0.5444477449977521,
            "n_train_samples": 2071,
            "n_test_samples": 517,
            "classification_report": {
                "0": {
                    "precision": 0.23015873015873015,
                    "recall": 0.19333333333333333,
                    "f1-score": 0.21014492753623187,
                    "support": 150.0
                },
                "1": {
                    "precision": 0.358974358974359,
                    "recall": 0.2896551724137931,
                    "f1-score": 0.32061068702290074,
                    "support": 145.0
                },
                "2": {
                    "precision": 0.2155688622754491,
                    "recall": 0.5,
                    "f1-score": 0.301255230125523,
                    "support": 72.0
                },
                "3": {
                    "precision": 0.32710280373831774,
                    "recall": 0.23333333333333334,
                    "f1-score": 0.2723735408560311,
                    "support": 150.0
                },
                "accuracy": 0.2746615087040619,
                "macro avg": {
                    "precision": 0.282951188786714,
                    "recall": 0.30408045977011494,
                    "f1-score": 0.2760960963851717,
                    "support": 517.0
                },
                "weighted avg": {
                    "precision": 0.2923819540032332,
                    "recall": 0.2746615087040619,
                    "f1-score": 0.2718698190448698,
                    "support": 517.0
                }
            },
            "auroc_per_class": {
                "class_0": 0.48709355131698456,
                "class_1": 0.5060808305524657,
                "class_2": 0.644834581772784,
                "class_3": 0.5397820163487739
            }
        },
        {
            "fold": 5,
            "accuracy": 0.23017408123791103,