{
    "subject_id": 6,
    "trial_id": 1,
    "eval_name": "local_flow",
    "k_folds": 5,
    "mean_accuracy": 0.5090736220193872,
    "std_accuracy": 0.020143110253145982,
    "fold_results": [
        {
            "fold": 1,
            "accuracy": 0.512630014858841,
            "auroc": 0.4778397123974145,
            "n_train_samples": 2688,
            "n_test_samples": 673,
            "classification_report": {
                "0": {
                    "precision": 0.4214046822742475,
                    "recall": 0.4483985765124555,
                    "f1-score": 0.43448275862068964,
                    "support": 281.0
                },
                "1": {
                    "precision": 0.5855614973262032,
                    "recall": 0.5586734693877551,
                    "f1-score": 0.5718015665796344,
                    "support": 392.0
                },
                "accuracy": 0.512630014858841,
                "macro avg": {
                    "precision": 0.5034830898002254,
                    "recall": 0.5035360229501054,
                    "f1-score": 0.503142162600162,
                    "support": 673.0
                },
                "weighted avg": {
                    "precision": 0.5170205388869765,
                    "recall": 0.512630014858841,
                    "f1-score": 0.5144663733605207,
                    "support": 673.0
                }
            }
        },
        {
            "fold": 2,
            "accuracy": 0.49107142857142855,
            "auroc": 0.5109256677843499,
            "n_train_samples": 2689,
            "n_test_samples": 672,
            "classification_report": {
                "0": {
                    "precision": 0.37640449438202245,
                    "recall": 0.5275590551181102,
                    "f1-score": 0.43934426229508194,
                    "support": 254.0
                },
                "1": {
                    "precision": 0.620253164556962,
                    "recall": 0.4688995215311005,
                    "f1-score": 0.5340599455040872,
                    "support": 418.0
                },
                "accuracy": 0.49107142857142855,
                "macro avg": {
                    "precision": 0.4983288294694922,
                    "recall": 0.49822928832460533,
                    "f1-score": 0.48670210389958457,
                    "support": 672.0
                },
                "weighted avg": {
                    "precision": 0.5280841731515532,
                    "recall": 0.49107142857142855,
                    "f1-score": 0.4982596723863977,
                    "support": 672.0
                }
            }
        },
        {
            "fold": 3,
            "accuracy": 0.48214285714285715,
            "auroc": 0.4948367694481684,
            "n_train_samples": 2689,
            "n_test_samples": 672,
            "classification_report": {
                "0": {
                    "precision": 0.558641975308642,
                    "recall": 0.4689119170984456,
                    "f1-score": 0.5098591549295775,
                    "support": 386.0
                },
                "1": {
                    "precision": 0.4109195402298851,
                    "recall": 0.5,
                    "f1-score": 0.45110410094637227,
                    "support": 286.0
                },
                "accuracy": 0.48214285714285715,
                "macro avg": {
                    "precision": 0.48478075776926355,
                    "recall": 0.4844559585492228,
                    "f1-score": 0.4804816279379749,
                    "support": 672.0
                },
                "weighted avg": {
                    "precision": 0.4957720103792901,
                    "recall": 0.48214285714285715,
                    "f1-score": 0.4848532837402967,
                    "support": 672.0
                }
            }
        },
        {
            "fold": 4,
            "accuracy": 0.5223214285714286,
            "auroc": 0.529811395457654,
            "n_train_samples": 2689,
            "n_test_samples": 672,
            "classification_report": {
                "0": {
                    "precision": 0.5871559633027523,
                    "recall": 0.5079365079365079,
                    "f1-score": 0.5446808510638298,
                    "support": 378.0
                },
                "1": {
                    "precision": 0.4608695652173913,
                    "recall": 0.5408163265306123,
                    "f1-score": 0.49765258215962443,
                    "support": 294.0
                },
                "accuracy": 0.5223214285714286,
                "macro avg": {
                    "precision": 0.5240127642600718,
                    "recall": 0.5243764172335601,
                    "f1-score": 0.5211667166117271,
                    "support": 672.0
                },
                "weighted avg": {
                    "precision": 0.531905664140407,
                    "recall": 0.5223214285714286,
                    "f1-score": 0.52410598341824,
                    "support": 672.0
                }
            }
        },
        {
            "fold": 5,
            "accuracy": 0.5372023809523809,
            "auroc": 0.5521032677378588,
            "n_train_samples": 2689,
            "n_test_samples": 672,
            "classification_report": {
                "0": {
                    "precision": 0.6005665722379604,
                    "recall": 0.5549738219895288,
                    "f1-score": 0.5768707482993197,
                    "support": 382.0
                },
                "1": {
                    "precision": 0.4670846394984326,
                    "recall": 0.5137931034482759,
                    "f1-score": 0.48932676518883417,
                    "support": 290.0
                },
                "accuracy": 0.5372023809523809,
                "macro avg": {
                    "precision": 0.5338256058681965,
                    "recall": 0.5343834627189024,
                    "f1-score": 0.5330987567440769,
                    "support": 672.0
                },
                "weighted avg": {
                    "precision": 0.5429627619783427,
                    "recall": 0.5372023809523809,
                    "f1-score": 0.5390913508260446,
                    "support": 672.0
                }
            }
        }
    ],
    "n_classes": 2
}