{
    "subject_id": 2,
    "trial_id": 0,
    "eval_name": "global_flow_angle",
    "k_folds": 5,
    "mean_accuracy": 0.2565789473684211,
    "std_accuracy": 0.01584420339314775,
    "fold_results": [
        {
            "fold": 1,
            "accuracy": 0.22697368421052633,
            "auroc": 0.47383942723030725,
            "n_train_samples": 1216,
            "n_test_samples": 304,
            "classification_report": {
                "0": {
                    "precision": 0.24050632911392406,
                    "recall": 0.23170731707317074,
                    "f1-score": 0.2360248447204969,
                    "support": 82.0
                },
                "1": {
                    "precision": 0.20481927710843373,
                    "recall": 0.2786885245901639,
                    "f1-score": 0.2361111111111111,
                    "support": 61.0
                },
                "2": {
                    "precision": 0.2361111111111111,
                    "recall": 0.1827956989247312,
                    "f1-score": 0.20606060606060606,
                    "support": 93.0
                },
                "3": {
                    "precision": 0.22857142857142856,
                    "recall": 0.23529411764705882,
                    "f1-score": 0.2318840579710145,
                    "support": 68.0
                },
                "accuracy": 0.22697368421052633,
                "macro avg": {
                    "precision": 0.22750203647622436,
                    "recall": 0.23212141455878116,
                    "f1-score": 0.22752015496580716,
                    "support": 304.0
                },
                "weighted avg": {
                    "precision": 0.22933120186561418,
                    "recall": 0.22697368421052633,
                    "f1-score": 0.22594923470567063,
                    "support": 304.0
                }
            },
            "auroc_per_class": {
                "class_0": 0.4750054932981762,
                "class_1": 0.516831950347433,
                "class_2": 0.4224634357641543,
                "class_3": 0.48105682951146556
            }
        },
        {
            "fold": 2,
            "accuracy": 0.2565789473684211,
            "auroc": 0.50167166467678,
            "n_train_samples": 1216,
            "n_test_samples": 304,
            "classification_report": {
                "0": {
                    "precision": 0.19444444444444445,
                    "recall": 0.2153846153846154,
                    "f1-score": 0.20437956204379562,
                    "support": 65.0
                },
                "1": {
                    "precision": 0.4146341463414634,
                    "recall": 0.3695652173913043,
                    "f1-score": 0.39080459770114945,
                    "support": 92.0
                },
                "2": {
                    "precision": 0.225,
                    "recall": 0.28125,
                    "f1-score": 0.25,
                    "support": 64.0
                },
                "3": {
                    "precision": 0.17142857142857143,
                    "recall": 0.14457831325301204,
                    "f1-score": 0.1568627450980392,
                    "support": 83.0
                },
                "accuracy": 0.2565789473684211,
                "macro avg": {
                    "precision": 0.25137679055361983,
                    "recall": 0.25269453650723295,
                    "f1-score": 0.2505117262107461,
                    "support": 304.0
                },
                "weighted avg": {
                    "precision": 0.26122961112129917,
                    "recall": 0.2565789473684211,
                    "f1-score": 0.2574286261989793,
                    "support": 304.0
                }
            },
            "auroc_per_class": {
                "class_0": 0.4804634695848085,
                "class_1": 0.5912633305988515,
                "class_2": 0.5464192708333333,
                "class_3": 0.3885405876901271
            }
        },
        {
            "fold": 3,
            "accuracy": 0.26644736842105265,
            "auroc": 0.5101306562100951,
            "n_train_samples": 1216,
            "n_test_samples": 304,
            "classification_report": {
                "0": {
                    "precision": 0.22535211267605634,
                    "recall": 0.21052631578947367,
                    "f1-score": 0.21768707482993196,
                    "support": 76.0
                },
                "1": {
                    "precision": 0.3287671232876712,
                    "recall": 0.3076923076923077,
                    "f1-score": 0.31788079470198677,
                    "support": 78.0
                },
                "2": {
                    "precision": 0.2717391304347826,
                    "recall": 0.3333333333333333,
                    "f1-score": 0.2994011976047904,
                    "support": 75.0
                },
                "3": {
                    "precision": 0.23529411764705882,
                    "recall": 0.21333333333333335,
                    "f1-score": 0.22377622377622378,
                    "support": 75.0
                },
                "accuracy": 0.26644736842105265,
                "macro avg": {
                    "precision": 0.26528812101139226,
                    "recall": 0.266221322537112,
                    "f1-score": 0.2646863227282332,
                    "support": 304.0
                },
                "weighted avg": {
                    "precision": 0.26578319008538404,
                    "recall": 0.26644736842105265,
                    "f1-score": 0.26505666538620354,
                    "support": 304.0
                }
            },
            "auroc_per_class": {
                "class_0": 0.45140812557710064,
                "class_1": 0.573859768550034,
                "class_2": 0.5220378457059679,
                "class_3": 0.493216885007278
            }
        },
        {
            "fold": 4,
            "accuracy": 0.2730263157894737,
            "auroc": 0.5140933472682879,
            "n_train_samples": 1216,
            "n_test_samples": 304,
            "classification_report": {
                "0": {
                    "precision": 0.22666666666666666,
                    "recall": 0.25,
                    "f1-score": 0.23776223776223776,
                    "support": 68.0
                },
                "1": {
                    "precision": 0.29333333333333333,
                    "recall": 0.3283582089552239,
                    "f1-score": 0.30985915492957744,
                    "support": 67.0
                },
                "2": {
                    "precision": 0.2727272727272727,
                    "recall": 0.28378378378378377,
                    "f1-score": 0.2781456953642384,
                    "support": 74.0
                },
                "3": {
                    "precision": 0.2987012987012987,
                    "recall": 0.24210526315789474,
                    "f1-score": 0.26744186046511625,
                    "support": 95.0
                },
                "accuracy": 0.2730263157894737,
                "macro avg": {
                    "precision": 0.27285714285714285,
                    "recall": 0.27606181397422563,
                    "f1-score": 0.27330223713029245,
                    "support": 304.0
                },
                "weighted avg": {
                    "precision": 0.2750825928457507,
                    "recall": 0.2730263157894737,
                    "f1-score": 0.2727570847014919,
                    "support": 304.0
                }
            },
            "auroc_per_class": {
                "class_0": 0.4938310069790628,
                "class_1": 0.5440518924365514,
                "class_2": 0.5227967097532314,